2025-10-29 09:02:01.918 +07:00 [INF] Request starting HTTP/2 GET https://localhost:44372/ - null null
2025-10-29 09:02:02.050 +07:00 [INF] Application started. Press Ctrl+C to shut down.
2025-10-29 09:02:02.050 +07:00 [INF] Hosting environment: Development
2025-10-29 09:02:02.050 +07:00 [INF] Content root path: D:\DUYHK\Project\2025\Fiingroup-website\6.FE\Portal2
2025-10-29 09:02:03.539 +07:00 [INF] Executed DbCommand (48ms) [Parameters=[@__slug_0='?' (Size = 4000), @__language_1='?' (Size = 10), @__baseSettings_Value_PortalId_2='?' (DbType = Int32)], CommandType='"Text"', CommandTimeout='30']
SELECT TOP(1) [l].[Id], [l].[Acction], [l].[Area], [l].[Changefreq], [l].[Controller], [l].[Delete], [l].[Description], [l].[FacebookBanner], [l].[FacebookDescription], [l].[FocusKeywords], [l].[GooglePlusDescription], [l].[IncludeSitemap], [l].[IsStatic], [l].[Keywords], [l].[Language], [l].[Lastmod], [l].[MetaRobotsAdvance], [l].[MetaRobotsFollow], [l].[MetaRobotsIndex], [l].[Name], [l].[ObjectId], [l].[Parrams], [l].[PortalId], [l].[Priority], [l].[Redirect301], [l].[Slug], [l].[Status], [l].[Title], [l].[Type]
FROM [Link] AS [l]
WHERE [l].[Slug] = @__slug_0 AND [l].[Language] = @__language_1 AND [l].[PortalId] = @__baseSettings_Value_PortalId_2
2025-10-29 09:02:03.645 +07:00 [INF] Route matched with {action = "Index", controller = "Home"}. Executing controller action with signature Microsoft.AspNetCore.Mvc.IActionResult Index(System.String, Int32) on controller PT.UI.Controllers.HomeController (PT.UI).
2025-10-29 09:02:03.705 +07:00 [INF] Executing ViewResult, running view Index.
2025-10-29 09:02:03.775 +07:00 [INF] Executed DbCommand (9ms) [Parameters=[@__code_0='?' (Size = 4000), @__language_1='?' (Size = 4000), @__portalId_2='?' (DbType = Int32)], CommandType='"Text"', CommandTimeout='30']
SELECT TOP(1) [b].[Id], [b].[ClassActive], [b].[Code], [b].[Content], [b].[Delete], [b].[Language], [b].[Name], [b].[PortalId], [b].[Status], [b].[Template], [b].[Type]
FROM [Banner] AS [b]
WHERE [b].[Code] = @__code_0 AND [b].[Delete] = CAST(0 AS bit) AND [b].[Language] = @__language_1 AND [b].[PortalId] = @__portalId_2 AND [b].[Type] = 0
2025-10-29 09:02:03.805 +07:00 [INF] Executed DbCommand (9ms) [Parameters=[@__code_0='?' (Size = 4000), @__language_1='?' (Size = 10), @__portalId_2='?' (DbType = Int32)], CommandType='"Text"', CommandTimeout='30']
SELECT TOP(1) [s].[Id], [s].[Code], [s].[Content], [s].[Data], [s].[Delete], [s].[Language], [s].[Name], [s].[ParentId], [s].[PortalId], [s].[Status]
FROM [StaticInformation] AS [s]
WHERE [s].[Code] = @__code_0 AND [s].[Delete] = CAST(0 AS bit) AND [s].[Language] = @__language_1 AND [s].[PortalId] = @__portalId_2
2025-10-29 09:02:03.827 +07:00 [INF] Executed DbCommand (8ms) [Parameters=[@__code_0='?' (Size = 4000), @__language_1='?' (Size = 4000), @__portalId_2='?' (DbType = Int32)], CommandType='"Text"', CommandTimeout='30']
SELECT TOP(1) [b].[Id], [b].[ClassActive], [b].[Code], [b].[Content], [b].[Delete], [b].[Language], [b].[Name], [b].[PortalId], [b].[Status], [b].[Template], [b].[Type]
FROM [Banner] AS [b]
WHERE [b].[Code] = @__code_0 AND [b].[Delete] = CAST(0 AS bit) AND [b].[Language] = @__language_1 AND [b].[PortalId] = @__portalId_2 AND [b].[Type] = 1
2025-10-29 09:02:03.844 +07:00 [INF] Executed DbCommand (10ms) [Parameters=[@__code_0='?' (Size = 4000), @__language_1='?' (Size = 10), @__portalId_2='?' (DbType = Int32)], CommandType='"Text"', CommandTimeout='30']
SELECT TOP(1) [s].[Id], [s].[Code], [s].[Content], [s].[Data], [s].[Delete], [s].[Language], [s].[Name], [s].[ParentId], [s].[PortalId], [s].[Status]
FROM [StaticInformation] AS [s]
WHERE [s].[Code] = @__code_0 AND [s].[Delete] = CAST(0 AS bit) AND [s].[Language] = @__language_1 AND [s].[PortalId] = @__portalId_2
2025-10-29 09:02:03.857 +07:00 [INF] Executed DbCommand (8ms) [Parameters=[@__code_0='?' (Size = 4000), @__language_1='?' (Size = 4000), @__portalId_2='?' (DbType = Int32)], CommandType='"Text"', CommandTimeout='30']
SELECT TOP(1) [b].[Id], [b].[ClassActive], [b].[Code], [b].[Content], [b].[Delete], [b].[Language], [b].[Name], [b].[PortalId], [b].[Status], [b].[Template], [b].[Type]
FROM [Banner] AS [b]
WHERE [b].[Code] = @__code_0 AND [b].[Delete] = CAST(0 AS bit) AND [b].[Language] = @__language_1 AND [b].[PortalId] = @__portalId_2 AND [b].[Type] = 0
2025-10-29 09:02:03.869 +07:00 [INF] Executed DbCommand (9ms) [Parameters=[@__code_0='?' (Size = 4000), @__language_1='?' (Size = 4000), @__portalId_2='?' (DbType = Int32)], CommandType='"Text"', CommandTimeout='30']
SELECT TOP(1) [b].[Id], [b].[ClassActive], [b].[Code], [b].[Content], [b].[Delete], [b].[Language], [b].[Name], [b].[PortalId], [b].[Status], [b].[Template], [b].[Type]
FROM [Banner] AS [b]
WHERE [b].[Code] = @__code_0 AND [b].[Delete] = CAST(0 AS bit) AND [b].[Language] = @__language_1 AND [b].[PortalId] = @__portalId_2 AND [b].[Type] = 0
2025-10-29 09:02:03.900 +07:00 [INF] Executed DbCommand (7ms) [Parameters=[@__code_0='?' (Size = 4000), @__language_1='?' (Size = 4000), @__portalId_2='?' (DbType = Int32)], CommandType='"Text"', CommandTimeout='30']
SELECT TOP(1) [b].[Id], [b].[ClassActive], [b].[Code], [b].[Content], [b].[Delete], [b].[Language], [b].[Name], [b].[PortalId], [b].[Status], [b].[Template], [b].[Type]
FROM [Banner] AS [b]
WHERE [b].[Code] = @__code_0 AND [b].[Delete] = CAST(0 AS bit) AND [b].[Language] = @__language_1 AND [b].[PortalId] = @__portalId_2 AND [b].[Type] = 1
2025-10-29 09:02:03.939 +07:00 [INF] Executed DbCommand (8ms) [Parameters=[@__code_0='?' (Size = 4000), @__language_1='?' (Size = 10), @__portalId_2='?' (DbType = Int32)], CommandType='"Text"', CommandTimeout='30']
SELECT TOP(1) [s].[Id], [s].[Code], [s].[Content], [s].[Data], [s].[Delete], [s].[Language], [s].[Name], [s].[ParentId], [s].[PortalId], [s].[Status]
FROM [StaticInformation] AS [s]
WHERE [s].[Code] = @__code_0 AND [s].[Delete] = CAST(0 AS bit) AND [s].[Language] = @__language_1 AND [s].[PortalId] = @__portalId_2
2025-10-29 09:02:03.956 +07:00 [INF] Executed DbCommand (8ms) [Parameters=[@__code_0='?' (Size = 4000), @__language_1='?' (Size = 4000), @__portalId_2='?' (DbType = Int32)], CommandType='"Text"', CommandTimeout='30']
SELECT TOP(1) [m].[Id], [m].[Code], [m].[Content], [m].[Delete], [m].[HasChildrentClass1], [m].[HasChildrentClass2], [m].[HasChildrentClass3], [m].[Language], [m].[Name], [m].[PortalId], [m].[Status], [m].[Template], [m].[Template1], [m].[Template2], [m].[Template3]
FROM [Menu] AS [m]
WHERE [m].[Code] = @__code_0 AND [m].[Delete] = CAST(0 AS bit) AND [m].[Language] = @__language_1 AND [m].[PortalId] = @__portalId_2
2025-10-29 09:02:03.970 +07:00 [INF] Executed DbCommand (8ms) [Parameters=[@__code_0='?' (Size = 4000), @__language_1='?' (Size = 10), @__portalId_2='?' (DbType = Int32)], CommandType='"Text"', CommandTimeout='30']
SELECT TOP(1) [s].[Id], [s].[Code], [s].[Content], [s].[Data], [s].[Delete], [s].[Language], [s].[Name], [s].[ParentId], [s].[PortalId], [s].[Status]
FROM [StaticInformation] AS [s]
WHERE [s].[Code] = @__code_0 AND [s].[Delete] = CAST(0 AS bit) AND [s].[Language] = @__language_1 AND [s].[PortalId] = @__portalId_2
2025-10-29 09:02:03.982 +07:00 [INF] Executed DbCommand (8ms) [Parameters=[@__code_0='?' (Size = 4000), @__language_1='?' (Size = 10), @__portalId_2='?' (DbType = Int32)], CommandType='"Text"', CommandTimeout='30']
SELECT TOP(1) [s].[Id], [s].[Code], [s].[Content], [s].[Data], [s].[Delete], [s].[Language], [s].[Name], [s].[ParentId], [s].[PortalId], [s].[Status]
FROM [StaticInformation] AS [s]
WHERE [s].[Code] = @__code_0 AND [s].[Delete] = CAST(0 AS bit) AND [s].[Language] = @__language_1 AND [s].[PortalId] = @__portalId_2
2025-10-29 09:02:03.996 +07:00 [INF] Executed DbCommand (8ms) [Parameters=[@__code_0='?' (Size = 4000), @__language_1='?' (Size = 4000), @__portalId_2='?' (DbType = Int32)], CommandType='"Text"', CommandTimeout='30']
SELECT TOP(1) [m].[Id], [m].[Code], [m].[Content], [m].[Delete], [m].[HasChildrentClass1], [m].[HasChildrentClass2], [m].[HasChildrentClass3], [m].[Language], [m].[Name], [m].[PortalId], [m].[Status], [m].[Template], [m].[Template1], [m].[Template2], [m].[Template3]
FROM [Menu] AS [m]
WHERE [m].[Code] = @__code_0 AND [m].[Delete] = CAST(0 AS bit) AND [m].[Language] = @__language_1 AND [m].[PortalId] = @__portalId_2
2025-10-29 09:02:04.062 +07:00 [INF] Executed ViewResult - view Index executed in 364.8714ms.
2025-10-29 09:02:04.066 +07:00 [INF] Executed action PT.UI.Controllers.HomeController.Index (PT.UI) in 420.1588ms
2025-10-29 09:02:04.083 +07:00 [INF] Request finished HTTP/2 GET https://localhost:44372/ - 200 null text/html; charset=utf-8 2180.9265ms
2025-10-29 09:02:04.160 +07:00 [INF] Request starting HTTP/2 GET https://localhost:44372/_framework/aspnetcore-browser-refresh.js - null null
2025-10-29 09:02:04.163 +07:00 [INF] Request finished HTTP/2 GET https://localhost:44372/_framework/aspnetcore-browser-refresh.js - 200 16495 application/javascript; charset=utf-8 2.7247ms
2025-10-29 09:02:04.222 +07:00 [INF] Request starting HTTP/2 GET https://localhost:44372/_vs/browserLink - null null
2025-10-29 09:02:04.227 +07:00 [INF] Request starting HTTP/2 GET https://localhost:44372/assets/Data/bgvideo.jpg - null null
2025-10-29 09:02:04.235 +07:00 [INF] Request starting HTTP/2 GET https://localhost:44372/assets/Data/bghotro.png - null null
2025-10-29 09:02:04.270 +07:00 [INF] Request starting HTTP/2 GET https://localhost:44372/assets/Data/bgour.png - null null
2025-10-29 09:02:04.273 +07:00 [INF] Request finished HTTP/2 GET https://localhost:44372/assets/Data/bghotro.png - 404 null null 37.9442ms
2025-10-29 09:02:04.273 +07:00 [INF] Request finished HTTP/2 GET https://localhost:44372/assets/Data/bgvideo.jpg - 404 null null 45.6725ms
2025-10-29 09:02:04.273 +07:00 [INF] Request finished HTTP/2 GET https://localhost:44372/assets/Data/bgour.png - 404 null null 6.3918ms
2025-10-29 09:02:04.274 +07:00 [INF] Request reached the end of the middleware pipeline without being handled by application code. Request path: GET https://localhost:44372/assets/Data/bghotro.png, Response status code: 404
2025-10-29 09:02:04.274 +07:00 [INF] Request reached the end of the middleware pipeline without being handled by application code. Request path: GET https://localhost:44372/assets/Data/bgvideo.jpg, Response status code: 404
2025-10-29 09:02:04.274 +07:00 [INF] Request reached the end of the middleware pipeline without being handled by application code. Request path: GET https://localhost:44372/assets/Data/bgour.png, Response status code: 404
2025-10-29 09:02:04.320 +07:00 [INF] Request finished HTTP/2 GET https://localhost:44372/_vs/browserLink - 200 null text/javascript; charset=UTF-8 98.791ms
2025-10-29 09:02:04.891 +07:00 [INF] Request starting HTTP/2 GET https://localhost:44372/favicon.ico - null null
2025-10-29 09:02:04.893 +07:00 [INF] Request finished HTTP/2 GET https://localhost:44372/favicon.ico - 404 null null 2.0049ms
2025-10-29 09:02:04.893 +07:00 [INF] Request reached the end of the middleware pipeline without being handled by application code. Request path: GET https://localhost:44372/favicon.ico, Response status code: 404
2025-10-29 09:02:04.907 +07:00 [INF] Request starting HTTP/2 GET https://localhost:44372/assets/img/logo/favicon.png - null null
2025-10-29 09:02:04.908 +07:00 [INF] Request finished HTTP/2 GET https://localhost:44372/assets/img/logo/favicon.png - 404 null null 1.7194ms
2025-10-29 09:02:04.909 +07:00 [INF] Request reached the end of the middleware pipeline without being handled by application code. Request path: GET https://localhost:44372/assets/img/logo/favicon.png, Response status code: 404
2025-10-29 14:05:09.102 +07:00 [INF] Request starting HTTP/2 GET https://localhost:44372/ - null null
2025-10-29 14:05:09.212 +07:00 [INF] Application started. Press Ctrl+C to shut down.
2025-10-29 14:05:09.213 +07:00 [INF] Hosting environment: Development
2025-10-29 14:05:09.213 +07:00 [INF] Content root path: D:\DUYHK\Project\2025\Fiingroup-website\6.FE\Portal2
2025-10-29 14:05:10.713 +07:00 [INF] Executed DbCommand (46ms) [Parameters=[@__slug_0='?' (Size = 4000), @__language_1='?' (Size = 10), @__baseSettings_Value_PortalId_2='?' (DbType = Int32)], CommandType='"Text"', CommandTimeout='30']
SELECT TOP(1) [l].[Id], [l].[Acction], [l].[Area], [l].[Changefreq], [l].[Controller], [l].[Delete], [l].[Description], [l].[FacebookBanner], [l].[FacebookDescription], [l].[FocusKeywords], [l].[GooglePlusDescription], [l].[IncludeSitemap], [l].[IsStatic], [l].[Keywords], [l].[Language], [l].[Lastmod], [l].[MetaRobotsAdvance], [l].[MetaRobotsFollow], [l].[MetaRobotsIndex], [l].[Name], [l].[ObjectId], [l].[Parrams], [l].[PortalId], [l].[Priority], [l].[Redirect301], [l].[Slug], [l].[Status], [l].[Title], [l].[Type]
FROM [Link] AS [l]
WHERE [l].[Slug] = @__slug_0 AND [l].[Language] = @__language_1 AND [l].[PortalId] = @__baseSettings_Value_PortalId_2
2025-10-29 14:05:10.818 +07:00 [INF] Route matched with {action = "Index", controller = "Home"}. Executing controller action with signature Microsoft.AspNetCore.Mvc.IActionResult Index(System.String, Int32) on controller PT.UI.Controllers.HomeController (PT.UI).
2025-10-29 14:05:10.877 +07:00 [INF] Executing ViewResult, running view Index.
2025-10-29 14:05:10.942 +07:00 [INF] Executed DbCommand (9ms) [Parameters=[@__code_0='?' (Size = 4000), @__language_1='?' (Size = 4000), @__portalId_2='?' (DbType = Int32)], CommandType='"Text"', CommandTimeout='30']
SELECT TOP(1) [b].[Id], [b].[ClassActive], [b].[Code], [b].[Content], [b].[Delete], [b].[Language], [b].[Name], [b].[PortalId], [b].[Status], [b].[Template], [b].[Type]
FROM [Banner] AS [b]
WHERE [b].[Code] = @__code_0 AND [b].[Delete] = CAST(0 AS bit) AND [b].[Language] = @__language_1 AND [b].[PortalId] = @__portalId_2 AND [b].[Type] = 0
2025-10-29 14:05:10.974 +07:00 [INF] Executed DbCommand (8ms) [Parameters=[@__code_0='?' (Size = 4000), @__language_1='?' (Size = 10), @__portalId_2='?' (DbType = Int32)], CommandType='"Text"', CommandTimeout='30']
SELECT TOP(1) [s].[Id], [s].[Code], [s].[Content], [s].[Data], [s].[Delete], [s].[Language], [s].[Name], [s].[ParentId], [s].[PortalId], [s].[Status]
FROM [StaticInformation] AS [s]
WHERE [s].[Code] = @__code_0 AND [s].[Delete] = CAST(0 AS bit) AND [s].[Language] = @__language_1 AND [s].[PortalId] = @__portalId_2
2025-10-29 14:05:10.999 +07:00 [INF] Executed DbCommand (8ms) [Parameters=[@__code_0='?' (Size = 4000), @__language_1='?' (Size = 4000), @__portalId_2='?' (DbType = Int32)], CommandType='"Text"', CommandTimeout='30']
SELECT TOP(1) [b].[Id], [b].[ClassActive], [b].[Code], [b].[Content], [b].[Delete], [b].[Language], [b].[Name], [b].[PortalId], [b].[Status], [b].[Template], [b].[Type]
FROM [Banner] AS [b]
WHERE [b].[Code] = @__code_0 AND [b].[Delete] = CAST(0 AS bit) AND [b].[Language] = @__language_1 AND [b].[PortalId] = @__portalId_2 AND [b].[Type] = 1
2025-10-29 14:05:11.014 +07:00 [INF] Executed DbCommand (8ms) [Parameters=[@__code_0='?' (Size = 4000), @__language_1='?' (Size = 10), @__portalId_2='?' (DbType = Int32)], CommandType='"Text"', CommandTimeout='30']
SELECT TOP(1) [s].[Id], [s].[Code], [s].[Content], [s].[Data], [s].[Delete], [s].[Language], [s].[Name], [s].[ParentId], [s].[PortalId], [s].[Status]
FROM [StaticInformation] AS [s]
WHERE [s].[Code] = @__code_0 AND [s].[Delete] = CAST(0 AS bit) AND [s].[Language] = @__language_1 AND [s].[PortalId] = @__portalId_2
2025-10-29 14:05:11.027 +07:00 [INF] Executed DbCommand (7ms) [Parameters=[@__code_0='?' (Size = 4000), @__language_1='?' (Size = 4000), @__portalId_2='?' (DbType = Int32)], CommandType='"Text"', CommandTimeout='30']
SELECT TOP(1) [b].[Id], [b].[ClassActive], [b].[Code], [b].[Content], [b].[Delete], [b].[Language], [b].[Name], [b].[PortalId], [b].[Status], [b].[Template], [b].[Type]
FROM [Banner] AS [b]
WHERE [b].[Code] = @__code_0 AND [b].[Delete] = CAST(0 AS bit) AND [b].[Language] = @__language_1 AND [b].[PortalId] = @__portalId_2 AND [b].[Type] = 0
2025-10-29 14:05:11.039 +07:00 [INF] Executed DbCommand (8ms) [Parameters=[@__code_0='?' (Size = 4000), @__language_1='?' (Size = 4000), @__portalId_2='?' (DbType = Int32)], CommandType='"Text"', CommandTimeout='30']
SELECT TOP(1) [b].[Id], [b].[ClassActive], [b].[Code], [b].[Content], [b].[Delete], [b].[Language], [b].[Name], [b].[PortalId], [b].[Status], [b].[Template], [b].[Type]
FROM [Banner] AS [b]
WHERE [b].[Code] = @__code_0 AND [b].[Delete] = CAST(0 AS bit) AND [b].[Language] = @__language_1 AND [b].[PortalId] = @__portalId_2 AND [b].[Type] = 0
2025-10-29 14:05:11.071 +07:00 [INF] Executed DbCommand (8ms) [Parameters=[@__code_0='?' (Size = 4000), @__language_1='?' (Size = 4000), @__portalId_2='?' (DbType = Int32)], CommandType='"Text"', CommandTimeout='30']
SELECT TOP(1) [b].[Id], [b].[ClassActive], [b].[Code], [b].[Content], [b].[Delete], [b].[Language], [b].[Name], [b].[PortalId], [b].[Status], [b].[Template], [b].[Type]
FROM [Banner] AS [b]
WHERE [b].[Code] = @__code_0 AND [b].[Delete] = CAST(0 AS bit) AND [b].[Language] = @__language_1 AND [b].[PortalId] = @__portalId_2 AND [b].[Type] = 1
2025-10-29 14:05:11.111 +07:00 [INF] Executed DbCommand (8ms) [Parameters=[@__code_0='?' (Size = 4000), @__language_1='?' (Size = 10), @__portalId_2='?' (DbType = Int32)], CommandType='"Text"', CommandTimeout='30']
SELECT TOP(1) [s].[Id], [s].[Code], [s].[Content], [s].[Data], [s].[Delete], [s].[Language], [s].[Name], [s].[ParentId], [s].[PortalId], [s].[Status]
FROM [StaticInformation] AS [s]
WHERE [s].[Code] = @__code_0 AND [s].[Delete] = CAST(0 AS bit) AND [s].[Language] = @__language_1 AND [s].[PortalId] = @__portalId_2
2025-10-29 14:05:11.129 +07:00 [INF] Executed DbCommand (8ms) [Parameters=[@__code_0='?' (Size = 4000), @__language_1='?' (Size = 4000), @__portalId_2='?' (DbType = Int32)], CommandType='"Text"', CommandTimeout='30']
SELECT TOP(1) [m].[Id], [m].[Code], [m].[Content], [m].[Delete], [m].[HasChildrentClass1], [m].[HasChildrentClass2], [m].[HasChildrentClass3], [m].[Language], [m].[Name], [m].[PortalId], [m].[Status], [m].[Template], [m].[Template1], [m].[Template2], [m].[Template3]
FROM [Menu] AS [m]
WHERE [m].[Code] = @__code_0 AND [m].[Delete] = CAST(0 AS bit) AND [m].[Language] = @__language_1 AND [m].[PortalId] = @__portalId_2
2025-10-29 14:05:11.142 +07:00 [INF] Executed DbCommand (8ms) [Parameters=[@__code_0='?' (Size = 4000), @__language_1='?' (Size = 10), @__portalId_2='?' (DbType = Int32)], CommandType='"Text"', CommandTimeout='30']
SELECT TOP(1) [s].[Id], [s].[Code], [s].[Content], [s].[Data], [s].[Delete], [s].[Language], [s].[Name], [s].[ParentId], [s].[PortalId], [s].[Status]
FROM [StaticInformation] AS [s]
WHERE [s].[Code] = @__code_0 AND [s].[Delete] = CAST(0 AS bit) AND [s].[Language] = @__language_1 AND [s].[PortalId] = @__portalId_2
2025-10-29 14:05:11.154 +07:00 [INF] Executed DbCommand (7ms) [Parameters=[@__code_0='?' (Size = 4000), @__language_1='?' (Size = 10), @__portalId_2='?' (DbType = Int32)], CommandType='"Text"', CommandTimeout='30']
SELECT TOP(1) [s].[Id], [s].[Code], [s].[Content], [s].[Data], [s].[Delete], [s].[Language], [s].[Name], [s].[ParentId], [s].[PortalId], [s].[Status]
FROM [StaticInformation] AS [s]
WHERE [s].[Code] = @__code_0 AND [s].[Delete] = CAST(0 AS bit) AND [s].[Language] = @__language_1 AND [s].[PortalId] = @__portalId_2
2025-10-29 14:05:11.166 +07:00 [INF] Executed DbCommand (7ms) [Parameters=[@__code_0='?' (Size = 4000), @__language_1='?' (Size = 4000), @__portalId_2='?' (DbType = Int32)], CommandType='"Text"', CommandTimeout='30']
SELECT TOP(1) [m].[Id], [m].[Code], [m].[Content], [m].[Delete], [m].[HasChildrentClass1], [m].[HasChildrentClass2], [m].[HasChildrentClass3], [m].[Language], [m].[Name], [m].[PortalId], [m].[Status], [m].[Template], [m].[Template1], [m].[Template2], [m].[Template3]
FROM [Menu] AS [m]
WHERE [m].[Code] = @__code_0 AND [m].[Delete] = CAST(0 AS bit) AND [m].[Language] = @__language_1 AND [m].[PortalId] = @__portalId_2
2025-10-29 14:05:11.226 +07:00 [INF] Executed ViewResult - view Index executed in 357.1194ms.
2025-10-29 14:05:11.229 +07:00 [INF] Executed action PT.UI.Controllers.HomeController.Index (PT.UI) in 410.409ms
2025-10-29 14:05:11.263 +07:00 [INF] Request finished HTTP/2 GET https://localhost:44372/ - 200 null text/html; charset=utf-8 2176.5354ms
2025-10-29 14:05:11.293 +07:00 [INF] Request starting HTTP/2 GET https://localhost:44372/_framework/aspnetcore-browser-refresh.js - null null
2025-10-29 14:05:11.295 +07:00 [INF] Request finished HTTP/2 GET https://localhost:44372/_framework/aspnetcore-browser-refresh.js - 200 16495 application/javascript; charset=utf-8 2.1271ms
2025-10-29 14:05:11.326 +07:00 [INF] Request starting HTTP/2 GET https://localhost:44372/_vs/browserLink - null null
2025-10-29 14:05:11.328 +07:00 [INF] Request starting HTTP/2 GET https://localhost:44372/assets/Data/bgvideo.jpg - null null
2025-10-29 14:05:11.337 +07:00 [INF] Request starting HTTP/2 GET https://localhost:44372/assets/Data/bgour.png - null null
2025-10-29 14:05:11.337 +07:00 [INF] Request starting HTTP/2 GET https://localhost:44372/assets/Data/bghotro.png - null null
2025-10-29 14:05:11.375 +07:00 [INF] Request finished HTTP/2 GET https://localhost:44372/assets/Data/bgvideo.jpg - 404 null null 47.1495ms
2025-10-29 14:05:11.376 +07:00 [INF] Request reached the end of the middleware pipeline without being handled by application code. Request path: GET https://localhost:44372/assets/Data/bgvideo.jpg, Response status code: 404
2025-10-29 14:05:11.378 +07:00 [INF] Request finished HTTP/2 GET https://localhost:44372/assets/Data/bgour.png - 404 null null 40.447ms
2025-10-29 14:05:11.378 +07:00 [INF] Request finished HTTP/2 GET https://localhost:44372/assets/Data/bghotro.png - 404 null null 40.4477ms
2025-10-29 14:05:11.378 +07:00 [INF] Request reached the end of the middleware pipeline without being handled by application code. Request path: GET https://localhost:44372/assets/Data/bghotro.png, Response status code: 404
2025-10-29 14:05:11.378 +07:00 [INF] Request reached the end of the middleware pipeline without being handled by application code. Request path: GET https://localhost:44372/assets/Data/bgour.png, Response status code: 404
2025-10-29 14:05:11.415 +07:00 [INF] Request finished HTTP/2 GET https://localhost:44372/_vs/browserLink - 200 null text/javascript; charset=UTF-8 88.6605ms
2025-10-29 14:05:16.450 +07:00 [INF] Request starting HTTP/2 GET https://localhost:44372/.well-known/appspecific/com.chrome.devtools.json - null null
2025-10-29 14:05:16.452 +07:00 [INF] Request finished HTTP/2 GET https://localhost:44372/.well-known/appspecific/com.chrome.devtools.json - 404 null null 1.8844ms
2025-10-29 14:05:16.452 +07:00 [INF] Request reached the end of the middleware pipeline without being handled by application code. Request path: GET https://localhost:44372/.well-known/appspecific/com.chrome.devtools.json, Response status code: 404
2025-10-29 14:05:18.755 +07:00 [INF] Request starting HTTP/2 GET https://localhost:44372/ - null null
2025-10-29 14:05:18.764 +07:00 [INF] Route matched with {action = "Index", controller = "Home"}. Executing controller action with signature Microsoft.AspNetCore.Mvc.IActionResult Index(System.String, Int32) on controller PT.UI.Controllers.HomeController (PT.UI).
2025-10-29 14:05:18.766 +07:00 [INF] Executing ViewResult, running view Index.
2025-10-29 14:05:18.776 +07:00 [INF] Executed ViewResult - view Index executed in 10.9517ms.
2025-10-29 14:05:18.777 +07:00 [INF] Executed action PT.UI.Controllers.HomeController.Index (PT.UI) in 12.7946ms
2025-10-29 14:05:18.779 +07:00 [INF] Request finished HTTP/2 GET https://localhost:44372/ - 200 null text/html; charset=utf-8 24.2494ms
2025-10-29 14:05:18.818 +07:00 [INF] Request starting HTTP/2 GET https://localhost:44372/.well-known/appspecific/com.chrome.devtools.json - null null
2025-10-29 14:05:18.819 +07:00 [INF] Request finished HTTP/2 GET https://localhost:44372/.well-known/appspecific/com.chrome.devtools.json - 404 null null 1.2662ms
2025-10-29 14:05:18.819 +07:00 [INF] Request reached the end of the middleware pipeline without being handled by application code. Request path: GET https://localhost:44372/.well-known/appspecific/com.chrome.devtools.json, Response status code: 404
2025-10-29 14:05:18.832 +07:00 [INF] Request starting HTTP/2 GET https://localhost:44372/assets/css/fonts/font-awesome/4.7.0/css/font-awesome.min.css - null null
2025-10-29 14:05:18.833 +07:00 [INF] Request starting HTTP/2 GET https://localhost:44372/assets/lib/OwlCarousel2-2.3.4/dist/assets/owl.carousel.min.css - null null
2025-10-29 14:05:18.836 +07:00 [INF] Request starting HTTP/2 GET https://localhost:44372/assets/css/style.css - null null
2025-10-29 14:05:18.832 +07:00 [INF] Request starting HTTP/2 GET https://localhost:44372/assets/lib/bootstrap-5.2.2-dist/css/bootstrap.min.css - null null
2025-10-29 14:05:18.833 +07:00 [INF] Request starting HTTP/2 GET https://localhost:44372/assets/lib/OwlCarousel2-2.3.4/dist/assets/owl.theme.default.min.css - null null
2025-10-29 14:05:18.873 +07:00 [INF] Request starting HTTP/2 GET https://localhost:44372/Data/vi.png - null null
2025-10-29 14:05:18.878 +07:00 [INF] Request starting HTTP/2 GET https://localhost:44372/assets/js/jquery.min.js - null null
2025-10-29 14:05:18.882 +07:00 [INF] Request starting HTTP/2 GET https://localhost:44372/assets/css/custom.css - null null
2025-10-29 14:05:18.921 +07:00 [INF] Request starting HTTP/2 GET https://localhost:44372/assets/lib/fancybox/dist/jquery.fancybox.min.css - null null
2025-10-29 14:05:18.921 +07:00 [INF] Request starting HTTP/2 GET https://localhost:44372/Data/en.svg - null null
2025-10-29 14:05:18.954 +07:00 [INF] Sending file. Request path: '/assets/css/fonts/font-awesome/4.7.0/css/font-awesome.min.css'. Physical path: 'D:\DUYHK\Project\2025\Fiingroup-website\6.FE\Portal2\wwwroot\assets\css\fonts\font-awesome\4.7.0\css\font-awesome.min.css'
2025-10-29 14:05:18.954 +07:00 [INF] Sending file. Request path: '/Data/en.svg'. Physical path: 'D:\DUYHK\Project\2025\Fiingroup-website\6.FE\Portal2\wwwroot\Data\en.svg'
2025-10-29 14:05:18.954 +07:00 [INF] Sending file. Request path: '/assets/css/style.css'. Physical path: 'D:\DUYHK\Project\2025\Fiingroup-website\6.FE\Portal2\wwwroot\assets\css\style.css'
2025-10-29 14:05:18.954 +07:00 [INF] Sending file. Request path: '/Data/vi.png'. Physical path: 'D:\DUYHK\Project\2025\Fiingroup-website\6.FE\Portal2\wwwroot\Data\vi.png'
2025-10-29 14:05:18.955 +07:00 [INF] Sending file. Request path: '/assets/lib/fancybox/dist/jquery.fancybox.min.css'. Physical path: 'D:\DUYHK\Project\2025\Fiingroup-website\6.FE\Portal2\wwwroot\assets\lib\fancybox\dist\jquery.fancybox.min.css'
2025-10-29 14:05:18.955 +07:00 [INF] Sending file. Request path: '/assets/js/jquery.min.js'. Physical path: 'D:\DUYHK\Project\2025\Fiingroup-website\6.FE\Portal2\wwwroot\assets\js\jquery.min.js'
2025-10-29 14:05:18.954 +07:00 [INF] Sending file. Request path: '/assets/lib/bootstrap-5.2.2-dist/css/bootstrap.min.css'. Physical path: 'D:\DUYHK\Project\2025\Fiingroup-website\6.FE\Portal2\wwwroot\assets\lib\bootstrap-5.2.2-dist\css\bootstrap.min.css'
2025-10-29 14:05:18.955 +07:00 [INF] Sending file. Request path: '/assets/css/custom.css'. Physical path: 'D:\DUYHK\Project\2025\Fiingroup-website\6.FE\Portal2\wwwroot\assets\css\custom.css'
2025-10-29 14:05:18.954 +07:00 [INF] Sending file. Request path: '/assets/lib/OwlCarousel2-2.3.4/dist/assets/owl.theme.default.min.css'. Physical path: 'D:\DUYHK\Project\2025\Fiingroup-website\6.FE\Portal2\wwwroot\assets\lib\OwlCarousel2-2.3.4\dist\assets\owl.theme.default.min.css'
2025-10-29 14:05:18.955 +07:00 [INF] Sending file. Request path: '/assets/lib/OwlCarousel2-2.3.4/dist/assets/owl.carousel.min.css'. Physical path: 'D:\DUYHK\Project\2025\Fiingroup-website\6.FE\Portal2\wwwroot\assets\lib\OwlCarousel2-2.3.4\dist\assets\owl.carousel.min.css'
2025-10-29 14:05:18.955 +07:00 [INF] Request finished HTTP/2 GET https://localhost:44372/Data/vi.png - 200 381 image/png 81.5189ms
2025-10-29 14:05:18.956 +07:00 [INF] Request finished HTTP/2 GET https://localhost:44372/Data/en.svg - 200 null image/svg+xml 35.3048ms
2025-10-29 14:05:18.956 +07:00 [INF] Request finished HTTP/2 GET https://localhost:44372/assets/lib/OwlCarousel2-2.3.4/dist/assets/owl.carousel.min.css - 200 null text/css 123.6497ms
2025-10-29 14:05:18.956 +07:00 [INF] Request finished HTTP/2 GET https://localhost:44372/assets/lib/OwlCarousel2-2.3.4/dist/assets/owl.theme.default.min.css - 200 null text/css 123.6544ms
2025-10-29 14:05:18.962 +07:00 [INF] Request finished HTTP/2 GET https://localhost:44372/assets/lib/fancybox/dist/jquery.fancybox.min.css - 200 null text/css 40.667ms
2025-10-29 14:05:18.962 +07:00 [INF] Request finished HTTP/2 GET https://localhost:44372/assets/css/custom.css - 200 null text/css 76.9956ms
2025-10-29 14:05:18.960 +07:00 [INF] Request finished HTTP/2 GET https://localhost:44372/assets/css/style.css - 200 null text/css 126.5927ms
2025-10-29 14:05:18.966 +07:00 [INF] Request finished HTTP/2 GET https://localhost:44372/assets/lib/bootstrap-5.2.2-dist/css/bootstrap.min.css - 200 null text/css 137.3031ms
2025-10-29 14:05:18.966 +07:00 [INF] Request finished HTTP/2 GET https://localhost:44372/assets/js/jquery.min.js - 200 93100 text/javascript 88.0502ms
2025-10-29 14:05:18.962 +07:00 [INF] Request finished HTTP/2 GET https://localhost:44372/assets/css/fonts/font-awesome/4.7.0/css/font-awesome.min.css - 200 null text/css 130.7319ms
2025-10-29 14:05:18.966 +07:00 [INF] Request starting HTTP/2 GET https://localhost:44372/Data/why1.png - null null
2025-10-29 14:05:18.966 +07:00 [INF] Request starting HTTP/2 GET https://localhost:44372/Data/banner.png - null null
2025-10-29 14:05:18.967 +07:00 [INF] Sending file. Request path: '/Data/why1.png'. Physical path: 'D:\DUYHK\Project\2025\Fiingroup-website\6.FE\Portal2\wwwroot\Data\why1.png'
2025-10-29 14:05:18.967 +07:00 [INF] Request finished HTTP/2 GET https://localhost:44372/Data/why1.png - 200 14212 image/png 0.8766ms
2025-10-29 14:05:19.001 +07:00 [INF] Request starting HTTP/2 GET https://localhost:44372/Data/why2.png - null null
2025-10-29 14:05:19.001 +07:00 [INF] Sending file. Request path: '/Data/why2.png'. Physical path: 'D:\DUYHK\Project\2025\Fiingroup-website\6.FE\Portal2\wwwroot\Data\why2.png'
2025-10-29 14:05:19.001 +07:00 [INF] Request finished HTTP/2 GET https://localhost:44372/Data/why2.png - 200 11775 image/png 0.948ms
2025-10-29 14:05:19.005 +07:00 [INF] Sending file. Request path: '/Data/banner.png'. Physical path: 'D:\DUYHK\Project\2025\Fiingroup-website\6.FE\Portal2\wwwroot\Data\banner.png'
2025-10-29 14:05:19.017 +07:00 [INF] Request finished HTTP/2 GET https://localhost:44372/Data/banner.png - 200 717328 image/png 50.0788ms
2025-10-29 14:05:19.022 +07:00 [INF] Request starting HTTP/2 GET https://localhost:44372/assets/lib/bootstrap-5.2.2-dist/js/bootstrap.bundle.min.js - null null
2025-10-29 14:05:19.023 +07:00 [INF] Sending file. Request path: '/assets/lib/bootstrap-5.2.2-dist/js/bootstrap.bundle.min.js'. Physical path: 'D:\DUYHK\Project\2025\Fiingroup-website\6.FE\Portal2\wwwroot\assets\lib\bootstrap-5.2.2-dist\js\bootstrap.bundle.min.js'
2025-10-29 14:05:19.025 +07:00 [INF] Request finished HTTP/2 GET https://localhost:44372/assets/lib/bootstrap-5.2.2-dist/js/bootstrap.bundle.min.js - 200 80502 text/javascript 3.7314ms
2025-10-29 14:05:19.030 +07:00 [INF] Request starting HTTP/2 GET https://localhost:44372/assets/js/bootstrap.js?v=5.5.9 - null null
2025-10-29 14:05:19.031 +07:00 [INF] Request starting HTTP/2 GET https://localhost:44372/assets/js/owl.carousel.min.js?v=5.5.9 - null null
2025-10-29 14:05:19.032 +07:00 [INF] Sending file. Request path: '/assets/js/bootstrap.js'. Physical path: 'D:\DUYHK\Project\2025\Fiingroup-website\6.FE\Portal2\wwwroot\assets\js\bootstrap.js'
2025-10-29 14:05:19.032 +07:00 [INF] Sending file. Request path: '/assets/js/owl.carousel.min.js'. Physical path: 'D:\DUYHK\Project\2025\Fiingroup-website\6.FE\Portal2\wwwroot\assets\js\owl.carousel.min.js'
2025-10-29 14:05:19.032 +07:00 [INF] Request starting HTTP/2 GET https://localhost:44372/assets/js/site.js?v=1.0 - null null
2025-10-29 14:05:19.033 +07:00 [INF] Request finished HTTP/2 GET https://localhost:44372/assets/js/bootstrap.js?v=5.5.9 - 200 27674 text/javascript 2.1928ms
2025-10-29 14:05:19.033 +07:00 [INF] Request finished HTTP/2 GET https://localhost:44372/assets/js/owl.carousel.min.js?v=5.5.9 - 200 42772 text/javascript 1.8867ms
2025-10-29 14:05:19.033 +07:00 [INF] Sending file. Request path: '/assets/js/site.js'. Physical path: 'D:\DUYHK\Project\2025\Fiingroup-website\6.FE\Portal2\wwwroot\assets\js\site.js'
2025-10-29 14:05:19.033 +07:00 [INF] Request finished HTTP/2 GET https://localhost:44372/assets/js/site.js?v=1.0 - 200 1676 text/javascript 1.0117ms
2025-10-29 14:05:19.034 +07:00 [INF] Request starting HTTP/2 GET https://localhost:44372/assets/js/waypoints.min.js - null null
2025-10-29 14:05:19.034 +07:00 [INF] Request starting HTTP/2 GET https://localhost:44372/assets/js/jquery.counterup.min.js - null null
2025-10-29 14:05:19.035 +07:00 [INF] Sending file. Request path: '/assets/js/jquery.counterup.min.js'. Physical path: 'D:\DUYHK\Project\2025\Fiingroup-website\6.FE\Portal2\wwwroot\assets\js\jquery.counterup.min.js'
2025-10-29 14:05:19.035 +07:00 [INF] Sending file. Request path: '/assets/js/waypoints.min.js'. Physical path: 'D:\DUYHK\Project\2025\Fiingroup-website\6.FE\Portal2\wwwroot\assets\js\waypoints.min.js'
2025-10-29 14:05:19.035 +07:00 [INF] Request finished HTTP/2 GET https://localhost:44372/assets/js/jquery.counterup.min.js - 200 1067 text/javascript 1.2506ms
2025-10-29 14:05:19.035 +07:00 [INF] Request finished HTTP/2 GET https://localhost:44372/assets/js/waypoints.min.js - 200 8044 text/javascript 1.3682ms
2025-10-29 14:05:19.036 +07:00 [INF] Request starting HTTP/2 GET https://localhost:44372/_framework/aspnetcore-browser-refresh.js - null null
2025-10-29 14:05:19.036 +07:00 [INF] Request starting HTTP/2 GET https://localhost:44372/assets/lib/fancybox/dist/jquery.fancybox.min.js - null null
2025-10-29 14:05:19.036 +07:00 [INF] Request starting HTTP/2 GET https://localhost:44372/Data/logo.svg - null null
2025-10-29 14:05:19.037 +07:00 [INF] Request finished HTTP/2 GET https://localhost:44372/_framework/aspnetcore-browser-refresh.js - 200 16495 application/javascript; charset=utf-8 0.811ms
2025-10-29 14:05:19.037 +07:00 [INF] Request starting HTTP/2 GET https://localhost:44372/Data/why3.png - null null
2025-10-29 14:05:19.037 +07:00 [INF] Request starting HTTP/2 GET https://localhost:44372/Data/why4.png - null null
2025-10-29 14:05:19.037 +07:00 [INF] Sending file. Request path: '/Data/logo.svg'. Physical path: 'D:\DUYHK\Project\2025\Fiingroup-website\6.FE\Portal2\wwwroot\Data\logo.svg'
2025-10-29 14:05:19.037 +07:00 [INF] Sending file. Request path: '/Data/why3.png'. Physical path: 'D:\DUYHK\Project\2025\Fiingroup-website\6.FE\Portal2\wwwroot\Data\why3.png'
2025-10-29 14:05:19.037 +07:00 [INF] Sending file. Request path: '/assets/lib/fancybox/dist/jquery.fancybox.min.js'. Physical path: 'D:\DUYHK\Project\2025\Fiingroup-website\6.FE\Portal2\wwwroot\assets\lib\fancybox\dist\jquery.fancybox.min.js'
2025-10-29 14:05:19.037 +07:00 [INF] Sending file. Request path: '/Data/why4.png'. Physical path: 'D:\DUYHK\Project\2025\Fiingroup-website\6.FE\Portal2\wwwroot\Data\why4.png'
2025-10-29 14:05:19.037 +07:00 [INF] Request finished HTTP/2 GET https://localhost:44372/Data/why3.png - 200 9778 image/png 0.7071ms
2025-10-29 14:05:19.037 +07:00 [INF] Request finished HTTP/2 GET https://localhost:44372/Data/why4.png - 200 10694 image/png 0.7097ms
2025-10-29 14:05:19.038 +07:00 [INF] Request starting HTTP/2 GET https://localhost:44372/Data/why5.png - null null
2025-10-29 14:05:19.039 +07:00 [INF] Sending file. Request path: '/Data/why5.png'. Physical path: 'D:\DUYHK\Project\2025\Fiingroup-website\6.FE\Portal2\wwwroot\Data\why5.png'
2025-10-29 14:05:19.039 +07:00 [INF] Request finished HTTP/2 GET https://localhost:44372/Data/why5.png - 200 11621 image/png 0.9257ms
2025-10-29 14:05:19.039 +07:00 [INF] Request starting HTTP/2 GET https://localhost:44372/Data/why6.png - null null
2025-10-29 14:05:19.040 +07:00 [INF] Request finished HTTP/2 GET https://localhost:44372/Data/logo.svg - 200 null image/svg+xml 4.0967ms
2025-10-29 14:05:19.040 +07:00 [INF] Request finished HTTP/2 GET https://localhost:44372/assets/lib/fancybox/dist/jquery.fancybox.min.js - 200 68265 text/javascript 4.2732ms
2025-10-29 14:05:19.040 +07:00 [INF] Sending file. Request path: '/Data/why6.png'. Physical path: 'D:\DUYHK\Project\2025\Fiingroup-website\6.FE\Portal2\wwwroot\Data\why6.png'
2025-10-29 14:05:19.040 +07:00 [INF] Request finished HTTP/2 GET https://localhost:44372/Data/why6.png - 200 12886 image/png 1.3731ms
2025-10-29 14:05:19.042 +07:00 [INF] Request starting HTTP/2 GET https://localhost:44372/Data/banner-hotro.jpg - null null
2025-10-29 14:05:19.046 +07:00 [INF] Request starting HTTP/2 GET https://localhost:44372/Data/hotro-01.png - null null
2025-10-29 14:05:19.046 +07:00 [INF] Request starting HTTP/2 GET https://localhost:44372/Data/iconht.svg - null null
2025-10-29 14:05:19.047 +07:00 [INF] Sending file. Request path: '/Data/iconht.svg'. Physical path: 'D:\DUYHK\Project\2025\Fiingroup-website\6.FE\Portal2\wwwroot\Data\iconht.svg'
2025-10-29 14:05:19.047 +07:00 [INF] Request finished HTTP/2 GET https://localhost:44372/Data/iconht.svg - 200 null image/svg+xml 1.0637ms
2025-10-29 14:05:19.047 +07:00 [INF] Request starting HTTP/2 GET https://localhost:44372/Data/hotro-02.png - null null
2025-10-29 14:05:19.048 +07:00 [INF] Request starting HTTP/2 GET https://localhost:44372/Data/hotro-03.png - null null
2025-10-29 14:05:19.050 +07:00 [INF] Request starting HTTP/2 GET https://localhost:44372/Data/hotro-04.png - null null
2025-10-29 14:05:19.051 +07:00 [INF] Request starting HTTP/2 GET https://localhost:44372/Data/partner1.png - null null
2025-10-29 14:05:19.051 +07:00 [INF] Request starting HTTP/2 GET https://localhost:44372/Data/partner2.png - null null
2025-10-29 14:05:19.051 +07:00 [INF] Request starting HTTP/2 GET https://localhost:44372/Data/partner3.png - null null
2025-10-29 14:05:19.052 +07:00 [INF] Sending file. Request path: '/Data/partner2.png'. Physical path: 'D:\DUYHK\Project\2025\Fiingroup-website\6.FE\Portal2\wwwroot\Data\partner2.png'
2025-10-29 14:05:19.052 +07:00 [INF] Sending file. Request path: '/Data/partner3.png'. Physical path: 'D:\DUYHK\Project\2025\Fiingroup-website\6.FE\Portal2\wwwroot\Data\partner3.png'
2025-10-29 14:05:19.052 +07:00 [INF] Request starting HTTP/2 GET https://localhost:44372/Data/partner4.png - null null
2025-10-29 14:05:19.053 +07:00 [INF] Sending file. Request path: '/Data/partner4.png'. Physical path: 'D:\DUYHK\Project\2025\Fiingroup-website\6.FE\Portal2\wwwroot\Data\partner4.png'
2025-10-29 14:05:19.053 +07:00 [INF] Request starting HTTP/2 GET https://localhost:44372/Data/partner5.png - null null
2025-10-29 14:05:19.053 +07:00 [INF] Request finished HTTP/2 GET https://localhost:44372/Data/partner2.png - 200 21264 image/png 2.0509ms
2025-10-29 14:05:19.053 +07:00 [INF] Request finished HTTP/2 GET https://localhost:44372/Data/partner3.png - 200 33087 image/png 2.0207ms
2025-10-29 14:05:19.053 +07:00 [INF] Sending file. Request path: '/Data/partner5.png'. Physical path: 'D:\DUYHK\Project\2025\Fiingroup-website\6.FE\Portal2\wwwroot\Data\partner5.png'
2025-10-29 14:05:19.054 +07:00 [INF] Request finished HTTP/2 GET https://localhost:44372/Data/partner4.png - 200 32296 image/png 1.5024ms
2025-10-29 14:05:19.054 +07:00 [INF] Request starting HTTP/2 GET https://localhost:44372/Data/acb.png - null null
2025-10-29 14:05:19.054 +07:00 [INF] Request starting HTTP/2 GET https://localhost:44372/Data/partner6.png - null null
2025-10-29 14:05:19.054 +07:00 [INF] Request finished HTTP/2 GET https://localhost:44372/Data/partner5.png - 200 30141 image/png 1.2927ms
2025-10-29 14:05:19.054 +07:00 [INF] Request starting HTTP/2 GET https://localhost:44372/Data/icon_our1.svg - null null
2025-10-29 14:05:19.055 +07:00 [INF] Sending file. Request path: '/Data/partner6.png'. Physical path: 'D:\DUYHK\Project\2025\Fiingroup-website\6.FE\Portal2\wwwroot\Data\partner6.png'
2025-10-29 14:05:19.055 +07:00 [INF] Sending file. Request path: '/Data/acb.png'. Physical path: 'D:\DUYHK\Project\2025\Fiingroup-website\6.FE\Portal2\wwwroot\Data\acb.png'
2025-10-29 14:05:19.055 +07:00 [INF] Request finished HTTP/2 GET https://localhost:44372/Data/acb.png - 200 3193 image/png 0.8817ms
2025-10-29 14:05:19.055 +07:00 [INF] Sending file. Request path: '/Data/icon_our1.svg'. Physical path: 'D:\DUYHK\Project\2025\Fiingroup-website\6.FE\Portal2\wwwroot\Data\icon_our1.svg'
2025-10-29 14:05:19.056 +07:00 [INF] Request finished HTTP/2 GET https://localhost:44372/Data/icon_our1.svg - 200 null image/svg+xml 1.2383ms
2025-10-29 14:05:19.056 +07:00 [INF] Request finished HTTP/2 GET https://localhost:44372/Data/partner6.png - 200 30965 image/png 2.4876ms
2025-10-29 14:05:19.057 +07:00 [INF] Request starting HTTP/2 GET https://localhost:44372/Data/our1.jpg - null null
2025-10-29 14:05:19.057 +07:00 [INF] Request starting HTTP/2 GET https://localhost:44372/Data/icon_our2.svg - null null
2025-10-29 14:05:19.058 +07:00 [INF] Sending file. Request path: '/Data/icon_our2.svg'. Physical path: 'D:\DUYHK\Project\2025\Fiingroup-website\6.FE\Portal2\wwwroot\Data\icon_our2.svg'
2025-10-29 14:05:19.059 +07:00 [INF] Request finished HTTP/2 GET https://localhost:44372/Data/icon_our2.svg - 200 null image/svg+xml 1.3119ms
2025-10-29 14:05:19.060 +07:00 [INF] Request starting HTTP/2 GET https://localhost:44372/Data/baoviet.png - null null
2025-10-29 14:05:19.061 +07:00 [INF] Sending file. Request path: '/Data/baoviet.png'. Physical path: 'D:\DUYHK\Project\2025\Fiingroup-website\6.FE\Portal2\wwwroot\Data\baoviet.png'
2025-10-29 14:05:19.062 +07:00 [INF] Request finished HTTP/2 GET https://localhost:44372/Data/baoviet.png - 200 5265 image/png 1.2658ms
2025-10-29 14:05:19.062 +07:00 [INF] Request starting HTTP/2 GET https://localhost:44372/Data/our2.jpg - null null
2025-10-29 14:05:19.063 +07:00 [INF] Sending file. Request path: '/Data/our2.jpg'. Physical path: 'D:\DUYHK\Project\2025\Fiingroup-website\6.FE\Portal2\wwwroot\Data\our2.jpg'
2025-10-29 14:05:19.063 +07:00 [INF] Request finished HTTP/2 GET https://localhost:44372/Data/our2.jpg - 200 29114 image/jpeg 1.3036ms
2025-10-29 14:05:19.064 +07:00 [INF] Request starting HTTP/2 GET https://localhost:44372/Data/bg-dangky.jpg - null null
2025-10-29 14:05:19.064 +07:00 [INF] Request starting HTTP/2 GET https://localhost:44372/Data/our3.jpg - null null
2025-10-29 14:05:19.064 +07:00 [INF] Request starting HTTP/2 GET https://localhost:44372/Data/logoft.svg - null null
2025-10-29 14:05:19.065 +07:00 [INF] Sending file. Request path: '/Data/logoft.svg'. Physical path: 'D:\DUYHK\Project\2025\Fiingroup-website\6.FE\Portal2\wwwroot\Data\logoft.svg'
2025-10-29 14:05:19.065 +07:00 [INF] Sending file. Request path: '/Data/our3.jpg'. Physical path: 'D:\DUYHK\Project\2025\Fiingroup-website\6.FE\Portal2\wwwroot\Data\our3.jpg'
2025-10-29 14:05:19.066 +07:00 [INF] Request finished HTTP/2 GET https://localhost:44372/Data/our3.jpg - 200 35684 image/jpeg 2.0637ms
2025-10-29 14:05:19.066 +07:00 [INF] Request finished HTTP/2 GET https://localhost:44372/Data/logoft.svg - 200 null image/svg+xml 2.0354ms
2025-10-29 14:05:19.066 +07:00 [INF] Request starting HTTP/2 GET https://localhost:44372/_vs/browserLink - null null
2025-10-29 14:05:19.066 +07:00 [INF] Request starting HTTP/2 GET https://localhost:44372/Data/bgtop.jpg - null null
2025-10-29 14:05:19.068 +07:00 [INF] Sending file. Request path: '/Data/bgtop.jpg'. Physical path: 'D:\DUYHK\Project\2025\Fiingroup-website\6.FE\Portal2\wwwroot\Data\bgtop.jpg'
2025-10-29 14:05:19.068 +07:00 [INF] Request finished HTTP/2 GET https://localhost:44372/Data/bgtop.jpg - 200 6785 image/jpeg 1.3047ms
2025-10-29 14:05:19.107 +07:00 [INF] Sending file. Request path: '/Data/our1.jpg'. Physical path: 'D:\DUYHK\Project\2025\Fiingroup-website\6.FE\Portal2\wwwroot\Data\our1.jpg'
2025-10-29 14:05:19.107 +07:00 [INF] Sending file. Request path: '/Data/bg-dangky.jpg'. Physical path: 'D:\DUYHK\Project\2025\Fiingroup-website\6.FE\Portal2\wwwroot\Data\bg-dangky.jpg'
2025-10-29 14:05:19.109 +07:00 [INF] Sending file. Request path: '/Data/partner1.png'. Physical path: 'D:\DUYHK\Project\2025\Fiingroup-website\6.FE\Portal2\wwwroot\Data\partner1.png'
2025-10-29 14:05:19.109 +07:00 [INF] Request finished HTTP/2 GET https://localhost:44372/Data/our1.jpg - 200 39329 image/jpeg 51.9632ms
2025-10-29 14:05:19.110 +07:00 [INF] Request finished HTTP/2 GET https://localhost:44372/Data/partner1.png - 200 81892 image/png 59.6832ms
2025-10-29 14:05:19.111 +07:00 [INF] Request starting HTTP/2 GET https://localhost:44372/assets/Data/bgvideo.jpg - null null
2025-10-29 14:05:19.111 +07:00 [INF] Request starting HTTP/2 GET https://localhost:44372/Data/bg-what.jpg - null null
2025-10-29 14:05:19.111 +07:00 [INF] Request starting HTTP/2 GET https://localhost:44372/assets/Data/bgour.png - null null
2025-10-29 14:05:19.111 +07:00 [INF] Request starting HTTP/2 GET https://localhost:44372/assets/css/fonts/font-awesome/4.7.0/fonts/fontawesome-webfont.woff2?v=4.7.0 - null null
2025-10-29 14:05:19.136 +07:00 [INF] Request finished HTTP/2 GET https://localhost:44372/Data/bg-dangky.jpg - 200 46525 image/jpeg 72.3201ms
2025-10-29 14:05:19.137 +07:00 [INF] Request finished HTTP/2 GET https://localhost:44372/assets/Data/bgvideo.jpg - 404 null null 68.6338ms
2025-10-29 14:05:19.137 +07:00 [INF] Request finished HTTP/2 GET https://localhost:44372/assets/Data/bgour.png - 404 null null 26.018ms
2025-10-29 14:05:19.137 +07:00 [INF] Request reached the end of the middleware pipeline without being handled by application code. Request path: GET https://localhost:44372/assets/Data/bgour.png, Response status code: 404
2025-10-29 14:05:19.137 +07:00 [INF] Request reached the end of the middleware pipeline without being handled by application code. Request path: GET https://localhost:44372/assets/Data/bgvideo.jpg, Response status code: 404
2025-10-29 14:05:19.137 +07:00 [INF] Sending file. Request path: '/assets/css/fonts/font-awesome/4.7.0/fonts/fontawesome-webfont.woff2'. Physical path: 'D:\DUYHK\Project\2025\Fiingroup-website\6.FE\Portal2\wwwroot\assets\css\fonts\font-awesome\4.7.0\fonts\fontawesome-webfont.woff2'
2025-10-29 14:05:19.139 +07:00 [INF] Request finished HTTP/2 GET https://localhost:44372/assets/css/fonts/font-awesome/4.7.0/fonts/fontawesome-webfont.woff2?v=4.7.0 - 200 77160 font/woff2 32.5326ms
2025-10-29 14:05:19.148 +07:00 [INF] Request finished HTTP/2 GET https://localhost:44372/_vs/browserLink - 200 null text/javascript; charset=UTF-8 81.5309ms
2025-10-29 14:05:19.150 +07:00 [INF] Sending file. Request path: '/Data/hotro-03.png'. Physical path: 'D:\DUYHK\Project\2025\Fiingroup-website\6.FE\Portal2\wwwroot\Data\hotro-03.png'
2025-10-29 14:05:19.153 +07:00 [INF] Sending file. Request path: '/Data/hotro-04.png'. Physical path: 'D:\DUYHK\Project\2025\Fiingroup-website\6.FE\Portal2\wwwroot\Data\hotro-04.png'
2025-10-29 14:05:19.161 +07:00 [INF] Request finished HTTP/2 GET https://localhost:44372/Data/hotro-03.png - 200 367140 image/png 112.6907ms
2025-10-29 14:05:19.161 +07:00 [INF] Request finished HTTP/2 GET https://localhost:44372/Data/hotro-04.png - 200 414739 image/png 111.4106ms
2025-10-29 14:05:19.172 +07:00 [INF] Sending file. Request path: '/Data/bg-what.jpg'. Physical path: 'D:\DUYHK\Project\2025\Fiingroup-website\6.FE\Portal2\wwwroot\Data\bg-what.jpg'
2025-10-29 14:05:19.173 +07:00 [INF] Sending file. Request path: '/Data/hotro-01.png'. Physical path: 'D:\DUYHK\Project\2025\Fiingroup-website\6.FE\Portal2\wwwroot\Data\hotro-01.png'
2025-10-29 14:05:19.173 +07:00 [INF] Request finished HTTP/2 GET https://localhost:44372/Data/bg-what.jpg - 200 45463 image/jpeg 104.5902ms
2025-10-29 14:05:19.177 +07:00 [INF] Request finished HTTP/2 GET https://localhost:44372/Data/hotro-01.png - 200 307413 image/png 130.7399ms
2025-10-29 14:05:19.207 +07:00 [INF] Sending file. Request path: '/Data/hotro-02.png'. Physical path: 'D:\DUYHK\Project\2025\Fiingroup-website\6.FE\Portal2\wwwroot\Data\hotro-02.png'
2025-10-29 14:05:19.208 +07:00 [INF] Sending file. Request path: '/Data/banner-hotro.jpg'. Physical path: 'D:\DUYHK\Project\2025\Fiingroup-website\6.FE\Portal2\wwwroot\Data\banner-hotro.jpg'
2025-10-29 14:05:19.214 +07:00 [INF] Request finished HTTP/2 GET https://localhost:44372/Data/banner-hotro.jpg - 200 306351 image/jpeg 172.2511ms
2025-10-29 14:05:19.217 +07:00 [INF] Request finished HTTP/2 GET https://localhost:44372/Data/hotro-02.png - 200 360391 image/png 169.4549ms
2025-10-29 14:05:19.758 +07:00 [INF] Request starting HTTP/2 GET https://localhost:44372/favicon.ico - null null
2025-10-29 14:05:19.759 +07:00 [INF] Request finished HTTP/2 GET https://localhost:44372/favicon.ico - 404 null null 1.3331ms
2025-10-29 14:05:19.759 +07:00 [INF] Request reached the end of the middleware pipeline without being handled by application code. Request path: GET https://localhost:44372/favicon.ico, Response status code: 404
2025-10-29 14:05:19.782 +07:00 [INF] Request starting HTTP/2 GET https://localhost:44372/assets/img/logo/favicon.png - null null
2025-10-29 14:05:19.783 +07:00 [INF] Request finished HTTP/2 GET https://localhost:44372/assets/img/logo/favicon.png - 404 null null 1.1606ms
2025-10-29 14:05:19.783 +07:00 [INF] Request reached the end of the middleware pipeline without being handled by application code. Request path: GET https://localhost:44372/assets/img/logo/favicon.png, Response status code: 404
2025-10-29 14:06:24.760 +07:00 [INF] Request starting HTTP/2 GET https://localhost:44372/ - null null
2025-10-29 14:06:24.777 +07:00 [INF] Route matched with {action = "Index", controller = "Home"}. Executing controller action with signature Microsoft.AspNetCore.Mvc.IActionResult Index(System.String, Int32) on controller PT.UI.Controllers.HomeController (PT.UI).
2025-10-29 14:06:24.780 +07:00 [INF] Executing ViewResult, running view Index.
2025-10-29 14:06:24.783 +07:00 [INF] Executed ViewResult - view Index executed in 3.3ms.
2025-10-29 14:06:24.784 +07:00 [INF] Executed action PT.UI.Controllers.HomeController.Index (PT.UI) in 5.9673ms
2025-10-29 14:06:24.784 +07:00 [INF] Request finished HTTP/2 GET https://localhost:44372/ - 200 null text/html; charset=utf-8 25.0001ms
2025-10-29 14:06:24.818 +07:00 [INF] Request starting HTTP/2 GET https://localhost:44372/assets/css/fonts/font-awesome/4.7.0/css/font-awesome.min.css - null null
2025-10-29 14:06:24.818 +07:00 [INF] Request starting HTTP/2 GET https://localhost:44372/assets/lib/bootstrap-5.2.2-dist/css/bootstrap.min.css - null null
2025-10-29 14:06:24.846 +07:00 [INF] Request starting HTTP/2 GET https://localhost:44372/assets/css/style.css - null null
2025-10-29 14:06:24.850 +07:00 [INF] Request starting HTTP/2 GET https://localhost:44372/assets/lib/OwlCarousel2-2.3.4/dist/assets/owl.carousel.min.css - null null
2025-10-29 14:06:24.852 +07:00 [INF] Request starting HTTP/2 GET https://localhost:44372/Data/vi.png - null null
2025-10-29 14:06:24.853 +07:00 [INF] Sending file. Request path: '/assets/css/fonts/font-awesome/4.7.0/css/font-awesome.min.css'. Physical path: 'D:\DUYHK\Project\2025\Fiingroup-website\6.FE\Portal2\wwwroot\assets\css\fonts\font-awesome\4.7.0\css\font-awesome.min.css'
2025-10-29 14:06:24.853 +07:00 [INF] Sending file. Request path: '/assets/css/style.css'. Physical path: 'D:\DUYHK\Project\2025\Fiingroup-website\6.FE\Portal2\wwwroot\assets\css\style.css'
2025-10-29 14:06:24.855 +07:00 [INF] Sending file. Request path: '/Data/vi.png'. Physical path: 'D:\DUYHK\Project\2025\Fiingroup-website\6.FE\Portal2\wwwroot\Data\vi.png'
2025-10-29 14:06:24.856 +07:00 [INF] Request starting HTTP/2 GET https://localhost:44372/assets/css/custom.css - null null
2025-10-29 14:06:24.856 +07:00 [INF] Request starting HTTP/2 GET https://localhost:44372/assets/lib/OwlCarousel2-2.3.4/dist/assets/owl.theme.default.min.css - null null
2025-10-29 14:06:24.856 +07:00 [INF] Request finished HTTP/2 GET https://localhost:44372/Data/vi.png - 200 381 image/png 3.8695ms
2025-10-29 14:06:24.856 +07:00 [INF] Sending file. Request path: '/assets/lib/OwlCarousel2-2.3.4/dist/assets/owl.carousel.min.css'. Physical path: 'D:\DUYHK\Project\2025\Fiingroup-website\6.FE\Portal2\wwwroot\assets\lib\OwlCarousel2-2.3.4\dist\assets\owl.carousel.min.css'
2025-10-29 14:06:24.856 +07:00 [INF] Request starting HTTP/2 GET https://localhost:44372/assets/js/jquery.min.js - null null
2025-10-29 14:06:24.856 +07:00 [INF] Request starting HTTP/2 GET https://localhost:44372/Data/en.svg - null null
2025-10-29 14:06:24.859 +07:00 [INF] Request starting HTTP/2 GET https://localhost:44372/assets/lib/fancybox/dist/jquery.fancybox.min.css - null null
2025-10-29 14:06:24.859 +07:00 [INF] Request finished HTTP/2 GET https://localhost:44372/assets/lib/OwlCarousel2-2.3.4/dist/assets/owl.carousel.min.css - 200 null text/css 9.1638ms
2025-10-29 14:06:24.859 +07:00 [INF] Request finished HTTP/2 GET https://localhost:44372/assets/css/style.css - 200 null text/css 12.6345ms
2025-10-29 14:06:24.859 +07:00 [INF] Request finished HTTP/2 GET https://localhost:44372/assets/css/fonts/font-awesome/4.7.0/css/font-awesome.min.css - 200 null text/css 41.756ms
2025-10-29 14:06:24.859 +07:00 [INF] Sending file. Request path: '/assets/lib/OwlCarousel2-2.3.4/dist/assets/owl.theme.default.min.css'. Physical path: 'D:\DUYHK\Project\2025\Fiingroup-website\6.FE\Portal2\wwwroot\assets\lib\OwlCarousel2-2.3.4\dist\assets\owl.theme.default.min.css'
2025-10-29 14:06:24.862 +07:00 [INF] Sending file. Request path: '/Data/en.svg'. Physical path: 'D:\DUYHK\Project\2025\Fiingroup-website\6.FE\Portal2\wwwroot\Data\en.svg'
2025-10-29 14:06:24.862 +07:00 [INF] Request finished HTTP/2 GET https://localhost:44372/assets/lib/OwlCarousel2-2.3.4/dist/assets/owl.theme.default.min.css - 200 null text/css 6.2727ms
2025-10-29 14:06:24.862 +07:00 [INF] Sending file. Request path: '/assets/css/custom.css'. Physical path: 'D:\DUYHK\Project\2025\Fiingroup-website\6.FE\Portal2\wwwroot\assets\css\custom.css'
2025-10-29 14:06:24.862 +07:00 [INF] Request finished HTTP/2 GET https://localhost:44372/Data/en.svg - 200 null image/svg+xml 6.4369ms
2025-10-29 14:06:24.862 +07:00 [INF] Sending file. Request path: '/assets/js/jquery.min.js'. Physical path: 'D:\DUYHK\Project\2025\Fiingroup-website\6.FE\Portal2\wwwroot\assets\js\jquery.min.js'
2025-10-29 14:06:24.862 +07:00 [INF] Sending file. Request path: '/assets/lib/fancybox/dist/jquery.fancybox.min.css'. Physical path: 'D:\DUYHK\Project\2025\Fiingroup-website\6.FE\Portal2\wwwroot\assets\lib\fancybox\dist\jquery.fancybox.min.css'
2025-10-29 14:06:24.863 +07:00 [INF] Request finished HTTP/2 GET https://localhost:44372/assets/css/custom.css - 200 null text/css 7.3615ms
2025-10-29 14:06:24.863 +07:00 [INF] Request finished HTTP/2 GET https://localhost:44372/assets/lib/fancybox/dist/jquery.fancybox.min.css - 200 null text/css 4.3729ms
2025-10-29 14:06:24.864 +07:00 [INF] Sending file. Request path: '/assets/lib/bootstrap-5.2.2-dist/css/bootstrap.min.css'. Physical path: 'D:\DUYHK\Project\2025\Fiingroup-website\6.FE\Portal2\wwwroot\assets\lib\bootstrap-5.2.2-dist\css\bootstrap.min.css'
2025-10-29 14:06:24.865 +07:00 [INF] Request finished HTTP/2 GET https://localhost:44372/assets/lib/bootstrap-5.2.2-dist/css/bootstrap.min.css - 200 null text/css 47.3913ms
2025-10-29 14:06:24.865 +07:00 [INF] Request finished HTTP/2 GET https://localhost:44372/assets/js/jquery.min.js - 200 93100 text/javascript 8.9247ms
2025-10-29 14:06:24.897 +07:00 [INF] Request starting HTTP/2 GET https://localhost:44372/Data/why1.png - null null
2025-10-29 14:06:24.897 +07:00 [INF] Request starting HTTP/2 GET https://localhost:44372/Data/banner.png - null null
2025-10-29 14:06:24.898 +07:00 [INF] Sending file. Request path: '/Data/why1.png'. Physical path: 'D:\DUYHK\Project\2025\Fiingroup-website\6.FE\Portal2\wwwroot\Data\why1.png'
2025-10-29 14:06:24.898 +07:00 [INF] Request finished HTTP/2 GET https://localhost:44372/Data/why1.png - 200 14212 image/png 0.7896ms
2025-10-29 14:06:24.900 +07:00 [INF] Sending file. Request path: '/Data/banner.png'. Physical path: 'D:\DUYHK\Project\2025\Fiingroup-website\6.FE\Portal2\wwwroot\Data\banner.png'
2025-10-29 14:06:24.910 +07:00 [INF] Request finished HTTP/2 GET https://localhost:44372/Data/banner.png - 200 717328 image/png 12.9431ms
2025-10-29 14:06:24.917 +07:00 [INF] Request starting HTTP/2 GET https://localhost:44372/Data/why2.png - null null
2025-10-29 14:06:24.917 +07:00 [INF] Request starting HTTP/2 GET https://localhost:44372/assets/lib/bootstrap-5.2.2-dist/js/bootstrap.bundle.min.js - null null
2025-10-29 14:06:24.918 +07:00 [INF] Sending file. Request path: '/Data/why2.png'. Physical path: 'D:\DUYHK\Project\2025\Fiingroup-website\6.FE\Portal2\wwwroot\Data\why2.png'
2025-10-29 14:06:24.918 +07:00 [INF] Request finished HTTP/2 GET https://localhost:44372/Data/why2.png - 200 11775 image/png 0.7477ms
2025-10-29 14:06:24.918 +07:00 [INF] Sending file. Request path: '/assets/lib/bootstrap-5.2.2-dist/js/bootstrap.bundle.min.js'. Physical path: 'D:\DUYHK\Project\2025\Fiingroup-website\6.FE\Portal2\wwwroot\assets\lib\bootstrap-5.2.2-dist\js\bootstrap.bundle.min.js'
2025-10-29 14:06:24.920 +07:00 [INF] Request finished HTTP/2 GET https://localhost:44372/assets/lib/bootstrap-5.2.2-dist/js/bootstrap.bundle.min.js - 200 80502 text/javascript 2.5438ms
2025-10-29 14:06:24.928 +07:00 [INF] Request starting HTTP/2 GET https://localhost:44372/assets/js/bootstrap.js?v=5.5.9 - null null
2025-10-29 14:06:24.928 +07:00 [INF] Sending file. Request path: '/assets/js/bootstrap.js'. Physical path: 'D:\DUYHK\Project\2025\Fiingroup-website\6.FE\Portal2\wwwroot\assets\js\bootstrap.js'
2025-10-29 14:06:24.929 +07:00 [INF] Request finished HTTP/2 GET https://localhost:44372/assets/js/bootstrap.js?v=5.5.9 - 200 27674 text/javascript 1.4494ms
2025-10-29 14:06:24.930 +07:00 [INF] Request starting HTTP/2 GET https://localhost:44372/assets/js/owl.carousel.min.js?v=5.5.9 - null null
2025-10-29 14:06:24.930 +07:00 [INF] Request starting HTTP/2 GET https://localhost:44372/assets/js/site.js?v=1.0 - null null
2025-10-29 14:06:24.930 +07:00 [INF] Sending file. Request path: '/assets/js/site.js'. Physical path: 'D:\DUYHK\Project\2025\Fiingroup-website\6.FE\Portal2\wwwroot\assets\js\site.js'
2025-10-29 14:06:24.930 +07:00 [INF] Request starting HTTP/2 GET https://localhost:44372/assets/js/waypoints.min.js - null null
2025-10-29 14:06:24.930 +07:00 [INF] Request finished HTTP/2 GET https://localhost:44372/assets/js/site.js?v=1.0 - 200 1676 text/javascript 0.7848ms
2025-10-29 14:06:24.930 +07:00 [INF] Sending file. Request path: '/assets/js/owl.carousel.min.js'. Physical path: 'D:\DUYHK\Project\2025\Fiingroup-website\6.FE\Portal2\wwwroot\assets\js\owl.carousel.min.js'
2025-10-29 14:06:24.931 +07:00 [INF] Sending file. Request path: '/assets/js/waypoints.min.js'. Physical path: 'D:\DUYHK\Project\2025\Fiingroup-website\6.FE\Portal2\wwwroot\assets\js\waypoints.min.js'
2025-10-29 14:06:24.931 +07:00 [INF] Request finished HTTP/2 GET https://localhost:44372/assets/js/waypoints.min.js - 200 8044 text/javascript 1.1301ms
2025-10-29 14:06:24.932 +07:00 [INF] Request finished HTTP/2 GET https://localhost:44372/assets/js/owl.carousel.min.js?v=5.5.9 - 200 42772 text/javascript 2.2895ms
2025-10-29 14:06:24.932 +07:00 [INF] Request starting HTTP/2 GET https://localhost:44372/assets/js/jquery.counterup.min.js - null null
2025-10-29 14:06:24.932 +07:00 [INF] Request starting HTTP/2 GET https://localhost:44372/assets/lib/fancybox/dist/jquery.fancybox.min.js - null null
2025-10-29 14:06:24.932 +07:00 [INF] Request starting HTTP/2 GET https://localhost:44372/_framework/aspnetcore-browser-refresh.js - null null
2025-10-29 14:06:24.933 +07:00 [INF] Sending file. Request path: '/assets/js/jquery.counterup.min.js'. Physical path: 'D:\DUYHK\Project\2025\Fiingroup-website\6.FE\Portal2\wwwroot\assets\js\jquery.counterup.min.js'
2025-10-29 14:06:24.933 +07:00 [INF] Request finished HTTP/2 GET https://localhost:44372/assets/js/jquery.counterup.min.js - 200 1067 text/javascript 0.7399ms
2025-10-29 14:06:24.933 +07:00 [INF] Request finished HTTP/2 GET https://localhost:44372/_framework/aspnetcore-browser-refresh.js - 200 16495 application/javascript; charset=utf-8 0.6113ms
2025-10-29 14:06:24.933 +07:00 [INF] Sending file. Request path: '/assets/lib/fancybox/dist/jquery.fancybox.min.js'. Physical path: 'D:\DUYHK\Project\2025\Fiingroup-website\6.FE\Portal2\wwwroot\assets\lib\fancybox\dist\jquery.fancybox.min.js'
2025-10-29 14:06:24.934 +07:00 [INF] Request starting HTTP/2 GET https://localhost:44372/Data/logo.svg - null null
2025-10-29 14:06:24.935 +07:00 [INF] Request finished HTTP/2 GET https://localhost:44372/assets/lib/fancybox/dist/jquery.fancybox.min.js - 200 68265 text/javascript 2.9346ms
2025-10-29 14:06:24.935 +07:00 [INF] Sending file. Request path: '/Data/logo.svg'. Physical path: 'D:\DUYHK\Project\2025\Fiingroup-website\6.FE\Portal2\wwwroot\Data\logo.svg'
2025-10-29 14:06:24.936 +07:00 [INF] Request finished HTTP/2 GET https://localhost:44372/Data/logo.svg - 200 null image/svg+xml 1.5937ms
2025-10-29 14:06:24.936 +07:00 [INF] Request starting HTTP/2 GET https://localhost:44372/Data/why3.png - null null
2025-10-29 14:06:24.936 +07:00 [INF] Request starting HTTP/2 GET https://localhost:44372/Data/why4.png - null null
2025-10-29 14:06:24.936 +07:00 [INF] Request starting HTTP/2 GET https://localhost:44372/Data/why5.png - null null
2025-10-29 14:06:24.937 +07:00 [INF] Sending file. Request path: '/Data/why3.png'. Physical path: 'D:\DUYHK\Project\2025\Fiingroup-website\6.FE\Portal2\wwwroot\Data\why3.png'
2025-10-29 14:06:24.937 +07:00 [INF] Request finished HTTP/2 GET https://localhost:44372/Data/why3.png - 200 9778 image/png 0.911ms
2025-10-29 14:06:24.937 +07:00 [INF] Sending file. Request path: '/Data/why5.png'. Physical path: 'D:\DUYHK\Project\2025\Fiingroup-website\6.FE\Portal2\wwwroot\Data\why5.png'
2025-10-29 14:06:24.937 +07:00 [INF] Sending file. Request path: '/Data/why4.png'. Physical path: 'D:\DUYHK\Project\2025\Fiingroup-website\6.FE\Portal2\wwwroot\Data\why4.png'
2025-10-29 14:06:24.937 +07:00 [INF] Request finished HTTP/2 GET https://localhost:44372/Data/why5.png - 200 11621 image/png 0.627ms
2025-10-29 14:06:24.937 +07:00 [INF] Request finished HTTP/2 GET https://localhost:44372/Data/why4.png - 200 10694 image/png 0.7211ms
2025-10-29 14:06:24.938 +07:00 [INF] Request starting HTTP/2 GET https://localhost:44372/Data/why6.png - null null
2025-10-29 14:06:24.939 +07:00 [INF] Sending file. Request path: '/Data/why6.png'. Physical path: 'D:\DUYHK\Project\2025\Fiingroup-website\6.FE\Portal2\wwwroot\Data\why6.png'
2025-10-29 14:06:24.939 +07:00 [INF] Request finished HTTP/2 GET https://localhost:44372/Data/why6.png - 200 12886 image/png 1.1295ms
2025-10-29 14:06:24.940 +07:00 [INF] Request starting HTTP/2 GET https://localhost:44372/Data/banner-hotro.jpg - null null
2025-10-29 14:06:24.940 +07:00 [INF] Request starting HTTP/2 GET https://localhost:44372/Data/hotro-01.png - null null
2025-10-29 14:06:24.940 +07:00 [INF] Request starting HTTP/2 GET https://localhost:44372/Data/iconht.svg - null null
2025-10-29 14:06:24.941 +07:00 [INF] Sending file. Request path: '/Data/iconht.svg'. Physical path: 'D:\DUYHK\Project\2025\Fiingroup-website\6.FE\Portal2\wwwroot\Data\iconht.svg'
2025-10-29 14:06:24.941 +07:00 [INF] Request finished HTTP/2 GET https://localhost:44372/Data/iconht.svg - 200 null image/svg+xml 0.9639ms
2025-10-29 14:06:24.942 +07:00 [INF] Sending file. Request path: '/Data/banner-hotro.jpg'. Physical path: 'D:\DUYHK\Project\2025\Fiingroup-website\6.FE\Portal2\wwwroot\Data\banner-hotro.jpg'
2025-10-29 14:06:24.942 +07:00 [INF] Sending file. Request path: '/Data/hotro-01.png'. Physical path: 'D:\DUYHK\Project\2025\Fiingroup-website\6.FE\Portal2\wwwroot\Data\hotro-01.png'
2025-10-29 14:06:24.946 +07:00 [INF] Request starting HTTP/2 GET https://localhost:44372/Data/hotro-02.png - null null
2025-10-29 14:06:24.947 +07:00 [INF] Request starting HTTP/2 GET https://localhost:44372/Data/hotro-03.png - null null
2025-10-29 14:06:24.948 +07:00 [INF] Request starting HTTP/2 GET https://localhost:44372/Data/hotro-04.png - null null
2025-10-29 14:06:24.949 +07:00 [INF] Sending file. Request path: '/Data/hotro-02.png'. Physical path: 'D:\DUYHK\Project\2025\Fiingroup-website\6.FE\Portal2\wwwroot\Data\hotro-02.png'
2025-10-29 14:06:24.949 +07:00 [INF] Request starting HTTP/2 GET https://localhost:44372/Data/partner1.png - null null
2025-10-29 14:06:24.949 +07:00 [INF] Request starting HTTP/2 GET https://localhost:44372/Data/partner2.png - null null
2025-10-29 14:06:24.949 +07:00 [INF] Sending file. Request path: '/Data/partner2.png'. Physical path: 'D:\DUYHK\Project\2025\Fiingroup-website\6.FE\Portal2\wwwroot\Data\partner2.png'
2025-10-29 14:06:24.950 +07:00 [INF] Sending file. Request path: '/Data/hotro-03.png'. Physical path: 'D:\DUYHK\Project\2025\Fiingroup-website\6.FE\Portal2\wwwroot\Data\hotro-03.png'
2025-10-29 14:06:24.950 +07:00 [INF] Sending file. Request path: '/Data/partner1.png'. Physical path: 'D:\DUYHK\Project\2025\Fiingroup-website\6.FE\Portal2\wwwroot\Data\partner1.png'
2025-10-29 14:06:24.950 +07:00 [INF] Sending file. Request path: '/Data/hotro-04.png'. Physical path: 'D:\DUYHK\Project\2025\Fiingroup-website\6.FE\Portal2\wwwroot\Data\hotro-04.png'
2025-10-29 14:06:24.951 +07:00 [INF] Request finished HTTP/2 GET https://localhost:44372/Data/hotro-01.png - 200 307413 image/png 11.1995ms
2025-10-29 14:06:24.953 +07:00 [INF] Request starting HTTP/2 GET https://localhost:44372/Data/partner3.png - null null
2025-10-29 14:06:24.953 +07:00 [INF] Request starting HTTP/2 GET https://localhost:44372/Data/partner4.png - null null
2025-10-29 14:06:24.954 +07:00 [INF] Sending file. Request path: '/Data/partner4.png'. Physical path: 'D:\DUYHK\Project\2025\Fiingroup-website\6.FE\Portal2\wwwroot\Data\partner4.png'
2025-10-29 14:06:24.954 +07:00 [INF] Sending file. Request path: '/Data/partner3.png'. Physical path: 'D:\DUYHK\Project\2025\Fiingroup-website\6.FE\Portal2\wwwroot\Data\partner3.png'
2025-10-29 14:06:24.955 +07:00 [INF] Request starting HTTP/2 GET https://localhost:44372/Data/partner5.png - null null
2025-10-29 14:06:24.956 +07:00 [INF] Request starting HTTP/2 GET https://localhost:44372/Data/partner6.png - null null
2025-10-29 14:06:24.957 +07:00 [INF] Sending file. Request path: '/Data/partner5.png'. Physical path: 'D:\DUYHK\Project\2025\Fiingroup-website\6.FE\Portal2\wwwroot\Data\partner5.png'
2025-10-29 14:06:24.957 +07:00 [INF] Request starting HTTP/2 GET https://localhost:44372/Data/acb.png - null null
2025-10-29 14:06:24.957 +07:00 [INF] Sending file. Request path: '/Data/partner6.png'. Physical path: 'D:\DUYHK\Project\2025\Fiingroup-website\6.FE\Portal2\wwwroot\Data\partner6.png'
2025-10-29 14:06:24.957 +07:00 [INF] Request starting HTTP/2 GET https://localhost:44372/Data/icon_our1.svg - null null
2025-10-29 14:06:24.957 +07:00 [INF] Sending file. Request path: '/Data/acb.png'. Physical path: 'D:\DUYHK\Project\2025\Fiingroup-website\6.FE\Portal2\wwwroot\Data\acb.png'
2025-10-29 14:06:24.958 +07:00 [INF] Request finished HTTP/2 GET https://localhost:44372/Data/acb.png - 200 3193 image/png 0.8233ms
2025-10-29 14:06:24.958 +07:00 [INF] Sending file. Request path: '/Data/icon_our1.svg'. Physical path: 'D:\DUYHK\Project\2025\Fiingroup-website\6.FE\Portal2\wwwroot\Data\icon_our1.svg'
2025-10-29 14:06:24.958 +07:00 [INF] Request finished HTTP/2 GET https://localhost:44372/Data/icon_our1.svg - 200 null image/svg+xml 0.9718ms
2025-10-29 14:06:24.959 +07:00 [INF] Request starting HTTP/2 GET https://localhost:44372/Data/our1.jpg - null null
2025-10-29 14:06:24.959 +07:00 [INF] Request starting HTTP/2 GET https://localhost:44372/Data/icon_our2.svg - null null
2025-10-29 14:06:24.960 +07:00 [INF] Request starting HTTP/2 GET https://localhost:44372/Data/baoviet.png - null null
2025-10-29 14:06:24.960 +07:00 [INF] Sending file. Request path: '/Data/our1.jpg'. Physical path: 'D:\DUYHK\Project\2025\Fiingroup-website\6.FE\Portal2\wwwroot\Data\our1.jpg'
2025-10-29 14:06:24.960 +07:00 [INF] Sending file. Request path: '/Data/icon_our2.svg'. Physical path: 'D:\DUYHK\Project\2025\Fiingroup-website\6.FE\Portal2\wwwroot\Data\icon_our2.svg'
2025-10-29 14:06:24.960 +07:00 [INF] Sending file. Request path: '/Data/baoviet.png'. Physical path: 'D:\DUYHK\Project\2025\Fiingroup-website\6.FE\Portal2\wwwroot\Data\baoviet.png'
2025-10-29 14:06:24.960 +07:00 [INF] Request finished HTTP/2 GET https://localhost:44372/Data/icon_our2.svg - 200 null image/svg+xml 1.2691ms
2025-10-29 14:06:24.961 +07:00 [INF] Request finished HTTP/2 GET https://localhost:44372/Data/baoviet.png - 200 5265 image/png 0.6428ms
2025-10-29 14:06:24.964 +07:00 [INF] Request starting HTTP/2 GET https://localhost:44372/Data/our2.jpg - null null
2025-10-29 14:06:24.964 +07:00 [INF] Sending file. Request path: '/Data/our2.jpg'. Physical path: 'D:\DUYHK\Project\2025\Fiingroup-website\6.FE\Portal2\wwwroot\Data\our2.jpg'
2025-10-29 14:06:24.966 +07:00 [INF] Request starting HTTP/2 GET https://localhost:44372/Data/our3.jpg - null null
2025-10-29 14:06:24.966 +07:00 [INF] Request finished HTTP/2 GET https://localhost:44372/Data/partner1.png - 200 81892 image/png 17.4913ms
2025-10-29 14:06:24.966 +07:00 [INF] Sending file. Request path: '/Data/our3.jpg'. Physical path: 'D:\DUYHK\Project\2025\Fiingroup-website\6.FE\Portal2\wwwroot\Data\our3.jpg'
2025-10-29 14:06:24.966 +07:00 [INF] Request starting HTTP/2 GET https://localhost:44372/Data/bg-dangky.jpg - null null
2025-10-29 14:06:24.967 +07:00 [INF] Request starting HTTP/2 GET https://localhost:44372/Data/logoft.svg - null null
2025-10-29 14:06:24.967 +07:00 [INF] Sending file. Request path: '/Data/bg-dangky.jpg'. Physical path: 'D:\DUYHK\Project\2025\Fiingroup-website\6.FE\Portal2\wwwroot\Data\bg-dangky.jpg'
2025-10-29 14:06:24.967 +07:00 [INF] Sending file. Request path: '/Data/logoft.svg'. Physical path: 'D:\DUYHK\Project\2025\Fiingroup-website\6.FE\Portal2\wwwroot\Data\logoft.svg'
2025-10-29 14:06:24.968 +07:00 [INF] Request finished HTTP/2 GET https://localhost:44372/Data/partner5.png - 200 30141 image/png 12.5133ms
2025-10-29 14:06:24.968 +07:00 [INF] Request starting HTTP/2 GET https://localhost:44372/_vs/browserLink - null null
2025-10-29 14:06:24.969 +07:00 [INF] Request finished HTTP/2 GET https://localhost:44372/Data/our1.jpg - 200 39329 image/jpeg 9.9693ms
2025-10-29 14:06:24.973 +07:00 [INF] Request finished HTTP/2 GET https://localhost:44372/Data/partner2.png - 200 21264 image/png 23.9729ms
2025-10-29 14:06:24.973 +07:00 [INF] Request finished HTTP/2 GET https://localhost:44372/Data/partner4.png - 200 32296 image/png 19.7893ms
2025-10-29 14:06:24.973 +07:00 [INF] Request finished HTTP/2 GET https://localhost:44372/Data/partner6.png - 200 30965 image/png 16.9642ms
2025-10-29 14:06:24.973 +07:00 [INF] Request finished HTTP/2 GET https://localhost:44372/Data/logoft.svg - 200 null image/svg+xml 6.2173ms
2025-10-29 14:06:24.978 +07:00 [INF] Request finished HTTP/2 GET https://localhost:44372/Data/our3.jpg - 200 35684 image/jpeg 12.6509ms
2025-10-29 14:06:24.973 +07:00 [INF] Request finished HTTP/2 GET https://localhost:44372/Data/partner3.png - 200 33087 image/png 19.4899ms
2025-10-29 14:06:24.973 +07:00 [INF] Request finished HTTP/2 GET https://localhost:44372/Data/our2.jpg - 200 29114 image/jpeg 9.3644ms
2025-10-29 14:06:24.978 +07:00 [INF] Request starting HTTP/2 GET https://localhost:44372/Data/bgtop.jpg - null null
2025-10-29 14:06:24.973 +07:00 [INF] Request finished HTTP/2 GET https://localhost:44372/Data/bg-dangky.jpg - 200 46525 image/jpeg 6.4371ms
2025-10-29 14:06:24.982 +07:00 [INF] Request finished HTTP/2 GET https://localhost:44372/Data/banner-hotro.jpg - 200 306351 image/jpeg 41.7444ms
2025-10-29 14:06:24.982 +07:00 [INF] Sending file. Request path: '/Data/bgtop.jpg'. Physical path: 'D:\DUYHK\Project\2025\Fiingroup-website\6.FE\Portal2\wwwroot\Data\bgtop.jpg'
2025-10-29 14:06:24.982 +07:00 [INF] Request finished HTTP/2 GET https://localhost:44372/Data/bgtop.jpg - 200 6785 image/jpeg 4.2625ms
2025-10-29 14:06:24.984 +07:00 [INF] Request finished HTTP/2 GET https://localhost:44372/Data/hotro-03.png - 200 367140 image/png 37.0819ms
2025-10-29 14:06:24.985 +07:00 [INF] Request finished HTTP/2 GET https://localhost:44372/Data/hotro-04.png - 200 414739 image/png 36.9847ms
2025-10-29 14:06:24.985 +07:00 [INF] Request starting HTTP/2 GET https://localhost:44372/assets/Data/bgvideo.jpg - null null
2025-10-29 14:06:24.985 +07:00 [INF] Request finished HTTP/2 GET https://localhost:44372/assets/Data/bgvideo.jpg - 404 null null 0.8198ms
2025-10-29 14:06:24.985 +07:00 [INF] Request reached the end of the middleware pipeline without being handled by application code. Request path: GET https://localhost:44372/assets/Data/bgvideo.jpg, Response status code: 404
2025-10-29 14:06:24.986 +07:00 [INF] Request finished HTTP/2 GET https://localhost:44372/Data/hotro-02.png - 200 360391 image/png 39.9394ms
2025-10-29 14:06:24.992 +07:00 [INF] Request starting HTTP/2 GET https://localhost:44372/assets/Data/bgour.png - null null
2025-10-29 14:06:24.992 +07:00 [INF] Request starting HTTP/2 GET https://localhost:44372/Data/bg-what.jpg - null null
2025-10-29 14:06:24.993 +07:00 [INF] Request finished HTTP/2 GET https://localhost:44372/assets/Data/bgour.png - 404 null null 0.8413ms
2025-10-29 14:06:24.993 +07:00 [INF] Request reached the end of the middleware pipeline without being handled by application code. Request path: GET https://localhost:44372/assets/Data/bgour.png, Response status code: 404
2025-10-29 14:06:24.993 +07:00 [INF] Sending file. Request path: '/Data/bg-what.jpg'. Physical path: 'D:\DUYHK\Project\2025\Fiingroup-website\6.FE\Portal2\wwwroot\Data\bg-what.jpg'
2025-10-29 14:06:24.995 +07:00 [INF] Request finished HTTP/2 GET https://localhost:44372/Data/bg-what.jpg - 200 45463 image/jpeg 2.6471ms
2025-10-29 14:06:24.995 +07:00 [INF] Request starting HTTP/2 GET https://localhost:44372/assets/css/fonts/font-awesome/4.7.0/fonts/fontawesome-webfont.woff2?v=4.7.0 - null null
2025-10-29 14:06:24.996 +07:00 [INF] Sending file. Request path: '/assets/css/fonts/font-awesome/4.7.0/fonts/fontawesome-webfont.woff2'. Physical path: 'D:\DUYHK\Project\2025\Fiingroup-website\6.FE\Portal2\wwwroot\assets\css\fonts\font-awesome\4.7.0\fonts\fontawesome-webfont.woff2'
2025-10-29 14:06:24.998 +07:00 [INF] Request finished HTTP/2 GET https://localhost:44372/assets/css/fonts/font-awesome/4.7.0/fonts/fontawesome-webfont.woff2?v=4.7.0 - 200 77160 font/woff2 2.8281ms
2025-10-29 14:06:24.998 +07:00 [INF] Request finished HTTP/2 GET https://localhost:44372/_vs/browserLink - 200 null text/javascript; charset=UTF-8 29.5512ms
2025-10-29 14:06:25.546 +07:00 [INF] Request starting HTTP/2 GET https://localhost:44372/favicon.ico - null null
2025-10-29 14:06:25.547 +07:00 [INF] Request finished HTTP/2 GET https://localhost:44372/favicon.ico - 404 null null 1.0212ms
2025-10-29 14:06:25.547 +07:00 [INF] Request reached the end of the middleware pipeline without being handled by application code. Request path: GET https://localhost:44372/favicon.ico, Response status code: 404
2025-10-29 14:06:25.553 +07:00 [INF] Request starting HTTP/2 GET https://localhost:44372/assets/img/logo/favicon.png - null null
2025-10-29 14:06:25.554 +07:00 [INF] Request finished HTTP/2 GET https://localhost:44372/assets/img/logo/favicon.png - 404 null null 0.4913ms
2025-10-29 14:06:25.554 +07:00 [INF] Request reached the end of the middleware pipeline without being handled by application code. Request path: GET https://localhost:44372/assets/img/logo/favicon.png, Response status code: 404
2025-10-29 14:06:34.712 +07:00 [INF] Request starting HTTP/2 GET https://localhost:44372/ - null null
2025-10-29 14:06:34.720 +07:00 [INF] Route matched with {action = "Index", controller = "Home"}. Executing controller action with signature Microsoft.AspNetCore.Mvc.IActionResult Index(System.String, Int32) on controller PT.UI.Controllers.HomeController (PT.UI).
2025-10-29 14:06:34.720 +07:00 [INF] Executing ViewResult, running view Index.
2025-10-29 14:06:34.725 +07:00 [INF] Executed ViewResult - view Index executed in 4.3593ms.
2025-10-29 14:06:34.725 +07:00 [INF] Executed action PT.UI.Controllers.HomeController.Index (PT.UI) in 5.0226ms
2025-10-29 14:06:34.726 +07:00 [INF] Request finished HTTP/2 GET https://localhost:44372/ - 200 null text/html; charset=utf-8 13.5898ms
2025-10-29 14:06:34.764 +07:00 [INF] Request starting HTTP/2 GET https://localhost:44372/assets/lib/bootstrap-5.2.2-dist/css/bootstrap.min.css - null null
2025-10-29 14:06:34.764 +07:00 [INF] Request starting HTTP/2 GET https://localhost:44372/assets/css/fonts/font-awesome/4.7.0/css/font-awesome.min.css - null null
2025-10-29 14:06:34.764 +07:00 [INF] Request starting HTTP/2 GET https://localhost:44372/assets/css/style.css - null null
2025-10-29 14:06:34.764 +07:00 [INF] Request starting HTTP/2 GET https://localhost:44372/assets/lib/OwlCarousel2-2.3.4/dist/assets/owl.carousel.min.css - null null
2025-10-29 14:06:34.764 +07:00 [INF] Request starting HTTP/2 GET https://localhost:44372/assets/lib/OwlCarousel2-2.3.4/dist/assets/owl.theme.default.min.css - null null
2025-10-29 14:06:34.765 +07:00 [INF] Sending file. Request path: '/assets/css/style.css'. Physical path: 'D:\DUYHK\Project\2025\Fiingroup-website\6.FE\Portal2\wwwroot\assets\css\style.css'
2025-10-29 14:06:34.765 +07:00 [INF] Sending file. Request path: '/assets/lib/OwlCarousel2-2.3.4/dist/assets/owl.carousel.min.css'. Physical path: 'D:\DUYHK\Project\2025\Fiingroup-website\6.FE\Portal2\wwwroot\assets\lib\OwlCarousel2-2.3.4\dist\assets\owl.carousel.min.css'
2025-10-29 14:06:34.765 +07:00 [INF] Sending file. Request path: '/assets/lib/OwlCarousel2-2.3.4/dist/assets/owl.theme.default.min.css'. Physical path: 'D:\DUYHK\Project\2025\Fiingroup-website\6.FE\Portal2\wwwroot\assets\lib\OwlCarousel2-2.3.4\dist\assets\owl.theme.default.min.css'
2025-10-29 14:06:34.765 +07:00 [INF] Sending file. Request path: '/assets/css/fonts/font-awesome/4.7.0/css/font-awesome.min.css'. Physical path: 'D:\DUYHK\Project\2025\Fiingroup-website\6.FE\Portal2\wwwroot\assets\css\fonts\font-awesome\4.7.0\css\font-awesome.min.css'
2025-10-29 14:06:34.765 +07:00 [INF] Request finished HTTP/2 GET https://localhost:44372/assets/lib/OwlCarousel2-2.3.4/dist/assets/owl.carousel.min.css - 200 null text/css 1.12ms
2025-10-29 14:06:34.765 +07:00 [INF] Request finished HTTP/2 GET https://localhost:44372/assets/lib/OwlCarousel2-2.3.4/dist/assets/owl.theme.default.min.css - 200 null text/css 0.6573ms
2025-10-29 14:06:34.765 +07:00 [INF] Request starting HTTP/2 GET https://localhost:44372/assets/css/custom.css - null null
2025-10-29 14:06:34.766 +07:00 [INF] Sending file. Request path: '/assets/css/custom.css'. Physical path: 'D:\DUYHK\Project\2025\Fiingroup-website\6.FE\Portal2\wwwroot\assets\css\custom.css'
2025-10-29 14:06:34.766 +07:00 [INF] Request finished HTTP/2 GET https://localhost:44372/assets/css/style.css - 200 null text/css 2.3249ms
2025-10-29 14:06:34.766 +07:00 [INF] Request finished HTTP/2 GET https://localhost:44372/assets/css/fonts/font-awesome/4.7.0/css/font-awesome.min.css - 200 null text/css 2.4691ms
2025-10-29 14:06:34.766 +07:00 [INF] Request starting HTTP/2 GET https://localhost:44372/assets/lib/fancybox/dist/jquery.fancybox.min.css - null null
2025-10-29 14:06:34.767 +07:00 [INF] Request finished HTTP/2 GET https://localhost:44372/assets/css/custom.css - 200 null text/css 1.1125ms
2025-10-29 14:06:34.767 +07:00 [INF] Sending file. Request path: '/assets/lib/bootstrap-5.2.2-dist/css/bootstrap.min.css'. Physical path: 'D:\DUYHK\Project\2025\Fiingroup-website\6.FE\Portal2\wwwroot\assets\lib\bootstrap-5.2.2-dist\css\bootstrap.min.css'
2025-10-29 14:06:34.767 +07:00 [INF] Sending file. Request path: '/assets/lib/fancybox/dist/jquery.fancybox.min.css'. Physical path: 'D:\DUYHK\Project\2025\Fiingroup-website\6.FE\Portal2\wwwroot\assets\lib\fancybox\dist\jquery.fancybox.min.css'
2025-10-29 14:06:34.767 +07:00 [INF] Request finished HTTP/2 GET https://localhost:44372/assets/lib/fancybox/dist/jquery.fancybox.min.css - 200 null text/css 1.0952ms
2025-10-29 14:06:34.768 +07:00 [INF] Request finished HTTP/2 GET https://localhost:44372/assets/lib/bootstrap-5.2.2-dist/css/bootstrap.min.css - 200 null text/css 4.0401ms
2025-10-29 14:06:34.769 +07:00 [INF] Request starting HTTP/2 GET https://localhost:44372/assets/js/jquery.min.js - null null
2025-10-29 14:06:34.769 +07:00 [INF] Request starting HTTP/2 GET https://localhost:44372/Data/en.svg - null null
2025-10-29 14:06:34.769 +07:00 [INF] Request starting HTTP/2 GET https://localhost:44372/Data/vi.png - null null
2025-10-29 14:06:34.769 +07:00 [INF] Sending file. Request path: '/Data/en.svg'. Physical path: 'D:\DUYHK\Project\2025\Fiingroup-website\6.FE\Portal2\wwwroot\Data\en.svg'
2025-10-29 14:06:34.769 +07:00 [INF] Request finished HTTP/2 GET https://localhost:44372/Data/en.svg - 200 null image/svg+xml 0.6461ms
2025-10-29 14:06:34.769 +07:00 [INF] Sending file. Request path: '/Data/vi.png'. Physical path: 'D:\DUYHK\Project\2025\Fiingroup-website\6.FE\Portal2\wwwroot\Data\vi.png'
2025-10-29 14:06:34.769 +07:00 [INF] Request finished HTTP/2 GET https://localhost:44372/Data/vi.png - 200 381 image/png 0.3944ms
2025-10-29 14:06:34.770 +07:00 [INF] Sending file. Request path: '/assets/js/jquery.min.js'. Physical path: 'D:\DUYHK\Project\2025\Fiingroup-website\6.FE\Portal2\wwwroot\assets\js\jquery.min.js'
2025-10-29 14:06:34.772 +07:00 [INF] Request finished HTTP/2 GET https://localhost:44372/assets/js/jquery.min.js - 200 93100 text/javascript 2.9989ms
2025-10-29 14:06:34.780 +07:00 [INF] Request starting HTTP/2 GET https://localhost:44372/Data/banner.png - null null
2025-10-29 14:06:34.781 +07:00 [INF] Sending file. Request path: '/Data/banner.png'. Physical path: 'D:\DUYHK\Project\2025\Fiingroup-website\6.FE\Portal2\wwwroot\Data\banner.png'
2025-10-29 14:06:34.783 +07:00 [INF] Request starting HTTP/2 GET https://localhost:44372/Data/why1.png - null null
2025-10-29 14:06:34.783 +07:00 [INF] Sending file. Request path: '/Data/why1.png'. Physical path: 'D:\DUYHK\Project\2025\Fiingroup-website\6.FE\Portal2\wwwroot\Data\why1.png'
2025-10-29 14:06:34.783 +07:00 [INF] Request finished HTTP/2 GET https://localhost:44372/Data/why1.png - 200 14212 image/png 0.4835ms
2025-10-29 14:06:34.789 +07:00 [INF] Request starting HTTP/2 GET https://localhost:44372/Data/why2.png - null null
2025-10-29 14:06:34.790 +07:00 [INF] Sending file. Request path: '/Data/why2.png'. Physical path: 'D:\DUYHK\Project\2025\Fiingroup-website\6.FE\Portal2\wwwroot\Data\why2.png'
2025-10-29 14:06:34.790 +07:00 [INF] Request finished HTTP/2 GET https://localhost:44372/Data/why2.png - 200 11775 image/png 0.6024ms
2025-10-29 14:06:34.790 +07:00 [INF] Request finished HTTP/2 GET https://localhost:44372/Data/banner.png - 200 717328 image/png 10.2222ms
2025-10-29 14:06:34.793 +07:00 [INF] Request starting HTTP/2 GET https://localhost:44372/assets/lib/bootstrap-5.2.2-dist/js/bootstrap.bundle.min.js - null null
2025-10-29 14:06:34.794 +07:00 [INF] Sending file. Request path: '/assets/lib/bootstrap-5.2.2-dist/js/bootstrap.bundle.min.js'. Physical path: 'D:\DUYHK\Project\2025\Fiingroup-website\6.FE\Portal2\wwwroot\assets\lib\bootstrap-5.2.2-dist\js\bootstrap.bundle.min.js'
2025-10-29 14:06:34.795 +07:00 [INF] Request finished HTTP/2 GET https://localhost:44372/assets/lib/bootstrap-5.2.2-dist/js/bootstrap.bundle.min.js - 200 80502 text/javascript 2.0934ms
2025-10-29 14:06:34.796 +07:00 [INF] Request starting HTTP/2 GET https://localhost:44372/assets/js/bootstrap.js?v=5.5.9 - null null
2025-10-29 14:06:34.797 +07:00 [INF] Sending file. Request path: '/assets/js/bootstrap.js'. Physical path: 'D:\DUYHK\Project\2025\Fiingroup-website\6.FE\Portal2\wwwroot\assets\js\bootstrap.js'
2025-10-29 14:06:34.797 +07:00 [INF] Request finished HTTP/2 GET https://localhost:44372/assets/js/bootstrap.js?v=5.5.9 - 200 27674 text/javascript 1.211ms
2025-10-29 14:06:34.804 +07:00 [INF] Request starting HTTP/2 GET https://localhost:44372/assets/js/owl.carousel.min.js?v=5.5.9 - null null
2025-10-29 14:06:34.804 +07:00 [INF] Sending file. Request path: '/assets/js/owl.carousel.min.js'. Physical path: 'D:\DUYHK\Project\2025\Fiingroup-website\6.FE\Portal2\wwwroot\assets\js\owl.carousel.min.js'
2025-10-29 14:06:34.804 +07:00 [INF] Request starting HTTP/2 GET https://localhost:44372/assets/js/site.js?v=1.0 - null null
2025-10-29 14:06:34.805 +07:00 [INF] Sending file. Request path: '/assets/js/site.js'. Physical path: 'D:\DUYHK\Project\2025\Fiingroup-website\6.FE\Portal2\wwwroot\assets\js\site.js'
2025-10-29 14:06:34.805 +07:00 [INF] Request finished HTTP/2 GET https://localhost:44372/assets/js/site.js?v=1.0 - 200 1676 text/javascript 0.4253ms
2025-10-29 14:06:34.805 +07:00 [INF] Request finished HTTP/2 GET https://localhost:44372/assets/js/owl.carousel.min.js?v=5.5.9 - 200 42772 text/javascript 1.6287ms
2025-10-29 14:06:34.809 +07:00 [INF] Request starting HTTP/2 GET https://localhost:44372/assets/js/waypoints.min.js - null null
2025-10-29 14:06:34.809 +07:00 [INF] Sending file. Request path: '/assets/js/waypoints.min.js'. Physical path: 'D:\DUYHK\Project\2025\Fiingroup-website\6.FE\Portal2\wwwroot\assets\js\waypoints.min.js'
2025-10-29 14:06:34.810 +07:00 [INF] Request finished HTTP/2 GET https://localhost:44372/assets/js/waypoints.min.js - 200 8044 text/javascript 0.6368ms
2025-10-29 14:06:34.811 +07:00 [INF] Request starting HTTP/2 GET https://localhost:44372/assets/js/jquery.counterup.min.js - null null
2025-10-29 14:06:34.811 +07:00 [INF] Sending file. Request path: '/assets/js/jquery.counterup.min.js'. Physical path: 'D:\DUYHK\Project\2025\Fiingroup-website\6.FE\Portal2\wwwroot\assets\js\jquery.counterup.min.js'
2025-10-29 14:06:34.811 +07:00 [INF] Request finished HTTP/2 GET https://localhost:44372/assets/js/jquery.counterup.min.js - 200 1067 text/javascript 0.4332ms
2025-10-29 14:06:34.814 +07:00 [INF] Request starting HTTP/2 GET https://localhost:44372/assets/lib/fancybox/dist/jquery.fancybox.min.js - null null
2025-10-29 14:06:34.815 +07:00 [INF] Request starting HTTP/2 GET https://localhost:44372/_framework/aspnetcore-browser-refresh.js - null null
2025-10-29 14:06:34.815 +07:00 [INF] Sending file. Request path: '/assets/lib/fancybox/dist/jquery.fancybox.min.js'. Physical path: 'D:\DUYHK\Project\2025\Fiingroup-website\6.FE\Portal2\wwwroot\assets\lib\fancybox\dist\jquery.fancybox.min.js'
2025-10-29 14:06:34.815 +07:00 [INF] Request finished HTTP/2 GET https://localhost:44372/_framework/aspnetcore-browser-refresh.js - 200 16495 application/javascript; charset=utf-8 0.4009ms
2025-10-29 14:06:34.816 +07:00 [INF] Request finished HTTP/2 GET https://localhost:44372/assets/lib/fancybox/dist/jquery.fancybox.min.js - 200 68265 text/javascript 1.7252ms
2025-10-29 14:06:34.820 +07:00 [INF] Request starting HTTP/2 GET https://localhost:44372/Data/logo.svg - null null
2025-10-29 14:06:34.821 +07:00 [INF] Sending file. Request path: '/Data/logo.svg'. Physical path: 'D:\DUYHK\Project\2025\Fiingroup-website\6.FE\Portal2\wwwroot\Data\logo.svg'
2025-10-29 14:06:34.821 +07:00 [INF] Request finished HTTP/2 GET https://localhost:44372/Data/logo.svg - 200 null image/svg+xml 0.9081ms
2025-10-29 14:06:34.826 +07:00 [INF] Request starting HTTP/2 GET https://localhost:44372/Data/why3.png - null null
2025-10-29 14:06:34.826 +07:00 [INF] Sending file. Request path: '/Data/why3.png'. Physical path: 'D:\DUYHK\Project\2025\Fiingroup-website\6.FE\Portal2\wwwroot\Data\why3.png'
2025-10-29 14:06:34.826 +07:00 [INF] Request finished HTTP/2 GET https://localhost:44372/Data/why3.png - 200 9778 image/png 0.5649ms
2025-10-29 14:06:34.828 +07:00 [INF] Request starting HTTP/2 GET https://localhost:44372/Data/why4.png - null null
2025-10-29 14:06:34.829 +07:00 [INF] Sending file. Request path: '/Data/why4.png'. Physical path: 'D:\DUYHK\Project\2025\Fiingroup-website\6.FE\Portal2\wwwroot\Data\why4.png'
2025-10-29 14:06:34.829 +07:00 [INF] Request finished HTTP/2 GET https://localhost:44372/Data/why4.png - 200 10694 image/png 0.6216ms
2025-10-29 14:06:34.835 +07:00 [INF] Request starting HTTP/2 GET https://localhost:44372/Data/why5.png - null null
2025-10-29 14:06:34.835 +07:00 [INF] Sending file. Request path: '/Data/why5.png'. Physical path: 'D:\DUYHK\Project\2025\Fiingroup-website\6.FE\Portal2\wwwroot\Data\why5.png'
2025-10-29 14:06:34.835 +07:00 [INF] Request finished HTTP/2 GET https://localhost:44372/Data/why5.png - 200 11621 image/png 0.5765ms
2025-10-29 14:06:34.836 +07:00 [INF] Request starting HTTP/2 GET https://localhost:44372/Data/why6.png - null null
2025-10-29 14:06:34.836 +07:00 [INF] Sending file. Request path: '/Data/why6.png'. Physical path: 'D:\DUYHK\Project\2025\Fiingroup-website\6.FE\Portal2\wwwroot\Data\why6.png'
2025-10-29 14:06:34.836 +07:00 [INF] Request finished HTTP/2 GET https://localhost:44372/Data/why6.png - 200 12886 image/png 0.456ms
2025-10-29 14:06:34.842 +07:00 [INF] Request starting HTTP/2 GET https://localhost:44372/Data/banner-hotro.jpg - null null
2025-10-29 14:06:34.843 +07:00 [INF] Sending file. Request path: '/Data/banner-hotro.jpg'. Physical path: 'D:\DUYHK\Project\2025\Fiingroup-website\6.FE\Portal2\wwwroot\Data\banner-hotro.jpg'
2025-10-29 14:06:34.846 +07:00 [INF] Request starting HTTP/2 GET https://localhost:44372/Data/hotro-01.png - null null
2025-10-29 14:06:34.846 +07:00 [INF] Request starting HTTP/2 GET https://localhost:44372/Data/iconht.svg - null null
2025-10-29 14:06:34.846 +07:00 [INF] Request starting HTTP/2 GET https://localhost:44372/Data/hotro-02.png - null null
2025-10-29 14:06:34.846 +07:00 [INF] Sending file. Request path: '/Data/iconht.svg'. Physical path: 'D:\DUYHK\Project\2025\Fiingroup-website\6.FE\Portal2\wwwroot\Data\iconht.svg'
2025-10-29 14:06:34.846 +07:00 [INF] Request finished HTTP/2 GET https://localhost:44372/Data/iconht.svg - 200 null image/svg+xml 0.6262ms
2025-10-29 14:06:34.847 +07:00 [INF] Sending file. Request path: '/Data/hotro-01.png'. Physical path: 'D:\DUYHK\Project\2025\Fiingroup-website\6.FE\Portal2\wwwroot\Data\hotro-01.png'
2025-10-29 14:06:34.847 +07:00 [INF] Request starting HTTP/2 GET https://localhost:44372/Data/hotro-03.png - null null
2025-10-29 14:06:34.847 +07:00 [INF] Sending file. Request path: '/Data/hotro-02.png'. Physical path: 'D:\DUYHK\Project\2025\Fiingroup-website\6.FE\Portal2\wwwroot\Data\hotro-02.png'
2025-10-29 14:06:34.847 +07:00 [INF] Request finished HTTP/2 GET https://localhost:44372/Data/banner-hotro.jpg - 200 306351 image/jpeg 5.3664ms
2025-10-29 14:06:34.848 +07:00 [INF] Sending file. Request path: '/Data/hotro-03.png'. Physical path: 'D:\DUYHK\Project\2025\Fiingroup-website\6.FE\Portal2\wwwroot\Data\hotro-03.png'
2025-10-29 14:06:34.849 +07:00 [INF] Request starting HTTP/2 GET https://localhost:44372/Data/hotro-04.png - null null
2025-10-29 14:06:34.850 +07:00 [INF] Request starting HTTP/2 GET https://localhost:44372/Data/partner1.png - null null
2025-10-29 14:06:34.850 +07:00 [INF] Request starting HTTP/2 GET https://localhost:44372/Data/partner2.png - null null
2025-10-29 14:06:34.850 +07:00 [INF] Sending file. Request path: '/Data/partner2.png'. Physical path: 'D:\DUYHK\Project\2025\Fiingroup-website\6.FE\Portal2\wwwroot\Data\partner2.png'
2025-10-29 14:06:34.850 +07:00 [INF] Sending file. Request path: '/Data/partner1.png'. Physical path: 'D:\DUYHK\Project\2025\Fiingroup-website\6.FE\Portal2\wwwroot\Data\partner1.png'
2025-10-29 14:06:34.850 +07:00 [INF] Sending file. Request path: '/Data/hotro-04.png'. Physical path: 'D:\DUYHK\Project\2025\Fiingroup-website\6.FE\Portal2\wwwroot\Data\hotro-04.png'
2025-10-29 14:06:34.851 +07:00 [INF] Request starting HTTP/2 GET https://localhost:44372/Data/partner3.png - null null
2025-10-29 14:06:34.851 +07:00 [INF] Sending file. Request path: '/Data/partner3.png'. Physical path: 'D:\DUYHK\Project\2025\Fiingroup-website\6.FE\Portal2\wwwroot\Data\partner3.png'
2025-10-29 14:06:34.853 +07:00 [INF] Request starting HTTP/2 GET https://localhost:44372/Data/partner4.png - null null
2025-10-29 14:06:34.853 +07:00 [INF] Sending file. Request path: '/Data/partner4.png'. Physical path: 'D:\DUYHK\Project\2025\Fiingroup-website\6.FE\Portal2\wwwroot\Data\partner4.png'
2025-10-29 14:06:34.854 +07:00 [INF] Request starting HTTP/2 GET https://localhost:44372/Data/partner5.png - null null
2025-10-29 14:06:34.854 +07:00 [INF] Request starting HTTP/2 GET https://localhost:44372/Data/partner6.png - null null
2025-10-29 14:06:34.854 +07:00 [INF] Request starting HTTP/2 GET https://localhost:44372/Data/acb.png - null null
2025-10-29 14:06:34.854 +07:00 [INF] Request starting HTTP/2 GET https://localhost:44372/Data/icon_our1.svg - null null
2025-10-29 14:06:34.855 +07:00 [INF] Sending file. Request path: '/Data/partner5.png'. Physical path: 'D:\DUYHK\Project\2025\Fiingroup-website\6.FE\Portal2\wwwroot\Data\partner5.png'
2025-10-29 14:06:34.855 +07:00 [INF] Sending file. Request path: '/Data/partner6.png'. Physical path: 'D:\DUYHK\Project\2025\Fiingroup-website\6.FE\Portal2\wwwroot\Data\partner6.png'
2025-10-29 14:06:34.855 +07:00 [INF] Request starting HTTP/2 GET https://localhost:44372/Data/our1.jpg - null null
2025-10-29 14:06:34.855 +07:00 [INF] Sending file. Request path: '/Data/acb.png'. Physical path: 'D:\DUYHK\Project\2025\Fiingroup-website\6.FE\Portal2\wwwroot\Data\acb.png'
2025-10-29 14:06:34.855 +07:00 [INF] Request finished HTTP/2 GET https://localhost:44372/Data/acb.png - 200 3193 image/png 0.5154ms
2025-10-29 14:06:34.855 +07:00 [INF] Sending file. Request path: '/Data/icon_our1.svg'. Physical path: 'D:\DUYHK\Project\2025\Fiingroup-website\6.FE\Portal2\wwwroot\Data\icon_our1.svg'
2025-10-29 14:06:34.855 +07:00 [INF] Sending file. Request path: '/Data/our1.jpg'. Physical path: 'D:\DUYHK\Project\2025\Fiingroup-website\6.FE\Portal2\wwwroot\Data\our1.jpg'
2025-10-29 14:06:34.855 +07:00 [INF] Request starting HTTP/2 GET https://localhost:44372/Data/icon_our2.svg - null null
2025-10-29 14:06:34.855 +07:00 [INF] Request finished HTTP/2 GET https://localhost:44372/Data/icon_our1.svg - 200 null image/svg+xml 0.7343ms
2025-10-29 14:06:34.856 +07:00 [INF] Sending file. Request path: '/Data/icon_our2.svg'. Physical path: 'D:\DUYHK\Project\2025\Fiingroup-website\6.FE\Portal2\wwwroot\Data\icon_our2.svg'
2025-10-29 14:06:34.856 +07:00 [INF] Request finished HTTP/2 GET https://localhost:44372/Data/icon_our2.svg - 200 null image/svg+xml 0.6485ms
2025-10-29 14:06:34.857 +07:00 [INF] Request starting HTTP/2 GET https://localhost:44372/Data/baoviet.png - null null
2025-10-29 14:06:34.857 +07:00 [INF] Sending file. Request path: '/Data/baoviet.png'. Physical path: 'D:\DUYHK\Project\2025\Fiingroup-website\6.FE\Portal2\wwwroot\Data\baoviet.png'
2025-10-29 14:06:34.858 +07:00 [INF] Request finished HTTP/2 GET https://localhost:44372/Data/baoviet.png - 200 5265 image/png 0.7332ms
2025-10-29 14:06:34.861 +07:00 [INF] Request starting HTTP/2 GET https://localhost:44372/Data/our2.jpg - null null
2025-10-29 14:06:34.861 +07:00 [INF] Sending file. Request path: '/Data/our2.jpg'. Physical path: 'D:\DUYHK\Project\2025\Fiingroup-website\6.FE\Portal2\wwwroot\Data\our2.jpg'
2025-10-29 14:06:34.861 +07:00 [INF] Request finished HTTP/2 GET https://localhost:44372/Data/hotro-01.png - 200 307413 image/png 15.3575ms
2025-10-29 14:06:34.861 +07:00 [INF] Request starting HTTP/2 GET https://localhost:44372/Data/bg-dangky.jpg - null null
2025-10-29 14:06:34.861 +07:00 [INF] Request starting HTTP/2 GET https://localhost:44372/Data/our3.jpg - null null
2025-10-29 14:06:34.862 +07:00 [INF] Request starting HTTP/2 GET https://localhost:44372/Data/logoft.svg - null null
2025-10-29 14:06:34.862 +07:00 [INF] Sending file. Request path: '/Data/our3.jpg'. Physical path: 'D:\DUYHK\Project\2025\Fiingroup-website\6.FE\Portal2\wwwroot\Data\our3.jpg'
2025-10-29 14:06:34.862 +07:00 [INF] Sending file. Request path: '/Data/bg-dangky.jpg'. Physical path: 'D:\DUYHK\Project\2025\Fiingroup-website\6.FE\Portal2\wwwroot\Data\bg-dangky.jpg'
2025-10-29 14:06:34.862 +07:00 [INF] Sending file. Request path: '/Data/logoft.svg'. Physical path: 'D:\DUYHK\Project\2025\Fiingroup-website\6.FE\Portal2\wwwroot\Data\logoft.svg'
2025-10-29 14:06:34.864 +07:00 [INF] Request starting HTTP/2 GET https://localhost:44372/_vs/browserLink - null null
2025-10-29 14:06:34.865 +07:00 [INF] Request starting HTTP/2 GET https://localhost:44372/Data/bgtop.jpg - null null
2025-10-29 14:06:34.866 +07:00 [INF] Sending file. Request path: '/Data/bgtop.jpg'. Physical path: 'D:\DUYHK\Project\2025\Fiingroup-website\6.FE\Portal2\wwwroot\Data\bgtop.jpg'
2025-10-29 14:06:34.866 +07:00 [INF] Request finished HTTP/2 GET https://localhost:44372/Data/bgtop.jpg - 200 6785 image/jpeg 0.6636ms
2025-10-29 14:06:34.870 +07:00 [INF] Request finished HTTP/2 GET https://localhost:44372/Data/partner1.png - 200 81892 image/png 20.0813ms
2025-10-29 14:06:34.870 +07:00 [INF] Request finished HTTP/2 GET https://localhost:44372/Data/partner2.png - 200 21264 image/png 20.6793ms
2025-10-29 14:06:34.872 +07:00 [INF] Request starting HTTP/2 GET https://localhost:44372/assets/Data/bgvideo.jpg - null null
2025-10-29 14:06:34.873 +07:00 [INF] Request finished HTTP/2 GET https://localhost:44372/assets/Data/bgvideo.jpg - 404 null null 1.0917ms
2025-10-29 14:06:34.873 +07:00 [INF] Request reached the end of the middleware pipeline without being handled by application code. Request path: GET https://localhost:44372/assets/Data/bgvideo.jpg, Response status code: 404
2025-10-29 14:06:34.874 +07:00 [INF] Request finished HTTP/2 GET https://localhost:44372/Data/hotro-03.png - 200 367140 image/png 26.882ms
2025-10-29 14:06:34.875 +07:00 [INF] Request finished HTTP/2 GET https://localhost:44372/Data/partner3.png - 200 33087 image/png 24.1629ms
2025-10-29 14:06:34.875 +07:00 [INF] Request finished HTTP/2 GET https://localhost:44372/Data/partner4.png - 200 32296 image/png 22.3921ms
2025-10-29 14:06:34.875 +07:00 [INF] Request finished HTTP/2 GET https://localhost:44372/Data/partner5.png - 200 30141 image/png 21.2142ms
2025-10-29 14:06:34.876 +07:00 [INF] Request finished HTTP/2 GET https://localhost:44372/Data/partner6.png - 200 30965 image/png 21.3257ms
2025-10-29 14:06:34.877 +07:00 [INF] Request starting HTTP/2 GET https://localhost:44372/Data/bg-what.jpg - null null
2025-10-29 14:06:34.877 +07:00 [INF] Request finished HTTP/2 GET https://localhost:44372/Data/our2.jpg - 200 29114 image/jpeg 16.5084ms
2025-10-29 14:06:34.877 +07:00 [INF] Request finished HTTP/2 GET https://localhost:44372/Data/our3.jpg - 200 35684 image/jpeg 15.848ms
2025-10-29 14:06:34.877 +07:00 [INF] Request starting HTTP/2 GET https://localhost:44372/assets/Data/bgour.png - null null
2025-10-29 14:06:34.877 +07:00 [INF] Request finished HTTP/2 GET https://localhost:44372/Data/bg-dangky.jpg - 200 46525 image/jpeg 16.1647ms
2025-10-29 14:06:34.877 +07:00 [INF] Request finished HTTP/2 GET https://localhost:44372/Data/logoft.svg - 200 null image/svg+xml 15.8308ms
2025-10-29 14:06:34.878 +07:00 [INF] Sending file. Request path: '/Data/bg-what.jpg'. Physical path: 'D:\DUYHK\Project\2025\Fiingroup-website\6.FE\Portal2\wwwroot\Data\bg-what.jpg'
2025-10-29 14:06:34.878 +07:00 [INF] Request finished HTTP/2 GET https://localhost:44372/assets/Data/bgour.png - 404 null null 0.5511ms
2025-10-29 14:06:34.878 +07:00 [INF] Request reached the end of the middleware pipeline without being handled by application code. Request path: GET https://localhost:44372/assets/Data/bgour.png, Response status code: 404
2025-10-29 14:06:34.878 +07:00 [INF] Request starting HTTP/2 GET https://localhost:44372/assets/css/fonts/font-awesome/4.7.0/fonts/fontawesome-webfont.woff2?v=4.7.0 - null null
2025-10-29 14:06:34.879 +07:00 [INF] Sending file. Request path: '/assets/css/fonts/font-awesome/4.7.0/fonts/fontawesome-webfont.woff2'. Physical path: 'D:\DUYHK\Project\2025\Fiingroup-website\6.FE\Portal2\wwwroot\assets\css\fonts\font-awesome\4.7.0\fonts\fontawesome-webfont.woff2'
2025-10-29 14:06:34.880 +07:00 [INF] Request finished HTTP/2 GET https://localhost:44372/Data/our1.jpg - 200 39329 image/jpeg 25.1678ms
2025-10-29 14:06:34.880 +07:00 [INF] Request finished HTTP/2 GET https://localhost:44372/Data/bg-what.jpg - 200 45463 image/jpeg 2.9573ms
2025-10-29 14:06:34.880 +07:00 [INF] Request finished HTTP/2 GET https://localhost:44372/assets/css/fonts/font-awesome/4.7.0/fonts/fontawesome-webfont.woff2?v=4.7.0 - 200 77160 font/woff2 1.6765ms
2025-10-29 14:06:34.886 +07:00 [INF] Request finished HTTP/2 GET https://localhost:44372/Data/hotro-02.png - 200 360391 image/png 39.9409ms
2025-10-29 14:06:34.886 +07:00 [INF] Request finished HTTP/2 GET https://localhost:44372/Data/hotro-04.png - 200 414739 image/png 37.2091ms
2025-10-29 14:06:34.886 +07:00 [INF] Request finished HTTP/2 GET https://localhost:44372/_vs/browserLink - 200 null text/javascript; charset=UTF-8 22.0258ms
2025-10-29 14:06:35.365 +07:00 [INF] Request starting HTTP/2 GET https://localhost:44372/favicon.ico - null null
2025-10-29 14:06:35.366 +07:00 [INF] Request finished HTTP/2 GET https://localhost:44372/favicon.ico - 404 null null 0.8857ms
2025-10-29 14:06:35.366 +07:00 [INF] Request reached the end of the middleware pipeline without being handled by application code. Request path: GET https://localhost:44372/favicon.ico, Response status code: 404
2025-10-29 14:06:35.377 +07:00 [INF] Request starting HTTP/2 GET https://localhost:44372/assets/img/logo/favicon.png - null null
2025-10-29 14:06:35.378 +07:00 [INF] Request finished HTTP/2 GET https://localhost:44372/assets/img/logo/favicon.png - 404 null null 0.7006ms
2025-10-29 14:06:35.378 +07:00 [INF] Request reached the end of the middleware pipeline without being handled by application code. Request path: GET https://localhost:44372/assets/img/logo/favicon.png, Response status code: 404
2025-10-29 14:06:41.948 +07:00 [INF] Request starting HTTP/2 GET https://localhost:44372/.well-known/appspecific/com.chrome.devtools.json - null null
2025-10-29 14:06:41.949 +07:00 [INF] Request finished HTTP/2 GET https://localhost:44372/.well-known/appspecific/com.chrome.devtools.json - 404 null null 0.9677ms
2025-10-29 14:06:41.949 +07:00 [INF] Request reached the end of the middleware pipeline without being handled by application code. Request path: GET https://localhost:44372/.well-known/appspecific/com.chrome.devtools.json, Response status code: 404
2025-10-29 14:07:06.598 +07:00 [INF] Request starting HTTP/2 GET https://localhost:44372/ - null null
2025-10-29 14:07:06.601 +07:00 [INF] Route matched with {action = "Index", controller = "Home"}. Executing controller action with signature Microsoft.AspNetCore.Mvc.IActionResult Index(System.String, Int32) on controller PT.UI.Controllers.HomeController (PT.UI).
2025-10-29 14:07:06.601 +07:00 [INF] Executing ViewResult, running view Index.
2025-10-29 14:07:06.603 +07:00 [INF] Executed ViewResult - view Index executed in 1.6895ms.
2025-10-29 14:07:06.603 +07:00 [INF] Executed action PT.UI.Controllers.HomeController.Index (PT.UI) in 2.0317ms
2025-10-29 14:07:06.603 +07:00 [INF] Request finished HTTP/2 GET https://localhost:44372/ - 200 null text/html; charset=utf-8 5.3476ms
2025-10-29 14:07:06.626 +07:00 [INF] Request starting HTTP/2 GET https://localhost:44372/.well-known/appspecific/com.chrome.devtools.json - null null
2025-10-29 14:07:06.627 +07:00 [INF] Request finished HTTP/2 GET https://localhost:44372/.well-known/appspecific/com.chrome.devtools.json - 404 null null 1.1503ms
2025-10-29 14:07:06.627 +07:00 [INF] Request reached the end of the middleware pipeline without being handled by application code. Request path: GET https://localhost:44372/.well-known/appspecific/com.chrome.devtools.json, Response status code: 404
2025-10-29 14:07:06.637 +07:00 [INF] Request starting HTTP/2 GET https://localhost:44372/_vs/browserLink - null null
2025-10-29 14:07:06.637 +07:00 [INF] Request starting HTTP/2 GET https://localhost:44372/_framework/aspnetcore-browser-refresh.js - null null
2025-10-29 14:07:06.638 +07:00 [INF] Request finished HTTP/2 GET https://localhost:44372/_framework/aspnetcore-browser-refresh.js - 200 16495 application/javascript; charset=utf-8 0.7898ms
2025-10-29 14:07:06.651 +07:00 [INF] Request finished HTTP/2 GET https://localhost:44372/_vs/browserLink - 200 null text/javascript; charset=UTF-8 13.8766ms
2025-10-29 14:07:08.449 +07:00 [INF] Request starting HTTP/2 GET https://localhost:44372/ - null null
2025-10-29 14:07:08.452 +07:00 [INF] Route matched with {action = "Index", controller = "Home"}. Executing controller action with signature Microsoft.AspNetCore.Mvc.IActionResult Index(System.String, Int32) on controller PT.UI.Controllers.HomeController (PT.UI).
2025-10-29 14:07:08.453 +07:00 [INF] Executing ViewResult, running view Index.
2025-10-29 14:07:08.454 +07:00 [INF] Executed ViewResult - view Index executed in 1.8016ms.
2025-10-29 14:07:08.454 +07:00 [INF] Executed action PT.UI.Controllers.HomeController.Index (PT.UI) in 2.1616ms
2025-10-29 14:07:08.455 +07:00 [INF] Request finished HTTP/2 GET https://localhost:44372/ - 200 null text/html; charset=utf-8 6.7057ms
2025-10-29 14:07:08.479 +07:00 [INF] Request starting HTTP/2 GET https://localhost:44372/.well-known/appspecific/com.chrome.devtools.json - null null
2025-10-29 14:07:08.480 +07:00 [INF] Request finished HTTP/2 GET https://localhost:44372/.well-known/appspecific/com.chrome.devtools.json - 404 null null 0.7121ms
2025-10-29 14:07:08.480 +07:00 [INF] Request reached the end of the middleware pipeline without being handled by application code. Request path: GET https://localhost:44372/.well-known/appspecific/com.chrome.devtools.json, Response status code: 404
2025-10-29 14:07:08.493 +07:00 [INF] Request starting HTTP/2 GET https://localhost:44372/assets/css/style.css - null null
2025-10-29 14:07:08.493 +07:00 [INF] Request starting HTTP/2 GET https://localhost:44372/assets/lib/bootstrap-5.2.2-dist/css/bootstrap.min.css - null null
2025-10-29 14:07:08.498 +07:00 [INF] Request starting HTTP/2 GET https://localhost:44372/assets/css/fonts/font-awesome/4.7.0/css/font-awesome.min.css - null null
2025-10-29 14:07:08.498 +07:00 [INF] Request starting HTTP/2 GET https://localhost:44372/assets/lib/OwlCarousel2-2.3.4/dist/assets/owl.carousel.min.css - null null
2025-10-29 14:07:08.498 +07:00 [INF] Sending file. Request path: '/assets/css/style.css'. Physical path: 'D:\DUYHK\Project\2025\Fiingroup-website\6.FE\Portal2\wwwroot\assets\css\style.css'
2025-10-29 14:07:08.503 +07:00 [INF] Request starting HTTP/2 GET https://localhost:44372/assets/css/custom.css - null null
2025-10-29 14:07:08.506 +07:00 [INF] Sending file. Request path: '/assets/lib/OwlCarousel2-2.3.4/dist/assets/owl.carousel.min.css'. Physical path: 'D:\DUYHK\Project\2025\Fiingroup-website\6.FE\Portal2\wwwroot\assets\lib\OwlCarousel2-2.3.4\dist\assets\owl.carousel.min.css'
2025-10-29 14:07:08.506 +07:00 [INF] Request starting HTTP/2 GET https://localhost:44372/assets/lib/fancybox/dist/jquery.fancybox.min.css - null null
2025-10-29 14:07:08.507 +07:00 [INF] Request finished HTTP/2 GET https://localhost:44372/assets/lib/OwlCarousel2-2.3.4/dist/assets/owl.carousel.min.css - 200 null text/css 8.443ms
2025-10-29 14:07:08.507 +07:00 [INF] Sending file. Request path: '/assets/css/custom.css'. Physical path: 'D:\DUYHK\Project\2025\Fiingroup-website\6.FE\Portal2\wwwroot\assets\css\custom.css'
2025-10-29 14:07:08.507 +07:00 [INF] Request starting HTTP/2 GET https://localhost:44372/assets/lib/OwlCarousel2-2.3.4/dist/assets/owl.theme.default.min.css - null null
2025-10-29 14:07:08.510 +07:00 [INF] Sending file. Request path: '/assets/css/fonts/font-awesome/4.7.0/css/font-awesome.min.css'. Physical path: 'D:\DUYHK\Project\2025\Fiingroup-website\6.FE\Portal2\wwwroot\assets\css\fonts\font-awesome\4.7.0\css\font-awesome.min.css'
2025-10-29 14:07:08.510 +07:00 [INF] Request starting HTTP/2 GET https://localhost:44372/Data/vi.png - null null
2025-10-29 14:07:08.511 +07:00 [INF] Request starting HTTP/2 GET https://localhost:44372/Data/en.svg - null null
2025-10-29 14:07:08.511 +07:00 [INF] Sending file. Request path: '/assets/lib/fancybox/dist/jquery.fancybox.min.css'. Physical path: 'D:\DUYHK\Project\2025\Fiingroup-website\6.FE\Portal2\wwwroot\assets\lib\fancybox\dist\jquery.fancybox.min.css'
2025-10-29 14:07:08.511 +07:00 [INF] Request starting HTTP/2 GET https://localhost:44372/assets/js/jquery.min.js - null null
2025-10-29 14:07:08.511 +07:00 [INF] Sending file. Request path: '/Data/vi.png'. Physical path: 'D:\DUYHK\Project\2025\Fiingroup-website\6.FE\Portal2\wwwroot\Data\vi.png'
2025-10-29 14:07:08.511 +07:00 [INF] Sending file. Request path: '/assets/lib/OwlCarousel2-2.3.4/dist/assets/owl.theme.default.min.css'. Physical path: 'D:\DUYHK\Project\2025\Fiingroup-website\6.FE\Portal2\wwwroot\assets\lib\OwlCarousel2-2.3.4\dist\assets\owl.theme.default.min.css'
2025-10-29 14:07:08.512 +07:00 [INF] Request finished HTTP/2 GET https://localhost:44372/Data/vi.png - 200 381 image/png 1.0003ms
2025-10-29 14:07:08.514 +07:00 [INF] Request finished HTTP/2 GET https://localhost:44372/assets/lib/OwlCarousel2-2.3.4/dist/assets/owl.theme.default.min.css - 200 null text/css 7.0288ms
2025-10-29 14:07:08.514 +07:00 [INF] Request finished HTTP/2 GET https://localhost:44372/assets/css/style.css - 200 null text/css 20.7085ms
2025-10-29 14:07:08.514 +07:00 [INF] Request finished HTTP/2 GET https://localhost:44372/assets/css/fonts/font-awesome/4.7.0/css/font-awesome.min.css - 200 null text/css 16.0219ms
2025-10-29 14:07:08.514 +07:00 [INF] Request finished HTTP/2 GET https://localhost:44372/assets/css/custom.css - 200 null text/css 11.4411ms
2025-10-29 14:07:08.514 +07:00 [INF] Request finished HTTP/2 GET https://localhost:44372/assets/lib/fancybox/dist/jquery.fancybox.min.css - 200 null text/css 7.9658ms
2025-10-29 14:07:08.514 +07:00 [INF] Sending file. Request path: '/Data/en.svg'. Physical path: 'D:\DUYHK\Project\2025\Fiingroup-website\6.FE\Portal2\wwwroot\Data\en.svg'
2025-10-29 14:07:08.514 +07:00 [INF] Request finished HTTP/2 GET https://localhost:44372/Data/en.svg - 200 null image/svg+xml 3.6956ms
2025-10-29 14:07:08.515 +07:00 [INF] Sending file. Request path: '/assets/js/jquery.min.js'. Physical path: 'D:\DUYHK\Project\2025\Fiingroup-website\6.FE\Portal2\wwwroot\assets\js\jquery.min.js'
2025-10-29 14:07:08.515 +07:00 [INF] Sending file. Request path: '/assets/lib/bootstrap-5.2.2-dist/css/bootstrap.min.css'. Physical path: 'D:\DUYHK\Project\2025\Fiingroup-website\6.FE\Portal2\wwwroot\assets\lib\bootstrap-5.2.2-dist\css\bootstrap.min.css'
2025-10-29 14:07:08.516 +07:00 [INF] Request finished HTTP/2 GET https://localhost:44372/assets/lib/bootstrap-5.2.2-dist/css/bootstrap.min.css - 200 null text/css 23.0379ms
2025-10-29 14:07:08.517 +07:00 [INF] Request finished HTTP/2 GET https://localhost:44372/assets/js/jquery.min.js - 200 93100 text/javascript 6.3009ms
2025-10-29 14:07:08.580 +07:00 [INF] Request starting HTTP/2 GET https://localhost:44372/Data/banner.png - null null
2025-10-29 14:07:08.580 +07:00 [INF] Request starting HTTP/2 GET https://localhost:44372/Data/why1.png - null null
2025-10-29 14:07:08.580 +07:00 [INF] Sending file. Request path: '/Data/why1.png'. Physical path: 'D:\DUYHK\Project\2025\Fiingroup-website\6.FE\Portal2\wwwroot\Data\why1.png'
2025-10-29 14:07:08.580 +07:00 [INF] Request finished HTTP/2 GET https://localhost:44372/Data/why1.png - 200 14212 image/png 0.6077ms
2025-10-29 14:07:08.582 +07:00 [INF] Sending file. Request path: '/Data/banner.png'. Physical path: 'D:\DUYHK\Project\2025\Fiingroup-website\6.FE\Portal2\wwwroot\Data\banner.png'
2025-10-29 14:07:08.594 +07:00 [INF] Request finished HTTP/2 GET https://localhost:44372/Data/banner.png - 200 717328 image/png 14.1637ms
2025-10-29 14:07:08.597 +07:00 [INF] Request starting HTTP/2 GET https://localhost:44372/Data/why2.png - null null
2025-10-29 14:07:08.598 +07:00 [INF] Request starting HTTP/2 GET https://localhost:44372/assets/lib/bootstrap-5.2.2-dist/js/bootstrap.bundle.min.js - null null
2025-10-29 14:07:08.598 +07:00 [INF] Sending file. Request path: '/Data/why2.png'. Physical path: 'D:\DUYHK\Project\2025\Fiingroup-website\6.FE\Portal2\wwwroot\Data\why2.png'
2025-10-29 14:07:08.598 +07:00 [INF] Request finished HTTP/2 GET https://localhost:44372/Data/why2.png - 200 11775 image/png 0.5639ms
2025-10-29 14:07:08.598 +07:00 [INF] Sending file. Request path: '/assets/lib/bootstrap-5.2.2-dist/js/bootstrap.bundle.min.js'. Physical path: 'D:\DUYHK\Project\2025\Fiingroup-website\6.FE\Portal2\wwwroot\assets\lib\bootstrap-5.2.2-dist\js\bootstrap.bundle.min.js'
2025-10-29 14:07:08.600 +07:00 [INF] Request finished HTTP/2 GET https://localhost:44372/assets/lib/bootstrap-5.2.2-dist/js/bootstrap.bundle.min.js - 200 80502 text/javascript 2.6813ms
2025-10-29 14:07:08.604 +07:00 [INF] Request starting HTTP/2 GET https://localhost:44372/assets/js/bootstrap.js?v=5.5.9 - null null
2025-10-29 14:07:08.605 +07:00 [INF] Request starting HTTP/2 GET https://localhost:44372/assets/js/owl.carousel.min.js?v=5.5.9 - null null
2025-10-29 14:07:08.605 +07:00 [INF] Sending file. Request path: '/assets/js/bootstrap.js'. Physical path: 'D:\DUYHK\Project\2025\Fiingroup-website\6.FE\Portal2\wwwroot\assets\js\bootstrap.js'
2025-10-29 14:07:08.605 +07:00 [INF] Sending file. Request path: '/assets/js/owl.carousel.min.js'. Physical path: 'D:\DUYHK\Project\2025\Fiingroup-website\6.FE\Portal2\wwwroot\assets\js\owl.carousel.min.js'
2025-10-29 14:07:08.606 +07:00 [INF] Request finished HTTP/2 GET https://localhost:44372/assets/js/bootstrap.js?v=5.5.9 - 200 27674 text/javascript 1.5362ms
2025-10-29 14:07:08.606 +07:00 [INF] Request finished HTTP/2 GET https://localhost:44372/assets/js/owl.carousel.min.js?v=5.5.9 - 200 42772 text/javascript 1.4755ms
2025-10-29 14:07:08.610 +07:00 [INF] Request starting HTTP/2 GET https://localhost:44372/assets/js/waypoints.min.js - null null
2025-10-29 14:07:08.610 +07:00 [INF] Request starting HTTP/2 GET https://localhost:44372/assets/js/site.js?v=1.0 - null null
2025-10-29 14:07:08.610 +07:00 [INF] Sending file. Request path: '/assets/js/site.js'. Physical path: 'D:\DUYHK\Project\2025\Fiingroup-website\6.FE\Portal2\wwwroot\assets\js\site.js'
2025-10-29 14:07:08.610 +07:00 [INF] Sending file. Request path: '/assets/js/waypoints.min.js'. Physical path: 'D:\DUYHK\Project\2025\Fiingroup-website\6.FE\Portal2\wwwroot\assets\js\waypoints.min.js'
2025-10-29 14:07:08.610 +07:00 [INF] Request finished HTTP/2 GET https://localhost:44372/assets/js/site.js?v=1.0 - 200 1676 text/javascript 0.6455ms
2025-10-29 14:07:08.610 +07:00 [INF] Request finished HTTP/2 GET https://localhost:44372/assets/js/waypoints.min.js - 200 8044 text/javascript 0.7101ms
2025-10-29 14:07:08.612 +07:00 [INF] Request starting HTTP/2 GET https://localhost:44372/_framework/aspnetcore-browser-refresh.js - null null
2025-10-29 14:07:08.612 +07:00 [INF] Request starting HTTP/2 GET https://localhost:44372/Data/logo.svg - null null
2025-10-29 14:07:08.612 +07:00 [INF] Request starting HTTP/2 GET https://localhost:44372/assets/js/jquery.counterup.min.js - null null
2025-10-29 14:07:08.612 +07:00 [INF] Request starting HTTP/2 GET https://localhost:44372/assets/lib/fancybox/dist/jquery.fancybox.min.js - null null
2025-10-29 14:07:08.612 +07:00 [INF] Sending file. Request path: '/assets/js/jquery.counterup.min.js'. Physical path: 'D:\DUYHK\Project\2025\Fiingroup-website\6.FE\Portal2\wwwroot\assets\js\jquery.counterup.min.js'
2025-10-29 14:07:08.613 +07:00 [INF] Request finished HTTP/2 GET https://localhost:44372/_framework/aspnetcore-browser-refresh.js - 200 16495 application/javascript; charset=utf-8 0.8689ms
2025-10-29 14:07:08.613 +07:00 [INF] Request finished HTTP/2 GET https://localhost:44372/assets/js/jquery.counterup.min.js - 200 1067 text/javascript 0.9631ms
2025-10-29 14:07:08.613 +07:00 [INF] Sending file. Request path: '/Data/logo.svg'. Physical path: 'D:\DUYHK\Project\2025\Fiingroup-website\6.FE\Portal2\wwwroot\Data\logo.svg'
2025-10-29 14:07:08.613 +07:00 [INF] Sending file. Request path: '/assets/lib/fancybox/dist/jquery.fancybox.min.js'. Physical path: 'D:\DUYHK\Project\2025\Fiingroup-website\6.FE\Portal2\wwwroot\assets\lib\fancybox\dist\jquery.fancybox.min.js'
2025-10-29 14:07:08.614 +07:00 [INF] Request starting HTTP/2 GET https://localhost:44372/Data/why3.png - null null
2025-10-29 14:07:08.616 +07:00 [INF] Request finished HTTP/2 GET https://localhost:44372/assets/lib/fancybox/dist/jquery.fancybox.min.js - 200 68265 text/javascript 4.0944ms
2025-10-29 14:07:08.616 +07:00 [INF] Request starting HTTP/2 GET https://localhost:44372/Data/why5.png - null null
2025-10-29 14:07:08.616 +07:00 [INF] Request starting HTTP/2 GET https://localhost:44372/Data/why4.png - null null
2025-10-29 14:07:08.616 +07:00 [INF] Request starting HTTP/2 GET https://localhost:44372/Data/banner-hotro.jpg - null null
2025-10-29 14:07:08.616 +07:00 [INF] Request finished HTTP/2 GET https://localhost:44372/Data/logo.svg - 200 null image/svg+xml 4.1023ms
2025-10-29 14:07:08.616 +07:00 [INF] Request starting HTTP/2 GET https://localhost:44372/Data/why6.png - null null
2025-10-29 14:07:08.616 +07:00 [INF] Sending file. Request path: '/Data/why3.png'. Physical path: 'D:\DUYHK\Project\2025\Fiingroup-website\6.FE\Portal2\wwwroot\Data\why3.png'
2025-10-29 14:07:08.617 +07:00 [INF] Request finished HTTP/2 GET https://localhost:44372/Data/why3.png - 200 9778 image/png 3.2001ms
2025-10-29 14:07:08.617 +07:00 [INF] Sending file. Request path: '/Data/why4.png'. Physical path: 'D:\DUYHK\Project\2025\Fiingroup-website\6.FE\Portal2\wwwroot\Data\why4.png'
2025-10-29 14:07:08.617 +07:00 [INF] Sending file. Request path: '/Data/why5.png'. Physical path: 'D:\DUYHK\Project\2025\Fiingroup-website\6.FE\Portal2\wwwroot\Data\why5.png'
2025-10-29 14:07:08.617 +07:00 [INF] Sending file. Request path: '/Data/why6.png'. Physical path: 'D:\DUYHK\Project\2025\Fiingroup-website\6.FE\Portal2\wwwroot\Data\why6.png'
2025-10-29 14:07:08.617 +07:00 [INF] Request finished HTTP/2 GET https://localhost:44372/Data/why5.png - 200 11621 image/png 0.8733ms
2025-10-29 14:07:08.617 +07:00 [INF] Request finished HTTP/2 GET https://localhost:44372/Data/why4.png - 200 10694 image/png 0.8685ms
2025-10-29 14:07:08.617 +07:00 [INF] Request finished HTTP/2 GET https://localhost:44372/Data/why6.png - 200 12886 image/png 0.9052ms
2025-10-29 14:07:08.620 +07:00 [INF] Request starting HTTP/2 GET https://localhost:44372/Data/iconht.svg - null null
2025-10-29 14:07:08.620 +07:00 [INF] Request starting HTTP/2 GET https://localhost:44372/Data/hotro-01.png - null null
2025-10-29 14:07:08.620 +07:00 [INF] Request starting HTTP/2 GET https://localhost:44372/Data/hotro-02.png - null null
2025-10-29 14:07:08.620 +07:00 [INF] Sending file. Request path: '/Data/banner-hotro.jpg'. Physical path: 'D:\DUYHK\Project\2025\Fiingroup-website\6.FE\Portal2\wwwroot\Data\banner-hotro.jpg'
2025-10-29 14:07:08.621 +07:00 [INF] Sending file. Request path: '/Data/iconht.svg'. Physical path: 'D:\DUYHK\Project\2025\Fiingroup-website\6.FE\Portal2\wwwroot\Data\iconht.svg'
2025-10-29 14:07:08.621 +07:00 [INF] Request finished HTTP/2 GET https://localhost:44372/Data/iconht.svg - 200 null image/svg+xml 0.7256ms
2025-10-29 14:07:08.621 +07:00 [INF] Sending file. Request path: '/Data/hotro-01.png'. Physical path: 'D:\DUYHK\Project\2025\Fiingroup-website\6.FE\Portal2\wwwroot\Data\hotro-01.png'
2025-10-29 14:07:08.621 +07:00 [INF] Sending file. Request path: '/Data/hotro-02.png'. Physical path: 'D:\DUYHK\Project\2025\Fiingroup-website\6.FE\Portal2\wwwroot\Data\hotro-02.png'
2025-10-29 14:07:08.624 +07:00 [INF] Request starting HTTP/2 GET https://localhost:44372/Data/hotro-03.png - null null
2025-10-29 14:07:08.624 +07:00 [INF] Request starting HTTP/2 GET https://localhost:44372/Data/hotro-04.png - null null
2025-10-29 14:07:08.626 +07:00 [INF] Sending file. Request path: '/Data/hotro-03.png'. Physical path: 'D:\DUYHK\Project\2025\Fiingroup-website\6.FE\Portal2\wwwroot\Data\hotro-03.png'
2025-10-29 14:07:08.626 +07:00 [INF] Sending file. Request path: '/Data/hotro-04.png'. Physical path: 'D:\DUYHK\Project\2025\Fiingroup-website\6.FE\Portal2\wwwroot\Data\hotro-04.png'
2025-10-29 14:07:08.628 +07:00 [INF] Request starting HTTP/2 GET https://localhost:44372/Data/partner1.png - null null
2025-10-29 14:07:08.629 +07:00 [INF] Sending file. Request path: '/Data/partner1.png'. Physical path: 'D:\DUYHK\Project\2025\Fiingroup-website\6.FE\Portal2\wwwroot\Data\partner1.png'
2025-10-29 14:07:08.630 +07:00 [INF] Request starting HTTP/2 GET https://localhost:44372/Data/partner2.png - null null
2025-10-29 14:07:08.631 +07:00 [INF] Sending file. Request path: '/Data/partner2.png'. Physical path: 'D:\DUYHK\Project\2025\Fiingroup-website\6.FE\Portal2\wwwroot\Data\partner2.png'
2025-10-29 14:07:08.631 +07:00 [INF] Request starting HTTP/2 GET https://localhost:44372/Data/partner3.png - null null
2025-10-29 14:07:08.632 +07:00 [INF] Sending file. Request path: '/Data/partner3.png'. Physical path: 'D:\DUYHK\Project\2025\Fiingroup-website\6.FE\Portal2\wwwroot\Data\partner3.png'
2025-10-29 14:07:08.632 +07:00 [INF] Request starting HTTP/2 GET https://localhost:44372/Data/partner4.png - null null
2025-10-29 14:07:08.632 +07:00 [INF] Request starting HTTP/2 GET https://localhost:44372/Data/partner5.png - null null
2025-10-29 14:07:08.632 +07:00 [INF] Sending file. Request path: '/Data/partner4.png'. Physical path: 'D:\DUYHK\Project\2025\Fiingroup-website\6.FE\Portal2\wwwroot\Data\partner4.png'
2025-10-29 14:07:08.632 +07:00 [INF] Sending file. Request path: '/Data/partner5.png'. Physical path: 'D:\DUYHK\Project\2025\Fiingroup-website\6.FE\Portal2\wwwroot\Data\partner5.png'
2025-10-29 14:07:08.635 +07:00 [INF] Request starting HTTP/2 GET https://localhost:44372/Data/acb.png - null null
2025-10-29 14:07:08.635 +07:00 [INF] Request starting HTTP/2 GET https://localhost:44372/Data/partner6.png - null null
2025-10-29 14:07:08.635 +07:00 [INF] Sending file. Request path: '/Data/acb.png'. Physical path: 'D:\DUYHK\Project\2025\Fiingroup-website\6.FE\Portal2\wwwroot\Data\acb.png'
2025-10-29 14:07:08.635 +07:00 [INF] Sending file. Request path: '/Data/partner6.png'. Physical path: 'D:\DUYHK\Project\2025\Fiingroup-website\6.FE\Portal2\wwwroot\Data\partner6.png'
2025-10-29 14:07:08.635 +07:00 [INF] Request finished HTTP/2 GET https://localhost:44372/Data/acb.png - 200 3193 image/png 0.6401ms
2025-10-29 14:07:08.637 +07:00 [INF] Request starting HTTP/2 GET https://localhost:44372/Data/icon_our1.svg - null null
2025-10-29 14:07:08.637 +07:00 [INF] Request finished HTTP/2 GET https://localhost:44372/Data/banner-hotro.jpg - 200 306351 image/jpeg 20.8627ms
2025-10-29 14:07:08.637 +07:00 [INF] Sending file. Request path: '/Data/icon_our1.svg'. Physical path: 'D:\DUYHK\Project\2025\Fiingroup-website\6.FE\Portal2\wwwroot\Data\icon_our1.svg'
2025-10-29 14:07:08.637 +07:00 [INF] Request finished HTTP/2 GET https://localhost:44372/Data/icon_our1.svg - 200 null image/svg+xml 0.6708ms
2025-10-29 14:07:08.638 +07:00 [INF] Request starting HTTP/2 GET https://localhost:44372/Data/our1.jpg - null null
2025-10-29 14:07:08.638 +07:00 [INF] Sending file. Request path: '/Data/our1.jpg'. Physical path: 'D:\DUYHK\Project\2025\Fiingroup-website\6.FE\Portal2\wwwroot\Data\our1.jpg'
2025-10-29 14:07:08.641 +07:00 [INF] Request starting HTTP/2 GET https://localhost:44372/Data/icon_our2.svg - null null
2025-10-29 14:07:08.642 +07:00 [INF] Sending file. Request path: '/Data/icon_our2.svg'. Physical path: 'D:\DUYHK\Project\2025\Fiingroup-website\6.FE\Portal2\wwwroot\Data\icon_our2.svg'
2025-10-29 14:07:08.642 +07:00 [INF] Request starting HTTP/2 GET https://localhost:44372/Data/baoviet.png - null null
2025-10-29 14:07:08.642 +07:00 [INF] Request finished HTTP/2 GET https://localhost:44372/Data/icon_our2.svg - 200 null image/svg+xml 0.8432ms
2025-10-29 14:07:08.642 +07:00 [INF] Sending file. Request path: '/Data/baoviet.png'. Physical path: 'D:\DUYHK\Project\2025\Fiingroup-website\6.FE\Portal2\wwwroot\Data\baoviet.png'
2025-10-29 14:07:08.642 +07:00 [INF] Request finished HTTP/2 GET https://localhost:44372/Data/baoviet.png - 200 5265 image/png 0.4621ms
2025-10-29 14:07:08.643 +07:00 [INF] Request finished HTTP/2 GET https://localhost:44372/Data/hotro-01.png - 200 307413 image/png 22.7831ms
2025-10-29 14:07:08.645 +07:00 [INF] Request starting HTTP/2 GET https://localhost:44372/Data/our2.jpg - null null
2025-10-29 14:07:08.645 +07:00 [INF] Request starting HTTP/2 GET https://localhost:44372/Data/our3.jpg - null null
2025-10-29 14:07:08.646 +07:00 [INF] Sending file. Request path: '/Data/our2.jpg'. Physical path: 'D:\DUYHK\Project\2025\Fiingroup-website\6.FE\Portal2\wwwroot\Data\our2.jpg'
2025-10-29 14:07:08.646 +07:00 [INF] Sending file. Request path: '/Data/our3.jpg'. Physical path: 'D:\DUYHK\Project\2025\Fiingroup-website\6.FE\Portal2\wwwroot\Data\our3.jpg'
2025-10-29 14:07:08.646 +07:00 [INF] Request starting HTTP/2 GET https://localhost:44372/Data/bg-dangky.jpg - null null
2025-10-29 14:07:08.646 +07:00 [INF] Request starting HTTP/2 GET https://localhost:44372/Data/logoft.svg - null null
2025-10-29 14:07:08.646 +07:00 [INF] Sending file. Request path: '/Data/bg-dangky.jpg'. Physical path: 'D:\DUYHK\Project\2025\Fiingroup-website\6.FE\Portal2\wwwroot\Data\bg-dangky.jpg'
2025-10-29 14:07:08.647 +07:00 [INF] Sending file. Request path: '/Data/logoft.svg'. Physical path: 'D:\DUYHK\Project\2025\Fiingroup-website\6.FE\Portal2\wwwroot\Data\logoft.svg'
2025-10-29 14:07:08.649 +07:00 [INF] Request starting HTTP/2 GET https://localhost:44372/_vs/browserLink - null null
2025-10-29 14:07:08.654 +07:00 [INF] Request starting HTTP/2 GET https://localhost:44372/Data/bgtop.jpg - null null
2025-10-29 14:07:08.655 +07:00 [INF] Sending file. Request path: '/Data/bgtop.jpg'. Physical path: 'D:\DUYHK\Project\2025\Fiingroup-website\6.FE\Portal2\wwwroot\Data\bgtop.jpg'
2025-10-29 14:07:08.655 +07:00 [INF] Request finished HTTP/2 GET https://localhost:44372/Data/bgtop.jpg - 200 6785 image/jpeg 0.9022ms
2025-10-29 14:07:08.662 +07:00 [INF] Request finished HTTP/2 GET https://localhost:44372/Data/partner2.png - 200 21264 image/png 32.2843ms
2025-10-29 14:07:08.663 +07:00 [INF] Request finished HTTP/2 GET https://localhost:44372/Data/partner3.png - 200 33087 image/png 32.6294ms
2025-10-29 14:07:08.664 +07:00 [INF] Request finished HTTP/2 GET https://localhost:44372/Data/partner4.png - 200 32296 image/png 32.2944ms
2025-10-29 14:07:08.665 +07:00 [INF] Request finished HTTP/2 GET https://localhost:44372/Data/partner6.png - 200 30965 image/png 30.1313ms
2025-10-29 14:07:08.665 +07:00 [INF] Request starting HTTP/2 GET https://localhost:44372/assets/Data/bgvideo.jpg - null null
2025-10-29 14:07:08.665 +07:00 [INF] Request finished HTTP/2 GET https://localhost:44372/Data/our1.jpg - 200 39329 image/jpeg 27.5482ms
2025-10-29 14:07:08.666 +07:00 [INF] Request finished HTTP/2 GET https://localhost:44372/assets/Data/bgvideo.jpg - 404 null null 0.5704ms
2025-10-29 14:07:08.666 +07:00 [INF] Request reached the end of the middleware pipeline without being handled by application code. Request path: GET https://localhost:44372/assets/Data/bgvideo.jpg, Response status code: 404
2025-10-29 14:07:08.666 +07:00 [INF] Request finished HTTP/2 GET https://localhost:44372/Data/our2.jpg - 200 29114 image/jpeg 20.88ms
2025-10-29 14:07:08.666 +07:00 [INF] Request finished HTTP/2 GET https://localhost:44372/Data/our3.jpg - 200 35684 image/jpeg 20.6019ms
2025-10-29 14:07:08.666 +07:00 [INF] Request finished HTTP/2 GET https://localhost:44372/Data/bg-dangky.jpg - 200 46525 image/jpeg 20.1234ms
2025-10-29 14:07:08.666 +07:00 [INF] Request finished HTTP/2 GET https://localhost:44372/Data/logoft.svg - 200 null image/svg+xml 20.0913ms
2025-10-29 14:07:08.667 +07:00 [INF] Request finished HTTP/2 GET https://localhost:44372/Data/hotro-02.png - 200 360391 image/png 46.5242ms
2025-10-29 14:07:08.667 +07:00 [INF] Request finished HTTP/2 GET https://localhost:44372/Data/partner1.png - 200 81892 image/png 38.4172ms
2025-10-29 14:07:08.667 +07:00 [INF] Request finished HTTP/2 GET https://localhost:44372/Data/partner5.png - 200 30141 image/png 34.9962ms
2025-10-29 14:07:08.671 +07:00 [INF] Request starting HTTP/2 GET https://localhost:44372/Data/bg-what.jpg - null null
2025-10-29 14:07:08.672 +07:00 [INF] Sending file. Request path: '/Data/bg-what.jpg'. Physical path: 'D:\DUYHK\Project\2025\Fiingroup-website\6.FE\Portal2\wwwroot\Data\bg-what.jpg'
2025-10-29 14:07:08.672 +07:00 [INF] Request finished HTTP/2 GET https://localhost:44372/Data/hotro-03.png - 200 367140 image/png 47.6109ms
2025-10-29 14:07:08.672 +07:00 [INF] Request finished HTTP/2 GET https://localhost:44372/_vs/browserLink - 200 null text/javascript; charset=UTF-8 22.6288ms
2025-10-29 14:07:08.673 +07:00 [INF] Request finished HTTP/2 GET https://localhost:44372/Data/bg-what.jpg - 200 45463 image/jpeg 1.8951ms
2025-10-29 14:07:08.676 +07:00 [INF] Request finished HTTP/2 GET https://localhost:44372/Data/hotro-04.png - 200 414739 image/png 51.8052ms
2025-10-29 14:07:08.678 +07:00 [INF] Request starting HTTP/2 GET https://localhost:44372/assets/Data/bgour.png - null null
2025-10-29 14:07:08.678 +07:00 [INF] Request finished HTTP/2 GET https://localhost:44372/assets/Data/bgour.png - 404 null null 0.5808ms
2025-10-29 14:07:08.678 +07:00 [INF] Request reached the end of the middleware pipeline without being handled by application code. Request path: GET https://localhost:44372/assets/Data/bgour.png, Response status code: 404
2025-10-29 14:07:08.680 +07:00 [INF] Request starting HTTP/2 GET https://localhost:44372/assets/css/fonts/font-awesome/4.7.0/fonts/fontawesome-webfont.woff2?v=4.7.0 - null null
2025-10-29 14:07:08.681 +07:00 [INF] Sending file. Request path: '/assets/css/fonts/font-awesome/4.7.0/fonts/fontawesome-webfont.woff2'. Physical path: 'D:\DUYHK\Project\2025\Fiingroup-website\6.FE\Portal2\wwwroot\assets\css\fonts\font-awesome\4.7.0\fonts\fontawesome-webfont.woff2'
2025-10-29 14:07:08.682 +07:00 [INF] Request finished HTTP/2 GET https://localhost:44372/assets/css/fonts/font-awesome/4.7.0/fonts/fontawesome-webfont.woff2?v=4.7.0 - 200 77160 font/woff2 1.9789ms
2025-10-29 14:07:09.178 +07:00 [INF] Request starting HTTP/2 GET https://localhost:44372/favicon.ico - null null
2025-10-29 14:07:09.179 +07:00 [INF] Request finished HTTP/2 GET https://localhost:44372/favicon.ico - 404 null null 0.6959ms
2025-10-29 14:07:09.179 +07:00 [INF] Request reached the end of the middleware pipeline without being handled by application code. Request path: GET https://localhost:44372/favicon.ico, Response status code: 404
2025-10-29 14:07:09.188 +07:00 [INF] Request starting HTTP/2 GET https://localhost:44372/assets/img/logo/favicon.png - null null
2025-10-29 14:07:09.188 +07:00 [INF] Request finished HTTP/2 GET https://localhost:44372/assets/img/logo/favicon.png - 404 null null 0.6015ms
2025-10-29 14:07:09.188 +07:00 [INF] Request reached the end of the middleware pipeline without being handled by application code. Request path: GET https://localhost:44372/assets/img/logo/favicon.png, Response status code: 404
2025-10-29 14:07:38.810 +07:00 [INF] Request starting HTTP/2 GET https://localhost:44372/.well-known/appspecific/com.chrome.devtools.json - null null
2025-10-29 14:07:38.811 +07:00 [INF] Request finished HTTP/2 GET https://localhost:44372/.well-known/appspecific/com.chrome.devtools.json - 404 null null 0.7964ms
2025-10-29 14:07:38.811 +07:00 [INF] Request reached the end of the middleware pipeline without being handled by application code. Request path: GET https://localhost:44372/.well-known/appspecific/com.chrome.devtools.json, Response status code: 404
2025-10-29 14:26:10.440 +07:00 [INF] Request starting HTTP/2 GET https://localhost:44372/ - null null
2025-10-29 14:26:10.524 +07:00 [INF] Application started. Press Ctrl+C to shut down.
2025-10-29 14:26:10.525 +07:00 [INF] Hosting environment: Development
2025-10-29 14:26:10.525 +07:00 [INF] Content root path: D:\DUYHK\Project\2025\Fiingroup-website\6.FE\Portal2
2025-10-29 14:26:11.995 +07:00 [INF] Executed DbCommand (46ms) [Parameters=[@__slug_0='?' (Size = 4000), @__language_1='?' (Size = 10), @__baseSettings_Value_PortalId_2='?' (DbType = Int32)], CommandType='"Text"', CommandTimeout='30']
SELECT TOP(1) [l].[Id], [l].[Acction], [l].[Area], [l].[Changefreq], [l].[Controller], [l].[Delete], [l].[Description], [l].[FacebookBanner], [l].[FacebookDescription], [l].[FocusKeywords], [l].[GooglePlusDescription], [l].[IncludeSitemap], [l].[IsStatic], [l].[Keywords], [l].[Language], [l].[Lastmod], [l].[MetaRobotsAdvance], [l].[MetaRobotsFollow], [l].[MetaRobotsIndex], [l].[Name], [l].[ObjectId], [l].[Parrams], [l].[PortalId], [l].[Priority], [l].[Redirect301], [l].[Slug], [l].[Status], [l].[Title], [l].[Type]
FROM [Link] AS [l]
WHERE [l].[Slug] = @__slug_0 AND [l].[Language] = @__language_1 AND [l].[PortalId] = @__baseSettings_Value_PortalId_2
2025-10-29 14:26:12.100 +07:00 [INF] Route matched with {action = "Index", controller = "Home"}. Executing controller action with signature Microsoft.AspNetCore.Mvc.IActionResult Index(System.String, Int32) on controller PT.UI.Controllers.HomeController (PT.UI).
2025-10-29 14:26:12.144 +07:00 [INF] Executing ViewResult, running view Index.
2025-10-29 14:26:12.196 +07:00 [INF] Executed DbCommand (9ms) [Parameters=[@__code_0='?' (Size = 4000), @__language_1='?' (Size = 4000), @__portalId_2='?' (DbType = Int32)], CommandType='"Text"', CommandTimeout='30']
SELECT TOP(1) [b].[Id], [b].[ClassActive], [b].[Code], [b].[Content], [b].[Delete], [b].[Language], [b].[Name], [b].[PortalId], [b].[Status], [b].[Template], [b].[Type]
FROM [Banner] AS [b]
WHERE [b].[Code] = @__code_0 AND [b].[Delete] = CAST(0 AS bit) AND [b].[Language] = @__language_1 AND [b].[PortalId] = @__portalId_2 AND [b].[Type] = 0
2025-10-29 14:26:12.221 +07:00 [INF] Executed DbCommand (8ms) [Parameters=[@__code_0='?' (Size = 4000), @__language_1='?' (Size = 10), @__portalId_2='?' (DbType = Int32)], CommandType='"Text"', CommandTimeout='30']
SELECT TOP(1) [s].[Id], [s].[Code], [s].[Content], [s].[Data], [s].[Delete], [s].[Language], [s].[Name], [s].[ParentId], [s].[PortalId], [s].[Status]
FROM [StaticInformation] AS [s]
WHERE [s].[Code] = @__code_0 AND [s].[Delete] = CAST(0 AS bit) AND [s].[Language] = @__language_1 AND [s].[PortalId] = @__portalId_2
2025-10-29 14:26:12.243 +07:00 [INF] Executed DbCommand (8ms) [Parameters=[@__code_0='?' (Size = 4000), @__language_1='?' (Size = 4000), @__portalId_2='?' (DbType = Int32)], CommandType='"Text"', CommandTimeout='30']
SELECT TOP(1) [b].[Id], [b].[ClassActive], [b].[Code], [b].[Content], [b].[Delete], [b].[Language], [b].[Name], [b].[PortalId], [b].[Status], [b].[Template], [b].[Type]
FROM [Banner] AS [b]
WHERE [b].[Code] = @__code_0 AND [b].[Delete] = CAST(0 AS bit) AND [b].[Language] = @__language_1 AND [b].[PortalId] = @__portalId_2 AND [b].[Type] = 1
2025-10-29 14:26:12.260 +07:00 [INF] Executed DbCommand (8ms) [Parameters=[@__code_0='?' (Size = 4000), @__language_1='?' (Size = 10), @__portalId_2='?' (DbType = Int32)], CommandType='"Text"', CommandTimeout='30']
SELECT TOP(1) [s].[Id], [s].[Code], [s].[Content], [s].[Data], [s].[Delete], [s].[Language], [s].[Name], [s].[ParentId], [s].[PortalId], [s].[Status]
FROM [StaticInformation] AS [s]
WHERE [s].[Code] = @__code_0 AND [s].[Delete] = CAST(0 AS bit) AND [s].[Language] = @__language_1 AND [s].[PortalId] = @__portalId_2
2025-10-29 14:26:12.275 +07:00 [INF] Executed DbCommand (8ms) [Parameters=[@__code_0='?' (Size = 4000), @__language_1='?' (Size = 4000), @__portalId_2='?' (DbType = Int32)], CommandType='"Text"', CommandTimeout='30']
SELECT TOP(1) [b].[Id], [b].[ClassActive], [b].[Code], [b].[Content], [b].[Delete], [b].[Language], [b].[Name], [b].[PortalId], [b].[Status], [b].[Template], [b].[Type]
FROM [Banner] AS [b]
WHERE [b].[Code] = @__code_0 AND [b].[Delete] = CAST(0 AS bit) AND [b].[Language] = @__language_1 AND [b].[PortalId] = @__portalId_2 AND [b].[Type] = 0
2025-10-29 14:26:12.287 +07:00 [INF] Executed DbCommand (7ms) [Parameters=[@__code_0='?' (Size = 4000), @__language_1='?' (Size = 4000), @__portalId_2='?' (DbType = Int32)], CommandType='"Text"', CommandTimeout='30']
SELECT TOP(1) [b].[Id], [b].[ClassActive], [b].[Code], [b].[Content], [b].[Delete], [b].[Language], [b].[Name], [b].[PortalId], [b].[Status], [b].[Template], [b].[Type]
FROM [Banner] AS [b]
WHERE [b].[Code] = @__code_0 AND [b].[Delete] = CAST(0 AS bit) AND [b].[Language] = @__language_1 AND [b].[PortalId] = @__portalId_2 AND [b].[Type] = 0
2025-10-29 14:26:12.317 +07:00 [INF] Executed DbCommand (7ms) [Parameters=[@__code_0='?' (Size = 4000), @__language_1='?' (Size = 4000), @__portalId_2='?' (DbType = Int32)], CommandType='"Text"', CommandTimeout='30']
SELECT TOP(1) [b].[Id], [b].[ClassActive], [b].[Code], [b].[Content], [b].[Delete], [b].[Language], [b].[Name], [b].[PortalId], [b].[Status], [b].[Template], [b].[Type]
FROM [Banner] AS [b]
WHERE [b].[Code] = @__code_0 AND [b].[Delete] = CAST(0 AS bit) AND [b].[Language] = @__language_1 AND [b].[PortalId] = @__portalId_2 AND [b].[Type] = 1
2025-10-29 14:26:12.358 +07:00 [INF] Executed DbCommand (8ms) [Parameters=[@__code_0='?' (Size = 4000), @__language_1='?' (Size = 10), @__portalId_2='?' (DbType = Int32)], CommandType='"Text"', CommandTimeout='30']
SELECT TOP(1) [s].[Id], [s].[Code], [s].[Content], [s].[Data], [s].[Delete], [s].[Language], [s].[Name], [s].[ParentId], [s].[PortalId], [s].[Status]
FROM [StaticInformation] AS [s]
WHERE [s].[Code] = @__code_0 AND [s].[Delete] = CAST(0 AS bit) AND [s].[Language] = @__language_1 AND [s].[PortalId] = @__portalId_2
2025-10-29 14:26:12.375 +07:00 [INF] Executed DbCommand (8ms) [Parameters=[@__code_0='?' (Size = 4000), @__language_1='?' (Size = 4000), @__portalId_2='?' (DbType = Int32)], CommandType='"Text"', CommandTimeout='30']
SELECT TOP(1) [m].[Id], [m].[Code], [m].[Content], [m].[Delete], [m].[HasChildrentClass1], [m].[HasChildrentClass2], [m].[HasChildrentClass3], [m].[Language], [m].[Name], [m].[PortalId], [m].[Status], [m].[Template], [m].[Template1], [m].[Template2], [m].[Template3]
FROM [Menu] AS [m]
WHERE [m].[Code] = @__code_0 AND [m].[Delete] = CAST(0 AS bit) AND [m].[Language] = @__language_1 AND [m].[PortalId] = @__portalId_2
2025-10-29 14:26:12.389 +07:00 [INF] Executed DbCommand (8ms) [Parameters=[@__code_0='?' (Size = 4000), @__language_1='?' (Size = 10), @__portalId_2='?' (DbType = Int32)], CommandType='"Text"', CommandTimeout='30']
SELECT TOP(1) [s].[Id], [s].[Code], [s].[Content], [s].[Data], [s].[Delete], [s].[Language], [s].[Name], [s].[ParentId], [s].[PortalId], [s].[Status]
FROM [StaticInformation] AS [s]
WHERE [s].[Code] = @__code_0 AND [s].[Delete] = CAST(0 AS bit) AND [s].[Language] = @__language_1 AND [s].[PortalId] = @__portalId_2
2025-10-29 14:26:12.401 +07:00 [INF] Executed DbCommand (7ms) [Parameters=[@__code_0='?' (Size = 4000), @__language_1='?' (Size = 10), @__portalId_2='?' (DbType = Int32)], CommandType='"Text"', CommandTimeout='30']
SELECT TOP(1) [s].[Id], [s].[Code], [s].[Content], [s].[Data], [s].[Delete], [s].[Language], [s].[Name], [s].[ParentId], [s].[PortalId], [s].[Status]
FROM [StaticInformation] AS [s]
WHERE [s].[Code] = @__code_0 AND [s].[Delete] = CAST(0 AS bit) AND [s].[Language] = @__language_1 AND [s].[PortalId] = @__portalId_2
2025-10-29 14:26:12.412 +07:00 [INF] Executed DbCommand (7ms) [Parameters=[@__code_0='?' (Size = 4000), @__language_1='?' (Size = 4000), @__portalId_2='?' (DbType = Int32)], CommandType='"Text"', CommandTimeout='30']
SELECT TOP(1) [m].[Id], [m].[Code], [m].[Content], [m].[Delete], [m].[HasChildrentClass1], [m].[HasChildrentClass2], [m].[HasChildrentClass3], [m].[Language], [m].[Name], [m].[PortalId], [m].[Status], [m].[Template], [m].[Template1], [m].[Template2], [m].[Template3]
FROM [Menu] AS [m]
WHERE [m].[Code] = @__code_0 AND [m].[Delete] = CAST(0 AS bit) AND [m].[Language] = @__language_1 AND [m].[PortalId] = @__portalId_2
2025-10-29 14:26:12.447 +07:00 [INF] Executed ViewResult - view Index executed in 308.0355ms.
2025-10-29 14:26:12.450 +07:00 [INF] Executed action PT.UI.Controllers.HomeController.Index (PT.UI) in 349.1373ms
2025-10-29 14:26:12.465 +07:00 [INF] Request finished HTTP/2 GET https://localhost:44372/ - 200 null text/html; charset=utf-8 2037.8627ms
2025-10-29 14:26:12.521 +07:00 [INF] Request starting HTTP/2 GET https://localhost:44372/_framework/aspnetcore-browser-refresh.js - null null
2025-10-29 14:26:12.524 +07:00 [INF] Request finished HTTP/2 GET https://localhost:44372/_framework/aspnetcore-browser-refresh.js - 200 16495 application/javascript; charset=utf-8 2.6524ms
2025-10-29 14:26:12.539 +07:00 [INF] Request starting HTTP/2 GET https://localhost:44372/_vs/browserLink - null null
2025-10-29 14:26:12.551 +07:00 [INF] Request starting HTTP/2 GET https://localhost:44372/assets/Data/bgvideo.jpg - null null
2025-10-29 14:26:12.557 +07:00 [INF] Request finished HTTP/2 GET https://localhost:44372/assets/Data/bgvideo.jpg - 404 null null 5.8ms
2025-10-29 14:26:12.557 +07:00 [INF] Request reached the end of the middleware pipeline without being handled by application code. Request path: GET https://localhost:44372/assets/Data/bgvideo.jpg, Response status code: 404
2025-10-29 14:26:12.558 +07:00 [INF] Request starting HTTP/2 GET https://localhost:44372/assets/Data/bgour.png - null null
2025-10-29 14:26:12.561 +07:00 [INF] Request finished HTTP/2 GET https://localhost:44372/assets/Data/bgour.png - 404 null null 3.2899ms
2025-10-29 14:26:12.561 +07:00 [INF] Request reached the end of the middleware pipeline without being handled by application code. Request path: GET https://localhost:44372/assets/Data/bgour.png, Response status code: 404
2025-10-29 14:26:12.583 +07:00 [INF] Request finished HTTP/2 GET https://localhost:44372/_vs/browserLink - 200 null text/javascript; charset=UTF-8 43.472ms
2025-10-29 14:26:16.966 +07:00 [INF] Request starting HTTP/2 GET https://localhost:44372/san-pham - null null
2025-10-29 14:26:16.971 +07:00 [INF] Request finished HTTP/2 GET https://localhost:44372/san-pham - 404 null null 5.3179ms
2025-10-29 14:26:16.972 +07:00 [INF] Request reached the end of the middleware pipeline without being handled by application code. Request path: GET https://localhost:44372/san-pham, Response status code: 404
2025-10-29 14:26:42.399 +07:00 [INF] Request starting HTTP/2 GET https://localhost:44372/san-pham - null null
2025-10-29 14:26:42.403 +07:00 [INF] Request finished HTTP/2 GET https://localhost:44372/san-pham - 404 null null 3.8342ms
2025-10-29 14:26:42.403 +07:00 [INF] Request reached the end of the middleware pipeline without being handled by application code. Request path: GET https://localhost:44372/san-pham, Response status code: 404
2025-10-29 14:32:22.236 +07:00 [INF] Request starting HTTP/2 GET https://localhost:44372/Product - null null
2025-10-29 14:32:22.255 +07:00 [INF] Route matched with {action = "Index", controller = "Product"}. Executing controller action with signature Microsoft.AspNetCore.Mvc.IActionResult Index(System.String, Int32) on controller PT.UI.Controllers.ProductController (PT.UI).
2025-10-29 14:32:22.267 +07:00 [INF] Executed action PT.UI.Controllers.ProductController.Index (PT.UI) in 12.0371ms
2025-10-29 14:32:22.335 +07:00 [INF] Request finished HTTP/2 GET https://localhost:44372/Product - 500 null text/html; charset=utf-8 99.7171ms
2025-10-29 14:32:22.366 +07:00 [INF] Request starting HTTP/2 GET https://localhost:44372/_vs/browserLink - null null
2025-10-29 14:32:22.366 +07:00 [INF] Request starting HTTP/2 GET https://localhost:44372/_framework/aspnetcore-browser-refresh.js - null null
2025-10-29 14:32:22.367 +07:00 [INF] Request finished HTTP/2 GET https://localhost:44372/_framework/aspnetcore-browser-refresh.js - 200 16495 application/javascript; charset=utf-8 0.944ms
2025-10-29 14:32:22.407 +07:00 [INF] Request finished HTTP/2 GET https://localhost:44372/_vs/browserLink - 200 null text/javascript; charset=UTF-8 16.0928ms
2025-10-29 14:32:30.230 +07:00 [INF] Request starting HTTP/2 GET https://localhost:44372/Home - null null
2025-10-29 14:32:30.233 +07:00 [INF] Route matched with {action = "Index", controller = "Home"}. Executing controller action with signature Microsoft.AspNetCore.Mvc.IActionResult Index(System.String, Int32) on controller PT.UI.Controllers.HomeController (PT.UI).
2025-10-29 14:32:30.237 +07:00 [INF] Executed action PT.UI.Controllers.HomeController.Index (PT.UI) in 3.8127ms
2025-10-29 14:32:30.252 +07:00 [INF] Request finished HTTP/2 GET https://localhost:44372/Home - 500 null text/html; charset=utf-8 21.6174ms
2025-10-29 14:32:30.268 +07:00 [INF] Request starting HTTP/2 GET https://localhost:44372/_vs/browserLink - null null
2025-10-29 14:32:30.271 +07:00 [INF] Request starting HTTP/2 GET https://localhost:44372/_framework/aspnetcore-browser-refresh.js - null null
2025-10-29 14:32:30.272 +07:00 [INF] Request finished HTTP/2 GET https://localhost:44372/_framework/aspnetcore-browser-refresh.js - 200 16495 application/javascript; charset=utf-8 0.7664ms
2025-10-29 14:32:30.281 +07:00 [INF] Request finished HTTP/2 GET https://localhost:44372/_vs/browserLink - 200 null text/javascript; charset=UTF-8 12.9708ms
2025-10-29 14:32:34.135 +07:00 [INF] Request starting HTTP/2 GET https://localhost:44372/ - null null
2025-10-29 14:32:34.141 +07:00 [INF] Route matched with {action = "Index", controller = "Home"}. Executing controller action with signature Microsoft.AspNetCore.Mvc.IActionResult Index(System.String, Int32) on controller PT.UI.Controllers.HomeController (PT.UI).
2025-10-29 14:32:34.141 +07:00 [INF] Executing ViewResult, running view Index.
2025-10-29 14:32:34.145 +07:00 [INF] Executed ViewResult - view Index executed in 3.5099ms.
2025-10-29 14:32:34.145 +07:00 [INF] Executed action PT.UI.Controllers.HomeController.Index (PT.UI) in 4.0048ms
2025-10-29 14:32:34.145 +07:00 [INF] Request finished HTTP/2 GET https://localhost:44372/ - 200 null text/html; charset=utf-8 10.4532ms
2025-10-29 14:32:34.208 +07:00 [INF] Request starting HTTP/2 GET https://localhost:44372/_framework/aspnetcore-browser-refresh.js - null null
2025-10-29 14:32:34.208 +07:00 [INF] Request finished HTTP/2 GET https://localhost:44372/_framework/aspnetcore-browser-refresh.js - 200 16495 application/javascript; charset=utf-8 0.5488ms
2025-10-29 14:32:34.229 +07:00 [INF] Request starting HTTP/2 GET https://localhost:44372/_vs/browserLink - null null
2025-10-29 14:32:34.236 +07:00 [INF] Request starting HTTP/2 GET https://localhost:44372/assets/Data/bgvideo.jpg - null null
2025-10-29 14:32:34.237 +07:00 [INF] Request finished HTTP/2 GET https://localhost:44372/assets/Data/bgvideo.jpg - 404 null null 0.9933ms
2025-10-29 14:32:34.237 +07:00 [INF] Request reached the end of the middleware pipeline without being handled by application code. Request path: GET https://localhost:44372/assets/Data/bgvideo.jpg, Response status code: 404
2025-10-29 14:32:34.242 +07:00 [INF] Request starting HTTP/2 GET https://localhost:44372/assets/Data/bgour.png - null null
2025-10-29 14:32:34.243 +07:00 [INF] Request finished HTTP/2 GET https://localhost:44372/assets/Data/bgour.png - 404 null null 0.7952ms
2025-10-29 14:32:34.243 +07:00 [INF] Request reached the end of the middleware pipeline without being handled by application code. Request path: GET https://localhost:44372/assets/Data/bgour.png, Response status code: 404
2025-10-29 14:32:34.243 +07:00 [INF] Request finished HTTP/2 GET https://localhost:44372/_vs/browserLink - 200 null text/javascript; charset=UTF-8 13.7872ms
2025-10-29 14:32:56.116 +07:00 [INF] Request starting HTTP/2 GET https://localhost:44372/ - null null
2025-10-29 14:32:56.202 +07:00 [INF] Application started. Press Ctrl+C to shut down.
2025-10-29 14:32:56.202 +07:00 [INF] Hosting environment: Development
2025-10-29 14:32:56.202 +07:00 [INF] Content root path: D:\DUYHK\Project\2025\Fiingroup-website\6.FE\Portal2
2025-10-29 14:32:57.750 +07:00 [INF] Executed DbCommand (45ms) [Parameters=[@__slug_0='?' (Size = 4000), @__language_1='?' (Size = 10), @__baseSettings_Value_PortalId_2='?' (DbType = Int32)], CommandType='"Text"', CommandTimeout='30']
SELECT TOP(1) [l].[Id], [l].[Acction], [l].[Area], [l].[Changefreq], [l].[Controller], [l].[Delete], [l].[Description], [l].[FacebookBanner], [l].[FacebookDescription], [l].[FocusKeywords], [l].[GooglePlusDescription], [l].[IncludeSitemap], [l].[IsStatic], [l].[Keywords], [l].[Language], [l].[Lastmod], [l].[MetaRobotsAdvance], [l].[MetaRobotsFollow], [l].[MetaRobotsIndex], [l].[Name], [l].[ObjectId], [l].[Parrams], [l].[PortalId], [l].[Priority], [l].[Redirect301], [l].[Slug], [l].[Status], [l].[Title], [l].[Type]
FROM [Link] AS [l]
WHERE [l].[Slug] = @__slug_0 AND [l].[Language] = @__language_1 AND [l].[PortalId] = @__baseSettings_Value_PortalId_2
2025-10-29 14:32:57.852 +07:00 [INF] Route matched with {action = "Index", controller = "Home"}. Executing controller action with signature Microsoft.AspNetCore.Mvc.IActionResult Index(System.String, Int32) on controller PT.UI.Controllers.HomeController (PT.UI).
2025-10-29 14:32:57.898 +07:00 [INF] Executing ViewResult, running view Index.
2025-10-29 14:32:57.947 +07:00 [INF] Executed DbCommand (9ms) [Parameters=[@__code_0='?' (Size = 4000), @__language_1='?' (Size = 4000), @__portalId_2='?' (DbType = Int32)], CommandType='"Text"', CommandTimeout='30']
SELECT TOP(1) [b].[Id], [b].[ClassActive], [b].[Code], [b].[Content], [b].[Delete], [b].[Language], [b].[Name], [b].[PortalId], [b].[Status], [b].[Template], [b].[Type]
FROM [Banner] AS [b]
WHERE [b].[Code] = @__code_0 AND [b].[Delete] = CAST(0 AS bit) AND [b].[Language] = @__language_1 AND [b].[PortalId] = @__portalId_2 AND [b].[Type] = 0
2025-10-29 14:32:57.976 +07:00 [INF] Executed DbCommand (9ms) [Parameters=[@__code_0='?' (Size = 4000), @__language_1='?' (Size = 10), @__portalId_2='?' (DbType = Int32)], CommandType='"Text"', CommandTimeout='30']
SELECT TOP(1) [s].[Id], [s].[Code], [s].[Content], [s].[Data], [s].[Delete], [s].[Language], [s].[Name], [s].[ParentId], [s].[PortalId], [s].[Status]
FROM [StaticInformation] AS [s]
WHERE [s].[Code] = @__code_0 AND [s].[Delete] = CAST(0 AS bit) AND [s].[Language] = @__language_1 AND [s].[PortalId] = @__portalId_2
2025-10-29 14:32:58.000 +07:00 [INF] Executed DbCommand (8ms) [Parameters=[@__code_0='?' (Size = 4000), @__language_1='?' (Size = 4000), @__portalId_2='?' (DbType = Int32)], CommandType='"Text"', CommandTimeout='30']
SELECT TOP(1) [b].[Id], [b].[ClassActive], [b].[Code], [b].[Content], [b].[Delete], [b].[Language], [b].[Name], [b].[PortalId], [b].[Status], [b].[Template], [b].[Type]
FROM [Banner] AS [b]
WHERE [b].[Code] = @__code_0 AND [b].[Delete] = CAST(0 AS bit) AND [b].[Language] = @__language_1 AND [b].[PortalId] = @__portalId_2 AND [b].[Type] = 1
2025-10-29 14:32:58.014 +07:00 [INF] Executed DbCommand (8ms) [Parameters=[@__code_0='?' (Size = 4000), @__language_1='?' (Size = 10), @__portalId_2='?' (DbType = Int32)], CommandType='"Text"', CommandTimeout='30']
SELECT TOP(1) [s].[Id], [s].[Code], [s].[Content], [s].[Data], [s].[Delete], [s].[Language], [s].[Name], [s].[ParentId], [s].[PortalId], [s].[Status]
FROM [StaticInformation] AS [s]
WHERE [s].[Code] = @__code_0 AND [s].[Delete] = CAST(0 AS bit) AND [s].[Language] = @__language_1 AND [s].[PortalId] = @__portalId_2
2025-10-29 14:32:58.027 +07:00 [INF] Executed DbCommand (8ms) [Parameters=[@__code_0='?' (Size = 4000), @__language_1='?' (Size = 4000), @__portalId_2='?' (DbType = Int32)], CommandType='"Text"', CommandTimeout='30']
SELECT TOP(1) [b].[Id], [b].[ClassActive], [b].[Code], [b].[Content], [b].[Delete], [b].[Language], [b].[Name], [b].[PortalId], [b].[Status], [b].[Template], [b].[Type]
FROM [Banner] AS [b]
WHERE [b].[Code] = @__code_0 AND [b].[Delete] = CAST(0 AS bit) AND [b].[Language] = @__language_1 AND [b].[PortalId] = @__portalId_2 AND [b].[Type] = 0
2025-10-29 14:32:58.039 +07:00 [INF] Executed DbCommand (8ms) [Parameters=[@__code_0='?' (Size = 4000), @__language_1='?' (Size = 4000), @__portalId_2='?' (DbType = Int32)], CommandType='"Text"', CommandTimeout='30']
SELECT TOP(1) [b].[Id], [b].[ClassActive], [b].[Code], [b].[Content], [b].[Delete], [b].[Language], [b].[Name], [b].[PortalId], [b].[Status], [b].[Template], [b].[Type]
FROM [Banner] AS [b]
WHERE [b].[Code] = @__code_0 AND [b].[Delete] = CAST(0 AS bit) AND [b].[Language] = @__language_1 AND [b].[PortalId] = @__portalId_2 AND [b].[Type] = 0
2025-10-29 14:32:58.067 +07:00 [INF] Executed DbCommand (8ms) [Parameters=[@__code_0='?' (Size = 4000), @__language_1='?' (Size = 4000), @__portalId_2='?' (DbType = Int32)], CommandType='"Text"', CommandTimeout='30']
SELECT TOP(1) [b].[Id], [b].[ClassActive], [b].[Code], [b].[Content], [b].[Delete], [b].[Language], [b].[Name], [b].[PortalId], [b].[Status], [b].[Template], [b].[Type]
FROM [Banner] AS [b]
WHERE [b].[Code] = @__code_0 AND [b].[Delete] = CAST(0 AS bit) AND [b].[Language] = @__language_1 AND [b].[PortalId] = @__portalId_2 AND [b].[Type] = 1
2025-10-29 14:32:58.104 +07:00 [INF] Executed DbCommand (8ms) [Parameters=[@__code_0='?' (Size = 4000), @__language_1='?' (Size = 10), @__portalId_2='?' (DbType = Int32)], CommandType='"Text"', CommandTimeout='30']
SELECT TOP(1) [s].[Id], [s].[Code], [s].[Content], [s].[Data], [s].[Delete], [s].[Language], [s].[Name], [s].[ParentId], [s].[PortalId], [s].[Status]
FROM [StaticInformation] AS [s]
WHERE [s].[Code] = @__code_0 AND [s].[Delete] = CAST(0 AS bit) AND [s].[Language] = @__language_1 AND [s].[PortalId] = @__portalId_2
2025-10-29 14:32:58.123 +07:00 [INF] Executed DbCommand (8ms) [Parameters=[@__code_0='?' (Size = 4000), @__language_1='?' (Size = 4000), @__portalId_2='?' (DbType = Int32)], CommandType='"Text"', CommandTimeout='30']
SELECT TOP(1) [m].[Id], [m].[Code], [m].[Content], [m].[Delete], [m].[HasChildrentClass1], [m].[HasChildrentClass2], [m].[HasChildrentClass3], [m].[Language], [m].[Name], [m].[PortalId], [m].[Status], [m].[Template], [m].[Template1], [m].[Template2], [m].[Template3]
FROM [Menu] AS [m]
WHERE [m].[Code] = @__code_0 AND [m].[Delete] = CAST(0 AS bit) AND [m].[Language] = @__language_1 AND [m].[PortalId] = @__portalId_2
2025-10-29 14:32:58.136 +07:00 [INF] Executed DbCommand (8ms) [Parameters=[@__code_0='?' (Size = 4000), @__language_1='?' (Size = 10), @__portalId_2='?' (DbType = Int32)], CommandType='"Text"', CommandTimeout='30']
SELECT TOP(1) [s].[Id], [s].[Code], [s].[Content], [s].[Data], [s].[Delete], [s].[Language], [s].[Name], [s].[ParentId], [s].[PortalId], [s].[Status]
FROM [StaticInformation] AS [s]
WHERE [s].[Code] = @__code_0 AND [s].[Delete] = CAST(0 AS bit) AND [s].[Language] = @__language_1 AND [s].[PortalId] = @__portalId_2
2025-10-29 14:32:58.148 +07:00 [INF] Executed DbCommand (8ms) [Parameters=[@__code_0='?' (Size = 4000), @__language_1='?' (Size = 10), @__portalId_2='?' (DbType = Int32)], CommandType='"Text"', CommandTimeout='30']
SELECT TOP(1) [s].[Id], [s].[Code], [s].[Content], [s].[Data], [s].[Delete], [s].[Language], [s].[Name], [s].[ParentId], [s].[PortalId], [s].[Status]
FROM [StaticInformation] AS [s]
WHERE [s].[Code] = @__code_0 AND [s].[Delete] = CAST(0 AS bit) AND [s].[Language] = @__language_1 AND [s].[PortalId] = @__portalId_2
2025-10-29 14:32:58.160 +07:00 [INF] Executed DbCommand (8ms) [Parameters=[@__code_0='?' (Size = 4000), @__language_1='?' (Size = 4000), @__portalId_2='?' (DbType = Int32)], CommandType='"Text"', CommandTimeout='30']
SELECT TOP(1) [m].[Id], [m].[Code], [m].[Content], [m].[Delete], [m].[HasChildrentClass1], [m].[HasChildrentClass2], [m].[HasChildrentClass3], [m].[Language], [m].[Name], [m].[PortalId], [m].[Status], [m].[Template], [m].[Template1], [m].[Template2], [m].[Template3]
FROM [Menu] AS [m]
WHERE [m].[Code] = @__code_0 AND [m].[Delete] = CAST(0 AS bit) AND [m].[Language] = @__language_1 AND [m].[PortalId] = @__portalId_2
2025-10-29 14:32:58.194 +07:00 [INF] Executed ViewResult - view Index executed in 301.2606ms.
2025-10-29 14:32:58.197 +07:00 [INF] Executed action PT.UI.Controllers.HomeController.Index (PT.UI) in 344.6307ms
2025-10-29 14:32:58.215 +07:00 [INF] Request finished HTTP/2 GET https://localhost:44372/ - 200 null text/html; charset=utf-8 2111.0658ms
2025-10-29 14:32:58.263 +07:00 [INF] Request starting HTTP/2 GET https://localhost:44372/_framework/aspnetcore-browser-refresh.js - null null
2025-10-29 14:32:58.265 +07:00 [INF] Request finished HTTP/2 GET https://localhost:44372/_framework/aspnetcore-browser-refresh.js - 200 16495 application/javascript; charset=utf-8 2.2658ms
2025-10-29 14:32:58.282 +07:00 [INF] Request starting HTTP/2 GET https://localhost:44372/_vs/browserLink - null null
2025-10-29 14:32:58.285 +07:00 [INF] Request starting HTTP/2 GET https://localhost:44372/assets/Data/bgvideo.jpg - null null
2025-10-29 14:32:58.320 +07:00 [INF] Request starting HTTP/2 GET https://localhost:44372/assets/Data/bgour.png - null null
2025-10-29 14:32:58.326 +07:00 [INF] Request finished HTTP/2 GET https://localhost:44372/assets/Data/bgour.png - 404 null null 6.3325ms
2025-10-29 14:32:58.326 +07:00 [INF] Request finished HTTP/2 GET https://localhost:44372/assets/Data/bgvideo.jpg - 404 null null 40.7809ms
2025-10-29 14:32:58.352 +07:00 [INF] Request reached the end of the middleware pipeline without being handled by application code. Request path: GET https://localhost:44372/assets/Data/bgour.png, Response status code: 404
2025-10-29 14:32:58.352 +07:00 [INF] Request reached the end of the middleware pipeline without being handled by application code. Request path: GET https://localhost:44372/assets/Data/bgvideo.jpg, Response status code: 404
2025-10-29 14:32:58.375 +07:00 [INF] Request finished HTTP/2 GET https://localhost:44372/_vs/browserLink - 200 null text/javascript; charset=UTF-8 93.2832ms
2025-10-29 14:33:08.577 +07:00 [INF] Request starting HTTP/2 GET https://localhost:44372/ - null null
2025-10-29 14:33:08.622 +07:00 [INF] Application started. Press Ctrl+C to shut down.
2025-10-29 14:33:08.622 +07:00 [INF] Hosting environment: Development
2025-10-29 14:33:08.622 +07:00 [INF] Content root path: D:\DUYHK\Project\2025\Fiingroup-website\6.FE\Portal2
2025-10-29 14:33:09.806 +07:00 [INF] Executed DbCommand (33ms) [Parameters=[@__slug_0='?' (Size = 4000), @__language_1='?' (Size = 10), @__baseSettings_Value_PortalId_2='?' (DbType = Int32)], CommandType='"Text"', CommandTimeout='30']
SELECT TOP(1) [l].[Id], [l].[Acction], [l].[Area], [l].[Changefreq], [l].[Controller], [l].[Delete], [l].[Description], [l].[FacebookBanner], [l].[FacebookDescription], [l].[FocusKeywords], [l].[GooglePlusDescription], [l].[IncludeSitemap], [l].[IsStatic], [l].[Keywords], [l].[Language], [l].[Lastmod], [l].[MetaRobotsAdvance], [l].[MetaRobotsFollow], [l].[MetaRobotsIndex], [l].[Name], [l].[ObjectId], [l].[Parrams], [l].[PortalId], [l].[Priority], [l].[Redirect301], [l].[Slug], [l].[Status], [l].[Title], [l].[Type]
FROM [Link] AS [l]
WHERE [l].[Slug] = @__slug_0 AND [l].[Language] = @__language_1 AND [l].[PortalId] = @__baseSettings_Value_PortalId_2
2025-10-29 14:33:09.888 +07:00 [INF] Route matched with {action = "Index", controller = "Home"}. Executing controller action with signature Microsoft.AspNetCore.Mvc.IActionResult Index(System.String, Int32) on controller PT.UI.Controllers.HomeController (PT.UI).
2025-10-29 14:33:09.923 +07:00 [INF] Executing ViewResult, running view Index.
2025-10-29 14:33:09.969 +07:00 [INF] Executed DbCommand (10ms) [Parameters=[@__code_0='?' (Size = 4000), @__language_1='?' (Size = 4000), @__portalId_2='?' (DbType = Int32)], CommandType='"Text"', CommandTimeout='30']
SELECT TOP(1) [b].[Id], [b].[ClassActive], [b].[Code], [b].[Content], [b].[Delete], [b].[Language], [b].[Name], [b].[PortalId], [b].[Status], [b].[Template], [b].[Type]
FROM [Banner] AS [b]
WHERE [b].[Code] = @__code_0 AND [b].[Delete] = CAST(0 AS bit) AND [b].[Language] = @__language_1 AND [b].[PortalId] = @__portalId_2 AND [b].[Type] = 0
2025-10-29 14:33:09.992 +07:00 [INF] Executed DbCommand (7ms) [Parameters=[@__code_0='?' (Size = 4000), @__language_1='?' (Size = 10), @__portalId_2='?' (DbType = Int32)], CommandType='"Text"', CommandTimeout='30']
SELECT TOP(1) [s].[Id], [s].[Code], [s].[Content], [s].[Data], [s].[Delete], [s].[Language], [s].[Name], [s].[ParentId], [s].[PortalId], [s].[Status]
FROM [StaticInformation] AS [s]
WHERE [s].[Code] = @__code_0 AND [s].[Delete] = CAST(0 AS bit) AND [s].[Language] = @__language_1 AND [s].[PortalId] = @__portalId_2
2025-10-29 14:33:10.013 +07:00 [INF] Executed DbCommand (8ms) [Parameters=[@__code_0='?' (Size = 4000), @__language_1='?' (Size = 4000), @__portalId_2='?' (DbType = Int32)], CommandType='"Text"', CommandTimeout='30']
SELECT TOP(1) [b].[Id], [b].[ClassActive], [b].[Code], [b].[Content], [b].[Delete], [b].[Language], [b].[Name], [b].[PortalId], [b].[Status], [b].[Template], [b].[Type]
FROM [Banner] AS [b]
WHERE [b].[Code] = @__code_0 AND [b].[Delete] = CAST(0 AS bit) AND [b].[Language] = @__language_1 AND [b].[PortalId] = @__portalId_2 AND [b].[Type] = 1
2025-10-29 14:33:10.027 +07:00 [INF] Executed DbCommand (8ms) [Parameters=[@__code_0='?' (Size = 4000), @__language_1='?' (Size = 10), @__portalId_2='?' (DbType = Int32)], CommandType='"Text"', CommandTimeout='30']
SELECT TOP(1) [s].[Id], [s].[Code], [s].[Content], [s].[Data], [s].[Delete], [s].[Language], [s].[Name], [s].[ParentId], [s].[PortalId], [s].[Status]
FROM [StaticInformation] AS [s]
WHERE [s].[Code] = @__code_0 AND [s].[Delete] = CAST(0 AS bit) AND [s].[Language] = @__language_1 AND [s].[PortalId] = @__portalId_2
2025-10-29 14:33:10.040 +07:00 [INF] Executed DbCommand (8ms) [Parameters=[@__code_0='?' (Size = 4000), @__language_1='?' (Size = 4000), @__portalId_2='?' (DbType = Int32)], CommandType='"Text"', CommandTimeout='30']
SELECT TOP(1) [b].[Id], [b].[ClassActive], [b].[Code], [b].[Content], [b].[Delete], [b].[Language], [b].[Name], [b].[PortalId], [b].[Status], [b].[Template], [b].[Type]
FROM [Banner] AS [b]
WHERE [b].[Code] = @__code_0 AND [b].[Delete] = CAST(0 AS bit) AND [b].[Language] = @__language_1 AND [b].[PortalId] = @__portalId_2 AND [b].[Type] = 0
2025-10-29 14:33:10.054 +07:00 [INF] Executed DbCommand (8ms) [Parameters=[@__code_0='?' (Size = 4000), @__language_1='?' (Size = 4000), @__portalId_2='?' (DbType = Int32)], CommandType='"Text"', CommandTimeout='30']
SELECT TOP(1) [b].[Id], [b].[ClassActive], [b].[Code], [b].[Content], [b].[Delete], [b].[Language], [b].[Name], [b].[PortalId], [b].[Status], [b].[Template], [b].[Type]
FROM [Banner] AS [b]
WHERE [b].[Code] = @__code_0 AND [b].[Delete] = CAST(0 AS bit) AND [b].[Language] = @__language_1 AND [b].[PortalId] = @__portalId_2 AND [b].[Type] = 0
2025-10-29 14:33:10.083 +07:00 [INF] Executed DbCommand (8ms) [Parameters=[@__code_0='?' (Size = 4000), @__language_1='?' (Size = 4000), @__portalId_2='?' (DbType = Int32)], CommandType='"Text"', CommandTimeout='30']
SELECT TOP(1) [b].[Id], [b].[ClassActive], [b].[Code], [b].[Content], [b].[Delete], [b].[Language], [b].[Name], [b].[PortalId], [b].[Status], [b].[Template], [b].[Type]
FROM [Banner] AS [b]
WHERE [b].[Code] = @__code_0 AND [b].[Delete] = CAST(0 AS bit) AND [b].[Language] = @__language_1 AND [b].[PortalId] = @__portalId_2 AND [b].[Type] = 1
2025-10-29 14:33:10.118 +07:00 [INF] Executed DbCommand (8ms) [Parameters=[@__code_0='?' (Size = 4000), @__language_1='?' (Size = 10), @__portalId_2='?' (DbType = Int32)], CommandType='"Text"', CommandTimeout='30']
SELECT TOP(1) [s].[Id], [s].[Code], [s].[Content], [s].[Data], [s].[Delete], [s].[Language], [s].[Name], [s].[ParentId], [s].[PortalId], [s].[Status]
FROM [StaticInformation] AS [s]
WHERE [s].[Code] = @__code_0 AND [s].[Delete] = CAST(0 AS bit) AND [s].[Language] = @__language_1 AND [s].[PortalId] = @__portalId_2
2025-10-29 14:33:10.136 +07:00 [INF] Executed DbCommand (8ms) [Parameters=[@__code_0='?' (Size = 4000), @__language_1='?' (Size = 4000), @__portalId_2='?' (DbType = Int32)], CommandType='"Text"', CommandTimeout='30']
SELECT TOP(1) [m].[Id], [m].[Code], [m].[Content], [m].[Delete], [m].[HasChildrentClass1], [m].[HasChildrentClass2], [m].[HasChildrentClass3], [m].[Language], [m].[Name], [m].[PortalId], [m].[Status], [m].[Template], [m].[Template1], [m].[Template2], [m].[Template3]
FROM [Menu] AS [m]
WHERE [m].[Code] = @__code_0 AND [m].[Delete] = CAST(0 AS bit) AND [m].[Language] = @__language_1 AND [m].[PortalId] = @__portalId_2
2025-10-29 14:33:10.149 +07:00 [INF] Executed DbCommand (8ms) [Parameters=[@__code_0='?' (Size = 4000), @__language_1='?' (Size = 10), @__portalId_2='?' (DbType = Int32)], CommandType='"Text"', CommandTimeout='30']
SELECT TOP(1) [s].[Id], [s].[Code], [s].[Content], [s].[Data], [s].[Delete], [s].[Language], [s].[Name], [s].[ParentId], [s].[PortalId], [s].[Status]
FROM [StaticInformation] AS [s]
WHERE [s].[Code] = @__code_0 AND [s].[Delete] = CAST(0 AS bit) AND [s].[Language] = @__language_1 AND [s].[PortalId] = @__portalId_2
2025-10-29 14:33:10.161 +07:00 [INF] Executed DbCommand (7ms) [Parameters=[@__code_0='?' (Size = 4000), @__language_1='?' (Size = 10), @__portalId_2='?' (DbType = Int32)], CommandType='"Text"', CommandTimeout='30']
SELECT TOP(1) [s].[Id], [s].[Code], [s].[Content], [s].[Data], [s].[Delete], [s].[Language], [s].[Name], [s].[ParentId], [s].[PortalId], [s].[Status]
FROM [StaticInformation] AS [s]
WHERE [s].[Code] = @__code_0 AND [s].[Delete] = CAST(0 AS bit) AND [s].[Language] = @__language_1 AND [s].[PortalId] = @__portalId_2
2025-10-29 14:33:10.173 +07:00 [INF] Executed DbCommand (7ms) [Parameters=[@__code_0='?' (Size = 4000), @__language_1='?' (Size = 4000), @__portalId_2='?' (DbType = Int32)], CommandType='"Text"', CommandTimeout='30']
SELECT TOP(1) [m].[Id], [m].[Code], [m].[Content], [m].[Delete], [m].[HasChildrentClass1], [m].[HasChildrentClass2], [m].[HasChildrentClass3], [m].[Language], [m].[Name], [m].[PortalId], [m].[Status], [m].[Template], [m].[Template1], [m].[Template2], [m].[Template3]
FROM [Menu] AS [m]
WHERE [m].[Code] = @__code_0 AND [m].[Delete] = CAST(0 AS bit) AND [m].[Language] = @__language_1 AND [m].[PortalId] = @__portalId_2
2025-10-29 14:33:10.203 +07:00 [INF] Executed ViewResult - view Index executed in 283.8392ms.
2025-10-29 14:33:10.205 +07:00 [INF] Executed action PT.UI.Controllers.HomeController.Index (PT.UI) in 316.1408ms
2025-10-29 14:33:10.218 +07:00 [INF] Request finished HTTP/2 GET https://localhost:44372/ - 200 null text/html; charset=utf-8 1644.2381ms
2025-10-29 14:33:10.269 +07:00 [INF] Request starting HTTP/2 GET https://localhost:44372/_framework/aspnetcore-browser-refresh.js - null null
2025-10-29 14:33:10.272 +07:00 [INF] Request finished HTTP/2 GET https://localhost:44372/_framework/aspnetcore-browser-refresh.js - 200 16495 application/javascript; charset=utf-8 2.3183ms
2025-10-29 14:33:10.293 +07:00 [INF] Request starting HTTP/2 GET https://localhost:44372/_vs/browserLink - null null
2025-10-29 14:33:10.301 +07:00 [INF] Request starting HTTP/2 GET https://localhost:44372/assets/Data/bgvideo.jpg - null null
2025-10-29 14:33:10.306 +07:00 [INF] Request finished HTTP/2 GET https://localhost:44372/assets/Data/bgvideo.jpg - 404 null null 4.7559ms
2025-10-29 14:33:10.306 +07:00 [INF] Request reached the end of the middleware pipeline without being handled by application code. Request path: GET https://localhost:44372/assets/Data/bgvideo.jpg, Response status code: 404
2025-10-29 14:33:10.310 +07:00 [INF] Request starting HTTP/2 GET https://localhost:44372/assets/Data/bgour.png - null null
2025-10-29 14:33:10.312 +07:00 [INF] Request finished HTTP/2 GET https://localhost:44372/assets/Data/bgour.png - 404 null null 2.6095ms
2025-10-29 14:33:10.313 +07:00 [INF] Request reached the end of the middleware pipeline without being handled by application code. Request path: GET https://localhost:44372/assets/Data/bgour.png, Response status code: 404
2025-10-29 14:33:10.322 +07:00 [INF] Request finished HTTP/2 GET https://localhost:44372/_vs/browserLink - 200 null text/javascript; charset=UTF-8 29.1295ms
2025-10-29 14:33:44.352 +07:00 [INF] Request starting HTTP/2 GET https://localhost:44372/ - null null
2025-10-29 14:33:44.514 +07:00 [INF] Application started. Press Ctrl+C to shut down.
2025-10-29 14:33:44.514 +07:00 [INF] Hosting environment: Development
2025-10-29 14:33:44.514 +07:00 [INF] Content root path: D:\DUYHK\Project\2025\Fiingroup-website\6.FE\Portal2
2025-10-29 14:33:46.163 +07:00 [INF] Executed DbCommand (73ms) [Parameters=[@__slug_0='?' (Size = 4000), @__language_1='?' (Size = 10), @__baseSettings_Value_PortalId_2='?' (DbType = Int32)], CommandType='"Text"', CommandTimeout='30']
SELECT TOP(1) [l].[Id], [l].[Acction], [l].[Area], [l].[Changefreq], [l].[Controller], [l].[Delete], [l].[Description], [l].[FacebookBanner], [l].[FacebookDescription], [l].[FocusKeywords], [l].[GooglePlusDescription], [l].[IncludeSitemap], [l].[IsStatic], [l].[Keywords], [l].[Language], [l].[Lastmod], [l].[MetaRobotsAdvance], [l].[MetaRobotsFollow], [l].[MetaRobotsIndex], [l].[Name], [l].[ObjectId], [l].[Parrams], [l].[PortalId], [l].[Priority], [l].[Redirect301], [l].[Slug], [l].[Status], [l].[Title], [l].[Type]
FROM [Link] AS [l]
WHERE [l].[Slug] = @__slug_0 AND [l].[Language] = @__language_1 AND [l].[PortalId] = @__baseSettings_Value_PortalId_2
2025-10-29 14:33:46.266 +07:00 [INF] Route matched with {action = "Index", controller = "Home"}. Executing controller action with signature Microsoft.AspNetCore.Mvc.IActionResult Index(System.String, Int32) on controller PT.UI.Controllers.HomeController (PT.UI).
2025-10-29 14:33:46.312 +07:00 [INF] Executing ViewResult, running view Index.
2025-10-29 14:33:46.363 +07:00 [INF] Executed DbCommand (9ms) [Parameters=[@__code_0='?' (Size = 4000), @__language_1='?' (Size = 4000), @__portalId_2='?' (DbType = Int32)], CommandType='"Text"', CommandTimeout='30']
SELECT TOP(1) [b].[Id], [b].[ClassActive], [b].[Code], [b].[Content], [b].[Delete], [b].[Language], [b].[Name], [b].[PortalId], [b].[Status], [b].[Template], [b].[Type]
FROM [Banner] AS [b]
WHERE [b].[Code] = @__code_0 AND [b].[Delete] = CAST(0 AS bit) AND [b].[Language] = @__language_1 AND [b].[PortalId] = @__portalId_2 AND [b].[Type] = 0
2025-10-29 14:33:46.394 +07:00 [INF] Executed DbCommand (8ms) [Parameters=[@__code_0='?' (Size = 4000), @__language_1='?' (Size = 10), @__portalId_2='?' (DbType = Int32)], CommandType='"Text"', CommandTimeout='30']
SELECT TOP(1) [s].[Id], [s].[Code], [s].[Content], [s].[Data], [s].[Delete], [s].[Language], [s].[Name], [s].[ParentId], [s].[PortalId], [s].[Status]
FROM [StaticInformation] AS [s]
WHERE [s].[Code] = @__code_0 AND [s].[Delete] = CAST(0 AS bit) AND [s].[Language] = @__language_1 AND [s].[PortalId] = @__portalId_2
2025-10-29 14:33:46.415 +07:00 [INF] Executed DbCommand (8ms) [Parameters=[@__code_0='?' (Size = 4000), @__language_1='?' (Size = 4000), @__portalId_2='?' (DbType = Int32)], CommandType='"Text"', CommandTimeout='30']
SELECT TOP(1) [b].[Id], [b].[ClassActive], [b].[Code], [b].[Content], [b].[Delete], [b].[Language], [b].[Name], [b].[PortalId], [b].[Status], [b].[Template], [b].[Type]
FROM [Banner] AS [b]
WHERE [b].[Code] = @__code_0 AND [b].[Delete] = CAST(0 AS bit) AND [b].[Language] = @__language_1 AND [b].[PortalId] = @__portalId_2 AND [b].[Type] = 1
2025-10-29 14:33:46.432 +07:00 [INF] Executed DbCommand (8ms) [Parameters=[@__code_0='?' (Size = 4000), @__language_1='?' (Size = 10), @__portalId_2='?' (DbType = Int32)], CommandType='"Text"', CommandTimeout='30']
SELECT TOP(1) [s].[Id], [s].[Code], [s].[Content], [s].[Data], [s].[Delete], [s].[Language], [s].[Name], [s].[ParentId], [s].[PortalId], [s].[Status]
FROM [StaticInformation] AS [s]
WHERE [s].[Code] = @__code_0 AND [s].[Delete] = CAST(0 AS bit) AND [s].[Language] = @__language_1 AND [s].[PortalId] = @__portalId_2
2025-10-29 14:33:46.445 +07:00 [INF] Executed DbCommand (8ms) [Parameters=[@__code_0='?' (Size = 4000), @__language_1='?' (Size = 4000), @__portalId_2='?' (DbType = Int32)], CommandType='"Text"', CommandTimeout='30']
SELECT TOP(1) [b].[Id], [b].[ClassActive], [b].[Code], [b].[Content], [b].[Delete], [b].[Language], [b].[Name], [b].[PortalId], [b].[Status], [b].[Template], [b].[Type]
FROM [Banner] AS [b]
WHERE [b].[Code] = @__code_0 AND [b].[Delete] = CAST(0 AS bit) AND [b].[Language] = @__language_1 AND [b].[PortalId] = @__portalId_2 AND [b].[Type] = 0
2025-10-29 14:33:46.457 +07:00 [INF] Executed DbCommand (8ms) [Parameters=[@__code_0='?' (Size = 4000), @__language_1='?' (Size = 4000), @__portalId_2='?' (DbType = Int32)], CommandType='"Text"', CommandTimeout='30']
SELECT TOP(1) [b].[Id], [b].[ClassActive], [b].[Code], [b].[Content], [b].[Delete], [b].[Language], [b].[Name], [b].[PortalId], [b].[Status], [b].[Template], [b].[Type]
FROM [Banner] AS [b]
WHERE [b].[Code] = @__code_0 AND [b].[Delete] = CAST(0 AS bit) AND [b].[Language] = @__language_1 AND [b].[PortalId] = @__portalId_2 AND [b].[Type] = 0
2025-10-29 14:33:46.485 +07:00 [INF] Executed DbCommand (8ms) [Parameters=[@__code_0='?' (Size = 4000), @__language_1='?' (Size = 4000), @__portalId_2='?' (DbType = Int32)], CommandType='"Text"', CommandTimeout='30']
SELECT TOP(1) [b].[Id], [b].[ClassActive], [b].[Code], [b].[Content], [b].[Delete], [b].[Language], [b].[Name], [b].[PortalId], [b].[Status], [b].[Template], [b].[Type]
FROM [Banner] AS [b]
WHERE [b].[Code] = @__code_0 AND [b].[Delete] = CAST(0 AS bit) AND [b].[Language] = @__language_1 AND [b].[PortalId] = @__portalId_2 AND [b].[Type] = 1
2025-10-29 14:33:46.523 +07:00 [INF] Executed DbCommand (8ms) [Parameters=[@__code_0='?' (Size = 4000), @__language_1='?' (Size = 10), @__portalId_2='?' (DbType = Int32)], CommandType='"Text"', CommandTimeout='30']
SELECT TOP(1) [s].[Id], [s].[Code], [s].[Content], [s].[Data], [s].[Delete], [s].[Language], [s].[Name], [s].[ParentId], [s].[PortalId], [s].[Status]
FROM [StaticInformation] AS [s]
WHERE [s].[Code] = @__code_0 AND [s].[Delete] = CAST(0 AS bit) AND [s].[Language] = @__language_1 AND [s].[PortalId] = @__portalId_2
2025-10-29 14:33:46.543 +07:00 [INF] Executed DbCommand (8ms) [Parameters=[@__code_0='?' (Size = 4000), @__language_1='?' (Size = 4000), @__portalId_2='?' (DbType = Int32)], CommandType='"Text"', CommandTimeout='30']
SELECT TOP(1) [m].[Id], [m].[Code], [m].[Content], [m].[Delete], [m].[HasChildrentClass1], [m].[HasChildrentClass2], [m].[HasChildrentClass3], [m].[Language], [m].[Name], [m].[PortalId], [m].[Status], [m].[Template], [m].[Template1], [m].[Template2], [m].[Template3]
FROM [Menu] AS [m]
WHERE [m].[Code] = @__code_0 AND [m].[Delete] = CAST(0 AS bit) AND [m].[Language] = @__language_1 AND [m].[PortalId] = @__portalId_2
2025-10-29 14:33:46.556 +07:00 [INF] Executed DbCommand (8ms) [Parameters=[@__code_0='?' (Size = 4000), @__language_1='?' (Size = 10), @__portalId_2='?' (DbType = Int32)], CommandType='"Text"', CommandTimeout='30']
SELECT TOP(1) [s].[Id], [s].[Code], [s].[Content], [s].[Data], [s].[Delete], [s].[Language], [s].[Name], [s].[ParentId], [s].[PortalId], [s].[Status]
FROM [StaticInformation] AS [s]
WHERE [s].[Code] = @__code_0 AND [s].[Delete] = CAST(0 AS bit) AND [s].[Language] = @__language_1 AND [s].[PortalId] = @__portalId_2
2025-10-29 14:33:46.571 +07:00 [INF] Executed DbCommand (8ms) [Parameters=[@__code_0='?' (Size = 4000), @__language_1='?' (Size = 10), @__portalId_2='?' (DbType = Int32)], CommandType='"Text"', CommandTimeout='30']
SELECT TOP(1) [s].[Id], [s].[Code], [s].[Content], [s].[Data], [s].[Delete], [s].[Language], [s].[Name], [s].[ParentId], [s].[PortalId], [s].[Status]
FROM [StaticInformation] AS [s]
WHERE [s].[Code] = @__code_0 AND [s].[Delete] = CAST(0 AS bit) AND [s].[Language] = @__language_1 AND [s].[PortalId] = @__portalId_2
2025-10-29 14:33:46.586 +07:00 [INF] Executed DbCommand (8ms) [Parameters=[@__code_0='?' (Size = 4000), @__language_1='?' (Size = 4000), @__portalId_2='?' (DbType = Int32)], CommandType='"Text"', CommandTimeout='30']
SELECT TOP(1) [m].[Id], [m].[Code], [m].[Content], [m].[Delete], [m].[HasChildrentClass1], [m].[HasChildrentClass2], [m].[HasChildrentClass3], [m].[Language], [m].[Name], [m].[PortalId], [m].[Status], [m].[Template], [m].[Template1], [m].[Template2], [m].[Template3]
FROM [Menu] AS [m]
WHERE [m].[Code] = @__code_0 AND [m].[Delete] = CAST(0 AS bit) AND [m].[Language] = @__language_1 AND [m].[PortalId] = @__portalId_2
2025-10-29 14:33:46.618 +07:00 [INF] Executed ViewResult - view Index executed in 311.4877ms.
2025-10-29 14:33:46.621 +07:00 [INF] Executed action PT.UI.Controllers.HomeController.Index (PT.UI) in 354.3015ms
2025-10-29 14:33:46.640 +07:00 [INF] Request finished HTTP/2 GET https://localhost:44372/ - 200 null text/html; charset=utf-8 2295.0503ms
2025-10-29 14:33:46.686 +07:00 [INF] Request starting HTTP/2 GET https://localhost:44372/_framework/aspnetcore-browser-refresh.js - null null
2025-10-29 14:33:46.689 +07:00 [INF] Request finished HTTP/2 GET https://localhost:44372/_framework/aspnetcore-browser-refresh.js - 200 16495 application/javascript; charset=utf-8 2.7037ms
2025-10-29 14:33:46.798 +07:00 [INF] Request starting HTTP/2 GET https://localhost:44372/assets/Data/bgvideo.jpg - null null
2025-10-29 14:33:46.802 +07:00 [INF] Request finished HTTP/2 GET https://localhost:44372/assets/Data/bgvideo.jpg - 404 null null 4.1172ms
2025-10-29 14:33:46.802 +07:00 [INF] Request reached the end of the middleware pipeline without being handled by application code. Request path: GET https://localhost:44372/assets/Data/bgvideo.jpg, Response status code: 404
2025-10-29 14:33:46.875 +07:00 [INF] Request starting HTTP/2 GET https://localhost:44372/_vs/browserLink - null null
2025-10-29 14:33:46.879 +07:00 [INF] Request starting HTTP/2 GET https://localhost:44372/assets/Data/bgour.png - null null
2025-10-29 14:33:46.884 +07:00 [INF] Request finished HTTP/2 GET https://localhost:44372/assets/Data/bgour.png - 404 null null 5.3416ms
2025-10-29 14:33:46.885 +07:00 [INF] Request reached the end of the middleware pipeline without being handled by application code. Request path: GET https://localhost:44372/assets/Data/bgour.png, Response status code: 404
2025-10-29 14:33:46.912 +07:00 [INF] Request finished HTTP/2 GET https://localhost:44372/_vs/browserLink - 200 null text/javascript; charset=UTF-8 36.257ms
2025-10-29 14:35:36.803 +07:00 [INF] Request starting HTTP/2 GET https://localhost:44372/ - null null
2025-10-29 14:35:36.913 +07:00 [INF] Application started. Press Ctrl+C to shut down.
2025-10-29 14:35:36.913 +07:00 [INF] Hosting environment: Development
2025-10-29 14:35:36.913 +07:00 [INF] Content root path: D:\DUYHK\Project\2025\Fiingroup-website\6.FE\Portal2
2025-10-29 14:35:38.372 +07:00 [INF] Executed DbCommand (46ms) [Parameters=[@__slug_0='?' (Size = 4000), @__language_1='?' (Size = 10), @__baseSettings_Value_PortalId_2='?' (DbType = Int32)], CommandType='"Text"', CommandTimeout='30']
SELECT TOP(1) [l].[Id], [l].[Acction], [l].[Area], [l].[Changefreq], [l].[Controller], [l].[Delete], [l].[Description], [l].[FacebookBanner], [l].[FacebookDescription], [l].[FocusKeywords], [l].[GooglePlusDescription], [l].[IncludeSitemap], [l].[IsStatic], [l].[Keywords], [l].[Language], [l].[Lastmod], [l].[MetaRobotsAdvance], [l].[MetaRobotsFollow], [l].[MetaRobotsIndex], [l].[Name], [l].[ObjectId], [l].[Parrams], [l].[PortalId], [l].[Priority], [l].[Redirect301], [l].[Slug], [l].[Status], [l].[Title], [l].[Type]
FROM [Link] AS [l]
WHERE [l].[Slug] = @__slug_0 AND [l].[Language] = @__language_1 AND [l].[PortalId] = @__baseSettings_Value_PortalId_2
2025-10-29 14:35:38.474 +07:00 [INF] Route matched with {action = "Index", controller = "Home"}. Executing controller action with signature Microsoft.AspNetCore.Mvc.IActionResult Index(System.String, Int32) on controller PT.UI.Controllers.HomeController (PT.UI).
2025-10-29 14:35:38.566 +07:00 [INF] Executing ViewResult, running view Index.
2025-10-29 14:35:38.615 +07:00 [INF] Executed DbCommand (9ms) [Parameters=[@__code_0='?' (Size = 4000), @__language_1='?' (Size = 4000), @__portalId_2='?' (DbType = Int32)], CommandType='"Text"', CommandTimeout='30']
SELECT TOP(1) [b].[Id], [b].[ClassActive], [b].[Code], [b].[Content], [b].[Delete], [b].[Language], [b].[Name], [b].[PortalId], [b].[Status], [b].[Template], [b].[Type]
FROM [Banner] AS [b]
WHERE [b].[Code] = @__code_0 AND [b].[Delete] = CAST(0 AS bit) AND [b].[Language] = @__language_1 AND [b].[PortalId] = @__portalId_2 AND [b].[Type] = 0
2025-10-29 14:35:38.645 +07:00 [INF] Executed DbCommand (8ms) [Parameters=[@__code_0='?' (Size = 4000), @__language_1='?' (Size = 10), @__portalId_2='?' (DbType = Int32)], CommandType='"Text"', CommandTimeout='30']
SELECT TOP(1) [s].[Id], [s].[Code], [s].[Content], [s].[Data], [s].[Delete], [s].[Language], [s].[Name], [s].[ParentId], [s].[PortalId], [s].[Status]
FROM [StaticInformation] AS [s]
WHERE [s].[Code] = @__code_0 AND [s].[Delete] = CAST(0 AS bit) AND [s].[Language] = @__language_1 AND [s].[PortalId] = @__portalId_2
2025-10-29 14:35:38.678 +07:00 [INF] Executed DbCommand (9ms) [Parameters=[@__code_0='?' (Size = 4000), @__language_1='?' (Size = 4000), @__portalId_2='?' (DbType = Int32)], CommandType='"Text"', CommandTimeout='30']
SELECT TOP(1) [b].[Id], [b].[ClassActive], [b].[Code], [b].[Content], [b].[Delete], [b].[Language], [b].[Name], [b].[PortalId], [b].[Status], [b].[Template], [b].[Type]
FROM [Banner] AS [b]
WHERE [b].[Code] = @__code_0 AND [b].[Delete] = CAST(0 AS bit) AND [b].[Language] = @__language_1 AND [b].[PortalId] = @__portalId_2 AND [b].[Type] = 1
2025-10-29 14:35:38.704 +07:00 [INF] Executed DbCommand (9ms) [Parameters=[@__code_0='?' (Size = 4000), @__language_1='?' (Size = 10), @__portalId_2='?' (DbType = Int32)], CommandType='"Text"', CommandTimeout='30']
SELECT TOP(1) [s].[Id], [s].[Code], [s].[Content], [s].[Data], [s].[Delete], [s].[Language], [s].[Name], [s].[ParentId], [s].[PortalId], [s].[Status]
FROM [StaticInformation] AS [s]
WHERE [s].[Code] = @__code_0 AND [s].[Delete] = CAST(0 AS bit) AND [s].[Language] = @__language_1 AND [s].[PortalId] = @__portalId_2
2025-10-29 14:35:38.724 +07:00 [INF] Executed DbCommand (9ms) [Parameters=[@__code_0='?' (Size = 4000), @__language_1='?' (Size = 4000), @__portalId_2='?' (DbType = Int32)], CommandType='"Text"', CommandTimeout='30']
SELECT TOP(1) [b].[Id], [b].[ClassActive], [b].[Code], [b].[Content], [b].[Delete], [b].[Language], [b].[Name], [b].[PortalId], [b].[Status], [b].[Template], [b].[Type]
FROM [Banner] AS [b]
WHERE [b].[Code] = @__code_0 AND [b].[Delete] = CAST(0 AS bit) AND [b].[Language] = @__language_1 AND [b].[PortalId] = @__portalId_2 AND [b].[Type] = 0
2025-10-29 14:35:38.743 +07:00 [INF] Executed DbCommand (9ms) [Parameters=[@__code_0='?' (Size = 4000), @__language_1='?' (Size = 4000), @__portalId_2='?' (DbType = Int32)], CommandType='"Text"', CommandTimeout='30']
SELECT TOP(1) [b].[Id], [b].[ClassActive], [b].[Code], [b].[Content], [b].[Delete], [b].[Language], [b].[Name], [b].[PortalId], [b].[Status], [b].[Template], [b].[Type]
FROM [Banner] AS [b]
WHERE [b].[Code] = @__code_0 AND [b].[Delete] = CAST(0 AS bit) AND [b].[Language] = @__language_1 AND [b].[PortalId] = @__portalId_2 AND [b].[Type] = 0
2025-10-29 14:35:38.792 +07:00 [INF] Executed DbCommand (8ms) [Parameters=[@__code_0='?' (Size = 4000), @__language_1='?' (Size = 4000), @__portalId_2='?' (DbType = Int32)], CommandType='"Text"', CommandTimeout='30']
SELECT TOP(1) [b].[Id], [b].[ClassActive], [b].[Code], [b].[Content], [b].[Delete], [b].[Language], [b].[Name], [b].[PortalId], [b].[Status], [b].[Template], [b].[Type]
FROM [Banner] AS [b]
WHERE [b].[Code] = @__code_0 AND [b].[Delete] = CAST(0 AS bit) AND [b].[Language] = @__language_1 AND [b].[PortalId] = @__portalId_2 AND [b].[Type] = 1
2025-10-29 14:35:38.834 +07:00 [INF] Executed DbCommand (8ms) [Parameters=[@__code_0='?' (Size = 4000), @__language_1='?' (Size = 10), @__portalId_2='?' (DbType = Int32)], CommandType='"Text"', CommandTimeout='30']
SELECT TOP(1) [s].[Id], [s].[Code], [s].[Content], [s].[Data], [s].[Delete], [s].[Language], [s].[Name], [s].[ParentId], [s].[PortalId], [s].[Status]
FROM [StaticInformation] AS [s]
WHERE [s].[Code] = @__code_0 AND [s].[Delete] = CAST(0 AS bit) AND [s].[Language] = @__language_1 AND [s].[PortalId] = @__portalId_2
2025-10-29 14:35:38.851 +07:00 [INF] Executed DbCommand (8ms) [Parameters=[@__code_0='?' (Size = 4000), @__language_1='?' (Size = 4000), @__portalId_2='?' (DbType = Int32)], CommandType='"Text"', CommandTimeout='30']
SELECT TOP(1) [m].[Id], [m].[Code], [m].[Content], [m].[Delete], [m].[HasChildrentClass1], [m].[HasChildrentClass2], [m].[HasChildrentClass3], [m].[Language], [m].[Name], [m].[PortalId], [m].[Status], [m].[Template], [m].[Template1], [m].[Template2], [m].[Template3]
FROM [Menu] AS [m]
WHERE [m].[Code] = @__code_0 AND [m].[Delete] = CAST(0 AS bit) AND [m].[Language] = @__language_1 AND [m].[PortalId] = @__portalId_2
2025-10-29 14:35:38.864 +07:00 [INF] Executed DbCommand (8ms) [Parameters=[@__code_0='?' (Size = 4000), @__language_1='?' (Size = 10), @__portalId_2='?' (DbType = Int32)], CommandType='"Text"', CommandTimeout='30']
SELECT TOP(1) [s].[Id], [s].[Code], [s].[Content], [s].[Data], [s].[Delete], [s].[Language], [s].[Name], [s].[ParentId], [s].[PortalId], [s].[Status]
FROM [StaticInformation] AS [s]
WHERE [s].[Code] = @__code_0 AND [s].[Delete] = CAST(0 AS bit) AND [s].[Language] = @__language_1 AND [s].[PortalId] = @__portalId_2
2025-10-29 14:35:38.883 +07:00 [INF] Executed DbCommand (13ms) [Parameters=[@__code_0='?' (Size = 4000), @__language_1='?' (Size = 10), @__portalId_2='?' (DbType = Int32)], CommandType='"Text"', CommandTimeout='30']
SELECT TOP(1) [s].[Id], [s].[Code], [s].[Content], [s].[Data], [s].[Delete], [s].[Language], [s].[Name], [s].[ParentId], [s].[PortalId], [s].[Status]
FROM [StaticInformation] AS [s]
WHERE [s].[Code] = @__code_0 AND [s].[Delete] = CAST(0 AS bit) AND [s].[Language] = @__language_1 AND [s].[PortalId] = @__portalId_2
2025-10-29 14:35:38.897 +07:00 [INF] Executed DbCommand (8ms) [Parameters=[@__code_0='?' (Size = 4000), @__language_1='?' (Size = 4000), @__portalId_2='?' (DbType = Int32)], CommandType='"Text"', CommandTimeout='30']
SELECT TOP(1) [m].[Id], [m].[Code], [m].[Content], [m].[Delete], [m].[HasChildrentClass1], [m].[HasChildrentClass2], [m].[HasChildrentClass3], [m].[Language], [m].[Name], [m].[PortalId], [m].[Status], [m].[Template], [m].[Template1], [m].[Template2], [m].[Template3]
FROM [Menu] AS [m]
WHERE [m].[Code] = @__code_0 AND [m].[Delete] = CAST(0 AS bit) AND [m].[Language] = @__language_1 AND [m].[PortalId] = @__portalId_2
2025-10-29 14:35:38.930 +07:00 [INF] Executed ViewResult - view Index executed in 369.0689ms.
2025-10-29 14:35:38.933 +07:00 [INF] Executed action PT.UI.Controllers.HomeController.Index (PT.UI) in 459.2803ms
2025-10-29 14:35:38.952 +07:00 [INF] Request finished HTTP/2 GET https://localhost:44372/ - 200 null text/html; charset=utf-8 2161.6194ms
2025-10-29 14:35:38.994 +07:00 [INF] Request starting HTTP/2 GET https://localhost:44372/_framework/aspnetcore-browser-refresh.js - null null
2025-10-29 14:35:38.997 +07:00 [INF] Request finished HTTP/2 GET https://localhost:44372/_framework/aspnetcore-browser-refresh.js - 200 16495 application/javascript; charset=utf-8 2.278ms
2025-10-29 14:35:39.017 +07:00 [INF] Request starting HTTP/2 GET https://localhost:44372/_vs/browserLink - null null
2025-10-29 14:35:39.020 +07:00 [INF] Request starting HTTP/2 GET https://localhost:44372/assets/Data/bgvideo.jpg - null null
2025-10-29 14:35:39.029 +07:00 [INF] Request finished HTTP/2 GET https://localhost:44372/assets/Data/bgvideo.jpg - 404 null null 8.5317ms
2025-10-29 14:35:39.052 +07:00 [INF] Request starting HTTP/2 GET https://localhost:44372/assets/Data/bgour.png - null null
2025-10-29 14:35:39.052 +07:00 [INF] Request reached the end of the middleware pipeline without being handled by application code. Request path: GET https://localhost:44372/assets/Data/bgvideo.jpg, Response status code: 404
2025-10-29 14:35:39.055 +07:00 [INF] Request finished HTTP/2 GET https://localhost:44372/assets/Data/bgour.png - 404 null null 2.6949ms
2025-10-29 14:35:39.055 +07:00 [INF] Request reached the end of the middleware pipeline without being handled by application code. Request path: GET https://localhost:44372/assets/Data/bgour.png, Response status code: 404
2025-10-29 14:35:39.078 +07:00 [INF] Request finished HTTP/2 GET https://localhost:44372/_vs/browserLink - 200 null text/javascript; charset=UTF-8 60.8281ms
2025-10-29 14:36:09.258 +07:00 [INF] Request starting HTTP/2 GET https://localhost:44372/san-pham - null null
2025-10-29 14:36:09.264 +07:00 [INF] Request finished HTTP/2 GET https://localhost:44372/san-pham - 404 null null 6.1217ms
2025-10-29 14:36:09.264 +07:00 [INF] Request reached the end of the middleware pipeline without being handled by application code. Request path: GET https://localhost:44372/san-pham, Response status code: 404
2025-10-29 14:54:38.401 +07:00 [INF] Request starting HTTP/2 GET https://localhost:44372/ - null null
2025-10-29 14:54:38.478 +07:00 [INF] Application started. Press Ctrl+C to shut down.
2025-10-29 14:54:38.511 +07:00 [INF] Hosting environment: Development
2025-10-29 14:54:38.511 +07:00 [INF] Content root path: D:\CongViec\Job\2025\5.Fiingroup-website\6.FE\Portal2
2025-10-29 14:54:52.147 +07:00 [INF] Request starting HTTP/2 GET https://localhost:44372/vi/product.html - null null
2025-10-29 14:55:51.330 +07:00 [INF] Executed DbCommand (16ms) [Parameters=[@__slug_0='?' (Size = 4000), @__language_1='?' (Size = 10), @__baseSettings_Value_PortalId_2='?' (DbType = Int32)], CommandType='"Text"', CommandTimeout='30']
SELECT TOP(1) [l].[Id], [l].[Acction], [l].[Area], [l].[Changefreq], [l].[Controller], [l].[Delete], [l].[Description], [l].[FacebookBanner], [l].[FacebookDescription], [l].[FocusKeywords], [l].[GooglePlusDescription], [l].[IncludeSitemap], [l].[IsStatic], [l].[Keywords], [l].[Language], [l].[Lastmod], [l].[MetaRobotsAdvance], [l].[MetaRobotsFollow], [l].[MetaRobotsIndex], [l].[Name], [l].[ObjectId], [l].[Parrams], [l].[PortalId], [l].[Priority], [l].[Redirect301], [l].[Slug], [l].[Status], [l].[Title], [l].[Type]
FROM [Link] AS [l]
WHERE [l].[Slug] = @__slug_0 AND [l].[Language] = @__language_1 AND [l].[PortalId] = @__baseSettings_Value_PortalId_2
2025-10-29 14:55:51.330 +07:00 [INF] Executed DbCommand (49ms) [Parameters=[@__slug_0='?' (Size = 4000), @__language_1='?' (Size = 10), @__baseSettings_Value_PortalId_2='?' (DbType = Int32)], CommandType='"Text"', CommandTimeout='30']
SELECT TOP(1) [l].[Id], [l].[Acction], [l].[Area], [l].[Changefreq], [l].[Controller], [l].[Delete], [l].[Description], [l].[FacebookBanner], [l].[FacebookDescription], [l].[FocusKeywords], [l].[GooglePlusDescription], [l].[IncludeSitemap], [l].[IsStatic], [l].[Keywords], [l].[Language], [l].[Lastmod], [l].[MetaRobotsAdvance], [l].[MetaRobotsFollow], [l].[MetaRobotsIndex], [l].[Name], [l].[ObjectId], [l].[Parrams], [l].[PortalId], [l].[Priority], [l].[Redirect301], [l].[Slug], [l].[Status], [l].[Title], [l].[Type]
FROM [Link] AS [l]
WHERE [l].[Slug] = @__slug_0 AND [l].[Language] = @__language_1 AND [l].[PortalId] = @__baseSettings_Value_PortalId_2
2025-10-29 14:55:51.406 +07:00 [INF] Route matched with {action = "Page404", controller = "Home"}. Executing controller action with signature Microsoft.AspNetCore.Mvc.IActionResult Page404(System.String) on controller PT.UI.Controllers.HomeController (PT.UI).
2025-10-29 14:55:51.425 +07:00 [INF] Executing ViewResult, running view _Home404.
2025-10-29 14:55:51.469 +07:00 [INF] Route matched with {action = "Index", controller = "Home"}. Executing controller action with signature Microsoft.AspNetCore.Mvc.IActionResult Index(System.String, Int32) on controller PT.UI.Controllers.HomeController (PT.UI).
2025-10-29 14:55:51.506 +07:00 [INF] Executing ViewResult, running view Index.
2025-10-29 14:55:51.540 +07:00 [INF] Executed DbCommand (15ms) [Parameters=[@__code_0='?' (Size = 4000), @__language_1='?' (Size = 10), @__portalId_2='?' (DbType = Int32)], CommandType='"Text"', CommandTimeout='30']
SELECT TOP(1) [s].[Id], [s].[Code], [s].[Content], [s].[Data], [s].[Delete], [s].[Language], [s].[Name], [s].[ParentId], [s].[PortalId], [s].[Status]
FROM [StaticInformation] AS [s]
WHERE [s].[Code] = @__code_0 AND [s].[Delete] = CAST(0 AS bit) AND [s].[Language] = @__language_1 AND [s].[PortalId] = @__portalId_2
2025-10-29 14:55:51.540 +07:00 [INF] Executed DbCommand (14ms) [Parameters=[@__code_0='?' (Size = 4000), @__language_1='?' (Size = 4000), @__portalId_2='?' (DbType = Int32)], CommandType='"Text"', CommandTimeout='30']
SELECT TOP(1) [b].[Id], [b].[ClassActive], [b].[Code], [b].[Content], [b].[Delete], [b].[Language], [b].[Name], [b].[PortalId], [b].[Status], [b].[Template], [b].[Type]
FROM [Banner] AS [b]
WHERE [b].[Code] = @__code_0 AND [b].[Delete] = CAST(0 AS bit) AND [b].[Language] = @__language_1 AND [b].[PortalId] = @__portalId_2 AND [b].[Type] = 0
2025-10-29 14:55:51.568 +07:00 [INF] Executed DbCommand (12ms) [Parameters=[@__code_0='?' (Size = 4000), @__language_1='?' (Size = 10), @__portalId_2='?' (DbType = Int32)], CommandType='"Text"', CommandTimeout='30']
SELECT TOP(1) [s].[Id], [s].[Code], [s].[Content], [s].[Data], [s].[Delete], [s].[Language], [s].[Name], [s].[ParentId], [s].[PortalId], [s].[Status]
FROM [StaticInformation] AS [s]
WHERE [s].[Code] = @__code_0 AND [s].[Delete] = CAST(0 AS bit) AND [s].[Language] = @__language_1 AND [s].[PortalId] = @__portalId_2
2025-10-29 14:55:51.572 +07:00 [INF] Executed DbCommand (11ms) [Parameters=[@__code_0='?' (Size = 4000), @__language_1='?' (Size = 4000), @__portalId_2='?' (DbType = Int32)], CommandType='"Text"', CommandTimeout='30']
SELECT TOP(1) [m].[Id], [m].[Code], [m].[Content], [m].[Delete], [m].[HasChildrentClass1], [m].[HasChildrentClass2], [m].[HasChildrentClass3], [m].[Language], [m].[Name], [m].[PortalId], [m].[Status], [m].[Template], [m].[Template1], [m].[Template2], [m].[Template3]
FROM [Menu] AS [m]
WHERE [m].[Code] = @__code_0 AND [m].[Delete] = CAST(0 AS bit) AND [m].[Language] = @__language_1 AND [m].[PortalId] = @__portalId_2
2025-10-29 14:55:51.590 +07:00 [INF] Executed DbCommand (11ms) [Parameters=[@__code_0='?' (Size = 4000), @__language_1='?' (Size = 4000), @__portalId_2='?' (DbType = Int32)], CommandType='"Text"', CommandTimeout='30']
SELECT TOP(1) [b].[Id], [b].[ClassActive], [b].[Code], [b].[Content], [b].[Delete], [b].[Language], [b].[Name], [b].[PortalId], [b].[Status], [b].[Template], [b].[Type]
FROM [Banner] AS [b]
WHERE [b].[Code] = @__code_0 AND [b].[Delete] = CAST(0 AS bit) AND [b].[Language] = @__language_1 AND [b].[PortalId] = @__portalId_2 AND [b].[Type] = 1
2025-10-29 14:55:51.597 +07:00 [INF] Executed DbCommand (11ms) [Parameters=[@__code_0='?' (Size = 4000), @__language_1='?' (Size = 10), @__portalId_2='?' (DbType = Int32)], CommandType='"Text"', CommandTimeout='30']
SELECT TOP(1) [s].[Id], [s].[Code], [s].[Content], [s].[Data], [s].[Delete], [s].[Language], [s].[Name], [s].[ParentId], [s].[PortalId], [s].[Status]
FROM [StaticInformation] AS [s]
WHERE [s].[Code] = @__code_0 AND [s].[Delete] = CAST(0 AS bit) AND [s].[Language] = @__language_1 AND [s].[PortalId] = @__portalId_2
2025-10-29 14:55:51.605 +07:00 [INF] Executed DbCommand (11ms) [Parameters=[@__code_0='?' (Size = 4000), @__language_1='?' (Size = 10), @__portalId_2='?' (DbType = Int32)], CommandType='"Text"', CommandTimeout='30']
SELECT TOP(1) [s].[Id], [s].[Code], [s].[Content], [s].[Data], [s].[Delete], [s].[Language], [s].[Name], [s].[ParentId], [s].[PortalId], [s].[Status]
FROM [StaticInformation] AS [s]
WHERE [s].[Code] = @__code_0 AND [s].[Delete] = CAST(0 AS bit) AND [s].[Language] = @__language_1 AND [s].[PortalId] = @__portalId_2
2025-10-29 14:55:51.612 +07:00 [INF] Executed DbCommand (10ms) [Parameters=[@__code_0='?' (Size = 4000), @__language_1='?' (Size = 10), @__portalId_2='?' (DbType = Int32)], CommandType='"Text"', CommandTimeout='30']
SELECT TOP(1) [s].[Id], [s].[Code], [s].[Content], [s].[Data], [s].[Delete], [s].[Language], [s].[Name], [s].[ParentId], [s].[PortalId], [s].[Status]
FROM [StaticInformation] AS [s]
WHERE [s].[Code] = @__code_0 AND [s].[Delete] = CAST(0 AS bit) AND [s].[Language] = @__language_1 AND [s].[PortalId] = @__portalId_2
2025-10-29 14:55:51.621 +07:00 [INF] Executed DbCommand (11ms) [Parameters=[@__code_0='?' (Size = 4000), @__language_1='?' (Size = 4000), @__portalId_2='?' (DbType = Int32)], CommandType='"Text"', CommandTimeout='30']
SELECT TOP(1) [b].[Id], [b].[ClassActive], [b].[Code], [b].[Content], [b].[Delete], [b].[Language], [b].[Name], [b].[PortalId], [b].[Status], [b].[Template], [b].[Type]
FROM [Banner] AS [b]
WHERE [b].[Code] = @__code_0 AND [b].[Delete] = CAST(0 AS bit) AND [b].[Language] = @__language_1 AND [b].[PortalId] = @__portalId_2 AND [b].[Type] = 0
2025-10-29 14:55:51.628 +07:00 [INF] Executed DbCommand (12ms) [Parameters=[@__code_0='?' (Size = 4000), @__language_1='?' (Size = 4000), @__portalId_2='?' (DbType = Int32)], CommandType='"Text"', CommandTimeout='30']
SELECT TOP(1) [m].[Id], [m].[Code], [m].[Content], [m].[Delete], [m].[HasChildrentClass1], [m].[HasChildrentClass2], [m].[HasChildrentClass3], [m].[Language], [m].[Name], [m].[PortalId], [m].[Status], [m].[Template], [m].[Template1], [m].[Template2], [m].[Template3]
FROM [Menu] AS [m]
WHERE [m].[Code] = @__code_0 AND [m].[Delete] = CAST(0 AS bit) AND [m].[Language] = @__language_1 AND [m].[PortalId] = @__portalId_2
2025-10-29 14:55:51.636 +07:00 [INF] Executed DbCommand (11ms) [Parameters=[@__code_0='?' (Size = 4000), @__language_1='?' (Size = 4000), @__portalId_2='?' (DbType = Int32)], CommandType='"Text"', CommandTimeout='30']
SELECT TOP(1) [b].[Id], [b].[ClassActive], [b].[Code], [b].[Content], [b].[Delete], [b].[Language], [b].[Name], [b].[PortalId], [b].[Status], [b].[Template], [b].[Type]
FROM [Banner] AS [b]
WHERE [b].[Code] = @__code_0 AND [b].[Delete] = CAST(0 AS bit) AND [b].[Language] = @__language_1 AND [b].[PortalId] = @__portalId_2 AND [b].[Type] = 0
2025-10-29 14:55:51.662 +07:00 [INF] Executed ViewResult - view _Home404 executed in 240.5983ms.
2025-10-29 14:55:51.663 +07:00 [INF] Executed DbCommand (10ms) [Parameters=[@__code_0='?' (Size = 4000), @__language_1='?' (Size = 4000), @__portalId_2='?' (DbType = Int32)], CommandType='"Text"', CommandTimeout='30']
SELECT TOP(1) [b].[Id], [b].[ClassActive], [b].[Code], [b].[Content], [b].[Delete], [b].[Language], [b].[Name], [b].[PortalId], [b].[Status], [b].[Template], [b].[Type]
FROM [Banner] AS [b]
WHERE [b].[Code] = @__code_0 AND [b].[Delete] = CAST(0 AS bit) AND [b].[Language] = @__language_1 AND [b].[PortalId] = @__portalId_2 AND [b].[Type] = 1
2025-10-29 14:55:51.664 +07:00 [INF] Executed action PT.UI.Controllers.HomeController.Page404 (PT.UI) in 257.8679ms
2025-10-29 14:55:51.741 +07:00 [INF] Request starting HTTP/2 GET https://localhost:44372/vi/assets/lib/bootstrap-5.2.2-dist/css/bootstrap.min.css - null null
2025-10-29 14:55:51.741 +07:00 [INF] Request starting HTTP/2 GET https://localhost:44372/vi/assets/css/fonts/font-awesome/4.7.0/css/font-awesome.min.css - null null
2025-10-29 14:55:51.756 +07:00 [INF] Request starting HTTP/2 GET https://localhost:44372/vi/assets/js/jquery.min.js - null null
2025-10-29 14:55:51.760 +07:00 [INF] Request starting HTTP/2 GET https://localhost:44372/vi/assets/css/style.css - null null
2025-10-29 14:55:51.760 +07:00 [INF] Executed ViewResult - view Index executed in 255.4333ms.
2025-10-29 14:55:51.762 +07:00 [INF] Executed action PT.UI.Controllers.HomeController.Index (PT.UI) in 292.6746ms
2025-10-29 14:55:51.762 +07:00 [INF] Request starting HTTP/2 GET https://localhost:44372/vi/assets/lib/OwlCarousel2-2.3.4/dist/assets/owl.carousel.min.css - null null
2025-10-29 14:55:51.765 +07:00 [INF] Request starting HTTP/2 GET https://localhost:44372/vi/assets/lib/OwlCarousel2-2.3.4/dist/assets/owl.theme.default.min.css - null null
2025-10-29 14:55:51.770 +07:00 [INF] Request starting HTTP/2 GET https://localhost:44372/vi/assets/css/custom.css - null null
2025-10-29 14:55:51.773 +07:00 [INF] Request starting HTTP/2 GET https://localhost:44372/vi/assets/lib/fancybox/dist/jquery.fancybox.min.css - null null
2025-10-29 14:55:51.774 +07:00 [INF] Request starting HTTP/2 GET https://localhost:44372/vi/Data/en.svg - null null
2025-10-29 14:55:51.801 +07:00 [INF] Request starting HTTP/2 GET https://localhost:44372/vi/Data/vi.png - null null
2025-10-29 14:55:51.804 +07:00 [INF] Request finished HTTP/2 GET https://localhost:44372/vi/assets/lib/OwlCarousel2-2.3.4/dist/assets/owl.theme.default.min.css - 404 null null 39.1045ms
2025-10-29 14:55:51.804 +07:00 [INF] Request finished HTTP/2 GET https://localhost:44372/vi/assets/css/fonts/font-awesome/4.7.0/css/font-awesome.min.css - 404 null null 100.3736ms
2025-10-29 14:55:51.804 +07:00 [INF] Request finished HTTP/2 GET https://localhost:44372/vi/assets/lib/fancybox/dist/jquery.fancybox.min.css - 404 null null 33.0303ms
2025-10-29 14:55:51.804 +07:00 [INF] Request finished HTTP/2 GET https://localhost:44372/vi/assets/css/style.css - 404 null null 44.458ms
2025-10-29 14:55:51.804 +07:00 [INF] Request finished HTTP/2 GET https://localhost:44372/vi/assets/lib/bootstrap-5.2.2-dist/css/bootstrap.min.css - 404 null null 100.5232ms
2025-10-29 14:55:51.804 +07:00 [INF] Request finished HTTP/2 GET https://localhost:44372/ - 200 null text/html; charset=utf-8 73414.6124ms
2025-10-29 14:55:51.804 +07:00 [INF] Request finished HTTP/2 GET https://localhost:44372/vi/assets/js/jquery.min.js - 404 null null 62.985ms
2025-10-29 14:55:51.804 +07:00 [INF] Request finished HTTP/2 GET https://localhost:44372/vi/assets/lib/OwlCarousel2-2.3.4/dist/assets/owl.carousel.min.css - 404 null null 41.8683ms
2025-10-29 14:55:51.804 +07:00 [INF] Request finished HTTP/2 GET https://localhost:44372/vi/Data/en.svg - 404 null null 29.6498ms
2025-10-29 14:55:51.804 +07:00 [INF] Request finished HTTP/2 GET https://localhost:44372/vi/assets/css/custom.css - 404 null null 35.6885ms
2025-10-29 14:55:51.804 +07:00 [INF] Request finished HTTP/2 GET https://localhost:44372/vi/Data/vi.png - 404 null null 2.086ms
2025-10-29 14:55:51.804 +07:00 [INF] Request finished HTTP/2 GET https://localhost:44372/vi/product.html - 200 null text/html; charset=utf-8 59675.4543ms
2025-10-29 14:55:51.805 +07:00 [INF] Request reached the end of the middleware pipeline without being handled by application code. Request path: GET https://localhost:44372/vi/Data/en.svg, Response status code: 404
2025-10-29 14:55:51.805 +07:00 [INF] Request reached the end of the middleware pipeline without being handled by application code. Request path: GET https://localhost:44372/vi/assets/lib/OwlCarousel2-2.3.4/dist/assets/owl.theme.default.min.css, Response status code: 404
2025-10-29 14:55:51.805 +07:00 [INF] Request reached the end of the middleware pipeline without being handled by application code. Request path: GET https://localhost:44372/vi/assets/lib/bootstrap-5.2.2-dist/css/bootstrap.min.css, Response status code: 404
2025-10-29 14:55:51.805 +07:00 [INF] Request reached the end of the middleware pipeline without being handled by application code. Request path: GET https://localhost:44372/vi/assets/css/style.css, Response status code: 404
2025-10-29 14:55:51.805 +07:00 [INF] Request reached the end of the middleware pipeline without being handled by application code. Request path: GET https://localhost:44372/vi/assets/css/fonts/font-awesome/4.7.0/css/font-awesome.min.css, Response status code: 404
2025-10-29 14:55:51.805 +07:00 [INF] Request reached the end of the middleware pipeline without being handled by application code. Request path: GET https://localhost:44372/vi/assets/js/jquery.min.js, Response status code: 404
2025-10-29 14:55:51.805 +07:00 [INF] Request reached the end of the middleware pipeline without being handled by application code. Request path: GET https://localhost:44372/vi/assets/css/custom.css, Response status code: 404
2025-10-29 14:55:51.805 +07:00 [INF] Request reached the end of the middleware pipeline without being handled by application code. Request path: GET https://localhost:44372/vi/Data/vi.png, Response status code: 404
2025-10-29 14:55:51.805 +07:00 [INF] Request reached the end of the middleware pipeline without being handled by application code. Request path: GET https://localhost:44372/vi/assets/lib/OwlCarousel2-2.3.4/dist/assets/owl.carousel.min.css, Response status code: 404
2025-10-29 14:55:51.805 +07:00 [INF] Request reached the end of the middleware pipeline without being handled by application code. Request path: GET https://localhost:44372/vi/assets/lib/fancybox/dist/jquery.fancybox.min.css, Response status code: 404
2025-10-29 14:55:51.837 +07:00 [INF] Request starting HTTP/2 GET https://localhost:44372/vi/Data/logoft.svg - null null
2025-10-29 14:55:51.837 +07:00 [INF] Request finished HTTP/2 GET https://localhost:44372/vi/Data/logoft.svg - 404 null null 0.6534ms
2025-10-29 14:55:51.837 +07:00 [INF] Request reached the end of the middleware pipeline without being handled by application code. Request path: GET https://localhost:44372/vi/Data/logoft.svg, Response status code: 404
2025-10-29 14:55:51.838 +07:00 [INF] Request starting HTTP/2 GET https://localhost:44372/vi/assets/lib/bootstrap-5.2.2-dist/js/bootstrap.bundle.min.js - null null
2025-10-29 14:55:51.838 +07:00 [INF] Request finished HTTP/2 GET https://localhost:44372/vi/assets/lib/bootstrap-5.2.2-dist/js/bootstrap.bundle.min.js - 404 null null 0.388ms
2025-10-29 14:55:51.838 +07:00 [INF] Request reached the end of the middleware pipeline without being handled by application code. Request path: GET https://localhost:44372/vi/assets/lib/bootstrap-5.2.2-dist/js/bootstrap.bundle.min.js, Response status code: 404
2025-10-29 14:55:51.846 +07:00 [INF] Request starting HTTP/2 GET https://localhost:44372/vi/assets/js/bootstrap.js?v=5.5.9 - null null
2025-10-29 14:55:51.847 +07:00 [INF] Request finished HTTP/2 GET https://localhost:44372/vi/assets/js/bootstrap.js?v=5.5.9 - 404 null null 0.6249ms
2025-10-29 14:55:51.847 +07:00 [INF] Request reached the end of the middleware pipeline without being handled by application code. Request path: GET https://localhost:44372/vi/assets/js/bootstrap.js, Response status code: 404
2025-10-29 14:55:51.848 +07:00 [INF] Request starting HTTP/2 GET https://localhost:44372/vi/assets/js/owl.carousel.min.js?v=5.5.9 - null null
2025-10-29 14:55:51.848 +07:00 [INF] Request finished HTTP/2 GET https://localhost:44372/vi/assets/js/owl.carousel.min.js?v=5.5.9 - 404 null null 0.5516ms
2025-10-29 14:55:51.848 +07:00 [INF] Request reached the end of the middleware pipeline without being handled by application code. Request path: GET https://localhost:44372/vi/assets/js/owl.carousel.min.js, Response status code: 404
2025-10-29 14:55:51.855 +07:00 [INF] Request starting HTTP/2 GET https://localhost:44372/vi/assets/js/site.js?v=1.0 - null null
2025-10-29 14:55:51.856 +07:00 [INF] Request finished HTTP/2 GET https://localhost:44372/vi/assets/js/site.js?v=1.0 - 404 null null 0.5711ms
2025-10-29 14:55:51.856 +07:00 [INF] Request reached the end of the middleware pipeline without being handled by application code. Request path: GET https://localhost:44372/vi/assets/js/site.js, Response status code: 404
2025-10-29 14:55:51.856 +07:00 [INF] Request starting HTTP/2 GET https://localhost:44372/vi/assets/js/waypoints.min.js - null null
2025-10-29 14:55:51.857 +07:00 [INF] Request finished HTTP/2 GET https://localhost:44372/vi/assets/js/waypoints.min.js - 404 null null 0.526ms
2025-10-29 14:55:51.857 +07:00 [INF] Request reached the end of the middleware pipeline without being handled by application code. Request path: GET https://localhost:44372/vi/assets/js/waypoints.min.js, Response status code: 404
2025-10-29 14:55:51.864 +07:00 [INF] Request starting HTTP/2 GET https://localhost:44372/vi/assets/js/jquery.counterup.min.js - null null
2025-10-29 14:55:51.865 +07:00 [INF] Request finished HTTP/2 GET https://localhost:44372/vi/assets/js/jquery.counterup.min.js - 404 null null 0.5675ms
2025-10-29 14:55:51.865 +07:00 [INF] Request reached the end of the middleware pipeline without being handled by application code. Request path: GET https://localhost:44372/vi/assets/js/jquery.counterup.min.js, Response status code: 404
2025-10-29 14:55:51.866 +07:00 [INF] Request starting HTTP/2 GET https://localhost:44372/vi/assets/lib/fancybox/dist/jquery.fancybox.min.js - null null
2025-10-29 14:55:51.866 +07:00 [INF] Request finished HTTP/2 GET https://localhost:44372/vi/assets/lib/fancybox/dist/jquery.fancybox.min.js - 404 null null 0.4509ms
2025-10-29 14:55:51.866 +07:00 [INF] Request reached the end of the middleware pipeline without being handled by application code. Request path: GET https://localhost:44372/vi/assets/lib/fancybox/dist/jquery.fancybox.min.js, Response status code: 404
2025-10-29 14:55:51.875 +07:00 [INF] Request starting HTTP/2 GET https://localhost:44372/_framework/aspnetcore-browser-refresh.js - null null
2025-10-29 14:55:51.879 +07:00 [INF] Request finished HTTP/2 GET https://localhost:44372/_framework/aspnetcore-browser-refresh.js - 200 16495 application/javascript; charset=utf-8 3.4183ms
2025-10-29 14:55:51.899 +07:00 [INF] Request starting HTTP/2 GET https://localhost:44372/vi/Data/logo.svg - null null
2025-10-29 14:55:51.900 +07:00 [INF] Request finished HTTP/2 GET https://localhost:44372/vi/Data/logo.svg - 404 null null 0.7301ms
2025-10-29 14:55:51.900 +07:00 [INF] Request reached the end of the middleware pipeline without being handled by application code. Request path: GET https://localhost:44372/vi/Data/logo.svg, Response status code: 404
2025-10-29 14:55:51.900 +07:00 [INF] Request starting HTTP/2 GET https://localhost:44372/_vs/browserLink - null null
2025-10-29 14:55:51.901 +07:00 [INF] Request starting HTTP/2 GET https://localhost:44372/vi/Data/en.svg - null null
2025-10-29 14:55:51.902 +07:00 [INF] Request finished HTTP/2 GET https://localhost:44372/vi/Data/en.svg - 404 null null 0.6998ms
2025-10-29 14:55:51.902 +07:00 [INF] Request reached the end of the middleware pipeline without being handled by application code. Request path: GET https://localhost:44372/vi/Data/en.svg, Response status code: 404
2025-10-29 14:55:51.903 +07:00 [INF] Request starting HTTP/2 GET https://localhost:44372/vi/Data/bgtop.jpg - null null
2025-10-29 14:55:51.904 +07:00 [INF] Request finished HTTP/2 GET https://localhost:44372/vi/Data/bgtop.jpg - 404 null null 0.9388ms
2025-10-29 14:55:51.904 +07:00 [INF] Request reached the end of the middleware pipeline without being handled by application code. Request path: GET https://localhost:44372/vi/Data/bgtop.jpg, Response status code: 404
2025-10-29 14:55:51.932 +07:00 [INF] Request finished HTTP/2 GET https://localhost:44372/_vs/browserLink - 200 null text/javascript; charset=UTF-8 31.834ms
2025-10-29 14:55:51.987 +07:00 [INF] Request starting HTTP/2 GET https://localhost:44372/favicon.ico - null null
2025-10-29 14:55:51.987 +07:00 [INF] Request finished HTTP/2 GET https://localhost:44372/favicon.ico - 404 null null 0.7211ms
2025-10-29 14:55:51.988 +07:00 [INF] Request reached the end of the middleware pipeline without being handled by application code. Request path: GET https://localhost:44372/favicon.ico, Response status code: 404
2025-10-29 14:55:51.997 +07:00 [INF] Request starting HTTP/2 GET https://localhost:44372/vi/assets/img/logo/favicon.png - null null
2025-10-29 14:55:51.997 +07:00 [INF] Request finished HTTP/2 GET https://localhost:44372/vi/assets/img/logo/favicon.png - 404 null null 0.5939ms
2025-10-29 14:55:51.997 +07:00 [INF] Request reached the end of the middleware pipeline without being handled by application code. Request path: GET https://localhost:44372/vi/assets/img/logo/favicon.png, Response status code: 404
2025-10-29 14:55:56.312 +07:00 [INF] Request starting HTTP/2 GET https://localhost:44372/vi/product.html - null null
2025-10-29 14:57:04.199 +07:00 [INF] Request starting HTTP/2 GET https://localhost:44372/ - null null
2025-10-29 14:57:04.280 +07:00 [INF] Application started. Press Ctrl+C to shut down.
2025-10-29 14:57:04.280 +07:00 [INF] Hosting environment: Development
2025-10-29 14:57:04.280 +07:00 [INF] Content root path: D:\CongViec\Job\2025\5.Fiingroup-website\6.FE\Portal2
2025-10-29 14:57:05.590 +07:00 [INF] Executed DbCommand (45ms) [Parameters=[@__slug_0='?' (Size = 4000), @__language_1='?' (Size = 10), @__baseSettings_Value_PortalId_2='?' (DbType = Int32)], CommandType='"Text"', CommandTimeout='30']
SELECT TOP(1) [l].[Id], [l].[Acction], [l].[Area], [l].[Changefreq], [l].[Controller], [l].[Delete], [l].[Description], [l].[FacebookBanner], [l].[FacebookDescription], [l].[FocusKeywords], [l].[GooglePlusDescription], [l].[IncludeSitemap], [l].[IsStatic], [l].[Keywords], [l].[Language], [l].[Lastmod], [l].[MetaRobotsAdvance], [l].[MetaRobotsFollow], [l].[MetaRobotsIndex], [l].[Name], [l].[ObjectId], [l].[Parrams], [l].[PortalId], [l].[Priority], [l].[Redirect301], [l].[Slug], [l].[Status], [l].[Title], [l].[Type]
FROM [Link] AS [l]
WHERE [l].[Slug] = @__slug_0 AND [l].[Language] = @__language_1 AND [l].[PortalId] = @__baseSettings_Value_PortalId_2
2025-10-29 14:57:05.682 +07:00 [INF] Route matched with {action = "Index", controller = "Home"}. Executing controller action with signature Microsoft.AspNetCore.Mvc.IActionResult Index(System.String, Int32) on controller PT.UI.Controllers.HomeController (PT.UI).
2025-10-29 14:57:05.725 +07:00 [INF] Executing ViewResult, running view Index.
2025-10-29 14:57:05.775 +07:00 [INF] Executed DbCommand (12ms) [Parameters=[@__code_0='?' (Size = 4000), @__language_1='?' (Size = 4000), @__portalId_2='?' (DbType = Int32)], CommandType='"Text"', CommandTimeout='30']
SELECT TOP(1) [b].[Id], [b].[ClassActive], [b].[Code], [b].[Content], [b].[Delete], [b].[Language], [b].[Name], [b].[PortalId], [b].[Status], [b].[Template], [b].[Type]
FROM [Banner] AS [b]
WHERE [b].[Code] = @__code_0 AND [b].[Delete] = CAST(0 AS bit) AND [b].[Language] = @__language_1 AND [b].[PortalId] = @__portalId_2 AND [b].[Type] = 0
2025-10-29 14:57:05.805 +07:00 [INF] Executed DbCommand (11ms) [Parameters=[@__code_0='?' (Size = 4000), @__language_1='?' (Size = 10), @__portalId_2='?' (DbType = Int32)], CommandType='"Text"', CommandTimeout='30']
SELECT TOP(1) [s].[Id], [s].[Code], [s].[Content], [s].[Data], [s].[Delete], [s].[Language], [s].[Name], [s].[ParentId], [s].[PortalId], [s].[Status]
FROM [StaticInformation] AS [s]
WHERE [s].[Code] = @__code_0 AND [s].[Delete] = CAST(0 AS bit) AND [s].[Language] = @__language_1 AND [s].[PortalId] = @__portalId_2
2025-10-29 14:57:05.829 +07:00 [INF] Executed DbCommand (10ms) [Parameters=[@__code_0='?' (Size = 4000), @__language_1='?' (Size = 4000), @__portalId_2='?' (DbType = Int32)], CommandType='"Text"', CommandTimeout='30']
SELECT TOP(1) [b].[Id], [b].[ClassActive], [b].[Code], [b].[Content], [b].[Delete], [b].[Language], [b].[Name], [b].[PortalId], [b].[Status], [b].[Template], [b].[Type]
FROM [Banner] AS [b]
WHERE [b].[Code] = @__code_0 AND [b].[Delete] = CAST(0 AS bit) AND [b].[Language] = @__language_1 AND [b].[PortalId] = @__portalId_2 AND [b].[Type] = 1
2025-10-29 14:57:05.845 +07:00 [INF] Executed DbCommand (11ms) [Parameters=[@__code_0='?' (Size = 4000), @__language_1='?' (Size = 10), @__portalId_2='?' (DbType = Int32)], CommandType='"Text"', CommandTimeout='30']
SELECT TOP(1) [s].[Id], [s].[Code], [s].[Content], [s].[Data], [s].[Delete], [s].[Language], [s].[Name], [s].[ParentId], [s].[PortalId], [s].[Status]
FROM [StaticInformation] AS [s]
WHERE [s].[Code] = @__code_0 AND [s].[Delete] = CAST(0 AS bit) AND [s].[Language] = @__language_1 AND [s].[PortalId] = @__portalId_2
2025-10-29 14:57:05.862 +07:00 [INF] Executed DbCommand (11ms) [Parameters=[@__code_0='?' (Size = 4000), @__language_1='?' (Size = 4000), @__portalId_2='?' (DbType = Int32)], CommandType='"Text"', CommandTimeout='30']
SELECT TOP(1) [b].[Id], [b].[ClassActive], [b].[Code], [b].[Content], [b].[Delete], [b].[Language], [b].[Name], [b].[PortalId], [b].[Status], [b].[Template], [b].[Type]
FROM [Banner] AS [b]
WHERE [b].[Code] = @__code_0 AND [b].[Delete] = CAST(0 AS bit) AND [b].[Language] = @__language_1 AND [b].[PortalId] = @__portalId_2 AND [b].[Type] = 0
2025-10-29 14:57:05.877 +07:00 [INF] Executed DbCommand (11ms) [Parameters=[@__code_0='?' (Size = 4000), @__language_1='?' (Size = 4000), @__portalId_2='?' (DbType = Int32)], CommandType='"Text"', CommandTimeout='30']
SELECT TOP(1) [b].[Id], [b].[ClassActive], [b].[Code], [b].[Content], [b].[Delete], [b].[Language], [b].[Name], [b].[PortalId], [b].[Status], [b].[Template], [b].[Type]
FROM [Banner] AS [b]
WHERE [b].[Code] = @__code_0 AND [b].[Delete] = CAST(0 AS bit) AND [b].[Language] = @__language_1 AND [b].[PortalId] = @__portalId_2 AND [b].[Type] = 0
2025-10-29 14:57:05.907 +07:00 [INF] Executed DbCommand (10ms) [Parameters=[@__code_0='?' (Size = 4000), @__language_1='?' (Size = 4000), @__portalId_2='?' (DbType = Int32)], CommandType='"Text"', CommandTimeout='30']
SELECT TOP(1) [b].[Id], [b].[ClassActive], [b].[Code], [b].[Content], [b].[Delete], [b].[Language], [b].[Name], [b].[PortalId], [b].[Status], [b].[Template], [b].[Type]
FROM [Banner] AS [b]
WHERE [b].[Code] = @__code_0 AND [b].[Delete] = CAST(0 AS bit) AND [b].[Language] = @__language_1 AND [b].[PortalId] = @__portalId_2 AND [b].[Type] = 1
2025-10-29 14:57:05.947 +07:00 [INF] Executed DbCommand (11ms) [Parameters=[@__code_0='?' (Size = 4000), @__language_1='?' (Size = 10), @__portalId_2='?' (DbType = Int32)], CommandType='"Text"', CommandTimeout='30']
SELECT TOP(1) [s].[Id], [s].[Code], [s].[Content], [s].[Data], [s].[Delete], [s].[Language], [s].[Name], [s].[ParentId], [s].[PortalId], [s].[Status]
FROM [StaticInformation] AS [s]
WHERE [s].[Code] = @__code_0 AND [s].[Delete] = CAST(0 AS bit) AND [s].[Language] = @__language_1 AND [s].[PortalId] = @__portalId_2
2025-10-29 14:57:05.968 +07:00 [INF] Executed DbCommand (11ms) [Parameters=[@__code_0='?' (Size = 4000), @__language_1='?' (Size = 4000), @__portalId_2='?' (DbType = Int32)], CommandType='"Text"', CommandTimeout='30']
SELECT TOP(1) [m].[Id], [m].[Code], [m].[Content], [m].[Delete], [m].[HasChildrentClass1], [m].[HasChildrentClass2], [m].[HasChildrentClass3], [m].[Language], [m].[Name], [m].[PortalId], [m].[Status], [m].[Template], [m].[Template1], [m].[Template2], [m].[Template3]
FROM [Menu] AS [m]
WHERE [m].[Code] = @__code_0 AND [m].[Delete] = CAST(0 AS bit) AND [m].[Language] = @__language_1 AND [m].[PortalId] = @__portalId_2
2025-10-29 14:57:05.984 +07:00 [INF] Executed DbCommand (11ms) [Parameters=[@__code_0='?' (Size = 4000), @__language_1='?' (Size = 10), @__portalId_2='?' (DbType = Int32)], CommandType='"Text"', CommandTimeout='30']
SELECT TOP(1) [s].[Id], [s].[Code], [s].[Content], [s].[Data], [s].[Delete], [s].[Language], [s].[Name], [s].[ParentId], [s].[PortalId], [s].[Status]
FROM [StaticInformation] AS [s]
WHERE [s].[Code] = @__code_0 AND [s].[Delete] = CAST(0 AS bit) AND [s].[Language] = @__language_1 AND [s].[PortalId] = @__portalId_2
2025-10-29 14:57:05.998 +07:00 [INF] Executed DbCommand (10ms) [Parameters=[@__code_0='?' (Size = 4000), @__language_1='?' (Size = 10), @__portalId_2='?' (DbType = Int32)], CommandType='"Text"', CommandTimeout='30']
SELECT TOP(1) [s].[Id], [s].[Code], [s].[Content], [s].[Data], [s].[Delete], [s].[Language], [s].[Name], [s].[ParentId], [s].[PortalId], [s].[Status]
FROM [StaticInformation] AS [s]
WHERE [s].[Code] = @__code_0 AND [s].[Delete] = CAST(0 AS bit) AND [s].[Language] = @__language_1 AND [s].[PortalId] = @__portalId_2
2025-10-29 14:57:06.013 +07:00 [INF] Executed DbCommand (10ms) [Parameters=[@__code_0='?' (Size = 4000), @__language_1='?' (Size = 4000), @__portalId_2='?' (DbType = Int32)], CommandType='"Text"', CommandTimeout='30']
SELECT TOP(1) [m].[Id], [m].[Code], [m].[Content], [m].[Delete], [m].[HasChildrentClass1], [m].[HasChildrentClass2], [m].[HasChildrentClass3], [m].[Language], [m].[Name], [m].[PortalId], [m].[Status], [m].[Template], [m].[Template1], [m].[Template2], [m].[Template3]
FROM [Menu] AS [m]
WHERE [m].[Code] = @__code_0 AND [m].[Delete] = CAST(0 AS bit) AND [m].[Language] = @__language_1 AND [m].[PortalId] = @__portalId_2
2025-10-29 14:57:06.047 +07:00 [INF] Executed ViewResult - view Index executed in 328.5977ms.
2025-10-29 14:57:06.049 +07:00 [INF] Executed action PT.UI.Controllers.HomeController.Index (PT.UI) in 366.8071ms
2025-10-29 14:57:06.059 +07:00 [INF] Request finished HTTP/2 GET https://localhost:44372/ - 200 null text/html; charset=utf-8 1872.5275ms
2025-10-29 14:57:06.142 +07:00 [INF] Request starting HTTP/2 GET https://localhost:44372/assets/lib/OwlCarousel2-2.3.4/dist/assets/owl.theme.default.min.css - null null
2025-10-29 14:57:06.142 +07:00 [INF] Request starting HTTP/2 GET https://localhost:44372/assets/js/jquery.min.js - null null
2025-10-29 14:57:06.142 +07:00 [INF] Request starting HTTP/2 GET https://localhost:44372/assets/lib/bootstrap-5.2.2-dist/css/bootstrap.min.css - null null
2025-10-29 14:57:06.142 +07:00 [INF] Request starting HTTP/2 GET https://localhost:44372/assets/lib/OwlCarousel2-2.3.4/dist/assets/owl.carousel.min.css - null null
2025-10-29 14:57:06.143 +07:00 [INF] Request starting HTTP/2 GET https://localhost:44372/Data/en.svg - null null
2025-10-29 14:57:06.146 +07:00 [INF] Request starting HTTP/2 GET https://localhost:44372/assets/css/fonts/font-awesome/4.7.0/css/font-awesome.min.css - null null
2025-10-29 14:57:06.174 +07:00 [INF] Request starting HTTP/2 GET https://localhost:44372/assets/lib/fancybox/dist/jquery.fancybox.min.css - null null
2025-10-29 14:57:06.177 +07:00 [INF] Request starting HTTP/2 GET https://localhost:44372/Data/vi.png - null null
2025-10-29 14:57:06.199 +07:00 [INF] Sending file. Request path: '/Data/vi.png'. Physical path: 'D:\CongViec\Job\2025\5.Fiingroup-website\6.FE\Portal2\wwwroot\Data\vi.png'
2025-10-29 14:57:06.200 +07:00 [INF] Sending file. Request path: '/assets/js/jquery.min.js'. Physical path: 'D:\CongViec\Job\2025\5.Fiingroup-website\6.FE\Portal2\wwwroot\assets\js\jquery.min.js'
2025-10-29 14:57:06.200 +07:00 [INF] Request finished HTTP/2 GET https://localhost:44372/Data/vi.png - 200 381 image/png 23.3816ms
2025-10-29 14:57:06.202 +07:00 [INF] Request finished HTTP/2 GET https://localhost:44372/assets/js/jquery.min.js - 200 93106 text/javascript 93.4983ms
2025-10-29 14:57:06.203 +07:00 [INF] Sending file. Request path: '/assets/lib/OwlCarousel2-2.3.4/dist/assets/owl.theme.default.min.css'. Physical path: 'D:\CongViec\Job\2025\5.Fiingroup-website\6.FE\Portal2\wwwroot\assets\lib\OwlCarousel2-2.3.4\dist\assets\owl.theme.default.min.css'
2025-10-29 14:57:06.203 +07:00 [INF] Sending file. Request path: '/Data/en.svg'. Physical path: 'D:\CongViec\Job\2025\5.Fiingroup-website\6.FE\Portal2\wwwroot\Data\en.svg'
2025-10-29 14:57:06.203 +07:00 [INF] Sending file. Request path: '/assets/lib/OwlCarousel2-2.3.4/dist/assets/owl.carousel.min.css'. Physical path: 'D:\CongViec\Job\2025\5.Fiingroup-website\6.FE\Portal2\wwwroot\assets\lib\OwlCarousel2-2.3.4\dist\assets\owl.carousel.min.css'
2025-10-29 14:57:06.203 +07:00 [INF] Sending file. Request path: '/assets/lib/fancybox/dist/jquery.fancybox.min.css'. Physical path: 'D:\CongViec\Job\2025\5.Fiingroup-website\6.FE\Portal2\wwwroot\assets\lib\fancybox\dist\jquery.fancybox.min.css'
2025-10-29 14:57:06.203 +07:00 [INF] Sending file. Request path: '/assets/css/fonts/font-awesome/4.7.0/css/font-awesome.min.css'. Physical path: 'D:\CongViec\Job\2025\5.Fiingroup-website\6.FE\Portal2\wwwroot\assets\css\fonts\font-awesome\4.7.0\css\font-awesome.min.css'
2025-10-29 14:57:06.204 +07:00 [INF] Request finished HTTP/2 GET https://localhost:44372/Data/en.svg - 200 null image/svg+xml 61.3337ms
2025-10-29 14:57:06.204 +07:00 [INF] Request finished HTTP/2 GET https://localhost:44372/assets/lib/OwlCarousel2-2.3.4/dist/assets/owl.carousel.min.css - 200 null text/css 95.0253ms
2025-10-29 14:57:06.204 +07:00 [INF] Request finished HTTP/2 GET https://localhost:44372/assets/lib/OwlCarousel2-2.3.4/dist/assets/owl.theme.default.min.css - 200 null text/css 94.959ms
2025-10-29 14:57:06.205 +07:00 [INF] Request finished HTTP/2 GET https://localhost:44372/assets/css/fonts/font-awesome/4.7.0/css/font-awesome.min.css - 200 null text/css 58.5673ms
2025-10-29 14:57:06.208 +07:00 [INF] Request finished HTTP/2 GET https://localhost:44372/assets/lib/fancybox/dist/jquery.fancybox.min.css - 200 null text/css 34.1603ms
2025-10-29 14:57:06.209 +07:00 [INF] Sending file. Request path: '/assets/lib/bootstrap-5.2.2-dist/css/bootstrap.min.css'. Physical path: 'D:\CongViec\Job\2025\5.Fiingroup-website\6.FE\Portal2\wwwroot\assets\lib\bootstrap-5.2.2-dist\css\bootstrap.min.css'
2025-10-29 14:57:06.210 +07:00 [INF] Request finished HTTP/2 GET https://localhost:44372/assets/lib/bootstrap-5.2.2-dist/css/bootstrap.min.css - 200 null text/css 100.8353ms
2025-10-29 14:57:06.295 +07:00 [INF] Request starting HTTP/2 GET https://localhost:44372/Data/banner.png - null null
2025-10-29 14:57:06.296 +07:00 [INF] Request starting HTTP/2 GET https://localhost:44372/Data/why1.png - null null
2025-10-29 14:57:06.296 +07:00 [INF] Sending file. Request path: '/Data/why1.png'. Physical path: 'D:\CongViec\Job\2025\5.Fiingroup-website\6.FE\Portal2\wwwroot\Data\why1.png'
2025-10-29 14:57:06.296 +07:00 [INF] Request finished HTTP/2 GET https://localhost:44372/Data/why1.png - 200 14212 image/png 0.553ms
2025-10-29 14:57:06.298 +07:00 [INF] Sending file. Request path: '/Data/banner.png'. Physical path: 'D:\CongViec\Job\2025\5.Fiingroup-website\6.FE\Portal2\wwwroot\Data\banner.png'
2025-10-29 14:57:06.303 +07:00 [INF] Request finished HTTP/2 GET https://localhost:44372/Data/banner.png - 200 717328 image/png 8.6307ms
2025-10-29 14:57:06.304 +07:00 [INF] Request starting HTTP/2 GET https://localhost:44372/Data/why2.png - null null
2025-10-29 14:57:06.305 +07:00 [INF] Sending file. Request path: '/Data/why2.png'. Physical path: 'D:\CongViec\Job\2025\5.Fiingroup-website\6.FE\Portal2\wwwroot\Data\why2.png'
2025-10-29 14:57:06.305 +07:00 [INF] Request finished HTTP/2 GET https://localhost:44372/Data/why2.png - 200 11775 image/png 0.8909ms
2025-10-29 14:57:06.310 +07:00 [INF] Request starting HTTP/2 GET https://localhost:44372/assets/lib/bootstrap-5.2.2-dist/js/bootstrap.bundle.min.js - null null
2025-10-29 14:57:06.312 +07:00 [INF] Request starting HTTP/2 GET https://localhost:44372/assets/js/bootstrap.js?v=5.5.9 - null null
2025-10-29 14:57:06.312 +07:00 [INF] Sending file. Request path: '/assets/lib/bootstrap-5.2.2-dist/js/bootstrap.bundle.min.js'. Physical path: 'D:\CongViec\Job\2025\5.Fiingroup-website\6.FE\Portal2\wwwroot\assets\lib\bootstrap-5.2.2-dist\js\bootstrap.bundle.min.js'
2025-10-29 14:57:06.313 +07:00 [INF] Sending file. Request path: '/assets/js/bootstrap.js'. Physical path: 'D:\CongViec\Job\2025\5.Fiingroup-website\6.FE\Portal2\wwwroot\assets\js\bootstrap.js'
2025-10-29 14:57:06.313 +07:00 [INF] Request starting HTTP/2 GET https://localhost:44372/assets/js/owl.carousel.min.js?v=5.5.9 - null null
2025-10-29 14:57:06.313 +07:00 [INF] Request finished HTTP/2 GET https://localhost:44372/assets/lib/bootstrap-5.2.2-dist/js/bootstrap.bundle.min.js - 200 80502 text/javascript 3.5115ms
2025-10-29 14:57:06.313 +07:00 [INF] Request finished HTTP/2 GET https://localhost:44372/assets/js/bootstrap.js?v=5.5.9 - 200 27674 text/javascript 1.6477ms
2025-10-29 14:57:06.314 +07:00 [INF] Sending file. Request path: '/assets/js/owl.carousel.min.js'. Physical path: 'D:\CongViec\Job\2025\5.Fiingroup-website\6.FE\Portal2\wwwroot\assets\js\owl.carousel.min.js'
2025-10-29 14:57:06.314 +07:00 [INF] Request starting HTTP/2 GET https://localhost:44372/assets/js/site.js?v=1.0 - null null
2025-10-29 14:57:06.315 +07:00 [INF] Sending file. Request path: '/assets/js/site.js'. Physical path: 'D:\CongViec\Job\2025\5.Fiingroup-website\6.FE\Portal2\wwwroot\assets\js\site.js'
2025-10-29 14:57:06.315 +07:00 [INF] Request finished HTTP/2 GET https://localhost:44372/assets/js/site.js?v=1.0 - 200 1676 text/javascript 0.7931ms
2025-10-29 14:57:06.315 +07:00 [INF] Request finished HTTP/2 GET https://localhost:44372/assets/js/owl.carousel.min.js?v=5.5.9 - 200 42772 text/javascript 2.016ms
2025-10-29 14:57:06.316 +07:00 [INF] Request starting HTTP/2 GET https://localhost:44372/assets/js/waypoints.min.js - null null
2025-10-29 14:57:06.316 +07:00 [INF] Sending file. Request path: '/assets/js/waypoints.min.js'. Physical path: 'D:\CongViec\Job\2025\5.Fiingroup-website\6.FE\Portal2\wwwroot\assets\js\waypoints.min.js'
2025-10-29 14:57:06.317 +07:00 [INF] Request finished HTTP/2 GET https://localhost:44372/assets/js/waypoints.min.js - 200 8051 text/javascript 0.9122ms
2025-10-29 14:57:06.317 +07:00 [INF] Request starting HTTP/2 GET https://localhost:44372/assets/js/jquery.counterup.min.js - null null
2025-10-29 14:57:06.317 +07:00 [INF] Sending file. Request path: '/assets/js/jquery.counterup.min.js'. Physical path: 'D:\CongViec\Job\2025\5.Fiingroup-website\6.FE\Portal2\wwwroot\assets\js\jquery.counterup.min.js'
2025-10-29 14:57:06.318 +07:00 [INF] Request finished HTTP/2 GET https://localhost:44372/assets/js/jquery.counterup.min.js - 200 1074 text/javascript 0.7048ms
2025-10-29 14:57:06.318 +07:00 [INF] Request starting HTTP/2 GET https://localhost:44372/assets/lib/fancybox/dist/jquery.fancybox.min.js - null null
2025-10-29 14:57:06.319 +07:00 [INF] Request starting HTTP/2 GET https://localhost:44372/_framework/aspnetcore-browser-refresh.js - null null
2025-10-29 14:57:06.320 +07:00 [INF] Sending file. Request path: '/assets/lib/fancybox/dist/jquery.fancybox.min.js'. Physical path: 'D:\CongViec\Job\2025\5.Fiingroup-website\6.FE\Portal2\wwwroot\assets\lib\fancybox\dist\jquery.fancybox.min.js'
2025-10-29 14:57:06.321 +07:00 [INF] Request starting HTTP/2 GET https://localhost:44372/Data/logo.svg - null null
2025-10-29 14:57:06.322 +07:00 [INF] Request finished HTTP/2 GET https://localhost:44372/_framework/aspnetcore-browser-refresh.js - 200 16495 application/javascript; charset=utf-8 2.4611ms
2025-10-29 14:57:06.322 +07:00 [INF] Sending file. Request path: '/Data/logo.svg'. Physical path: 'D:\CongViec\Job\2025\5.Fiingroup-website\6.FE\Portal2\wwwroot\Data\logo.svg'
2025-10-29 14:57:06.326 +07:00 [INF] Request starting HTTP/2 GET https://localhost:44372/Data/why3.png - null null
2025-10-29 14:57:06.327 +07:00 [INF] Sending file. Request path: '/Data/why3.png'. Physical path: 'D:\CongViec\Job\2025\5.Fiingroup-website\6.FE\Portal2\wwwroot\Data\why3.png'
2025-10-29 14:57:06.327 +07:00 [INF] Request finished HTTP/2 GET https://localhost:44372/Data/why3.png - 200 9778 image/png 1.1177ms
2025-10-29 14:57:06.327 +07:00 [INF] Request finished HTTP/2 GET https://localhost:44372/Data/logo.svg - 200 null image/svg+xml 5.981ms
2025-10-29 14:57:06.328 +07:00 [INF] Request finished HTTP/2 GET https://localhost:44372/assets/lib/fancybox/dist/jquery.fancybox.min.js - 200 68265 text/javascript 9.6168ms
2025-10-29 14:57:06.328 +07:00 [INF] Request starting HTTP/2 GET https://localhost:44372/Data/why4.png - null null
2025-10-29 14:57:06.328 +07:00 [INF] Request starting HTTP/2 GET https://localhost:44372/Data/why5.png - null null
2025-10-29 14:57:06.328 +07:00 [INF] Request starting HTTP/2 GET https://localhost:44372/Data/why6.png - null null
2025-10-29 14:57:06.329 +07:00 [INF] Request starting HTTP/2 GET https://localhost:44372/Data/hotro-01.png - null null
2025-10-29 14:57:06.329 +07:00 [INF] Sending file. Request path: '/Data/why5.png'. Physical path: 'D:\CongViec\Job\2025\5.Fiingroup-website\6.FE\Portal2\wwwroot\Data\why5.png'
2025-10-29 14:57:06.329 +07:00 [INF] Request starting HTTP/2 GET https://localhost:44372/Data/banner-hotro.jpg - null null
2025-10-29 14:57:06.329 +07:00 [INF] Sending file. Request path: '/Data/why4.png'. Physical path: 'D:\CongViec\Job\2025\5.Fiingroup-website\6.FE\Portal2\wwwroot\Data\why4.png'
2025-10-29 14:57:06.329 +07:00 [INF] Sending file. Request path: '/Data/why6.png'. Physical path: 'D:\CongViec\Job\2025\5.Fiingroup-website\6.FE\Portal2\wwwroot\Data\why6.png'
2025-10-29 14:57:06.329 +07:00 [INF] Request finished HTTP/2 GET https://localhost:44372/Data/why5.png - 200 11621 image/png 0.6667ms
2025-10-29 14:57:06.329 +07:00 [INF] Request finished HTTP/2 GET https://localhost:44372/Data/why6.png - 200 12886 image/png 0.6875ms
2025-10-29 14:57:06.329 +07:00 [INF] Request finished HTTP/2 GET https://localhost:44372/Data/why4.png - 200 10694 image/png 0.8224ms
2025-10-29 14:57:06.330 +07:00 [INF] Request starting HTTP/2 GET https://localhost:44372/Data/iconht.svg - null null
2025-10-29 14:57:06.331 +07:00 [INF] Sending file. Request path: '/Data/iconht.svg'. Physical path: 'D:\CongViec\Job\2025\5.Fiingroup-website\6.FE\Portal2\wwwroot\Data\iconht.svg'
2025-10-29 14:57:06.331 +07:00 [INF] Sending file. Request path: '/Data/banner-hotro.jpg'. Physical path: 'D:\CongViec\Job\2025\5.Fiingroup-website\6.FE\Portal2\wwwroot\Data\banner-hotro.jpg'
2025-10-29 14:57:06.331 +07:00 [INF] Request finished HTTP/2 GET https://localhost:44372/Data/iconht.svg - 200 null image/svg+xml 0.8368ms
2025-10-29 14:57:06.331 +07:00 [INF] Sending file. Request path: '/Data/hotro-01.png'. Physical path: 'D:\CongViec\Job\2025\5.Fiingroup-website\6.FE\Portal2\wwwroot\Data\hotro-01.png'
2025-10-29 14:57:06.332 +07:00 [INF] Request starting HTTP/2 GET https://localhost:44372/Data/hotro-02.png - null null
2025-10-29 14:57:06.333 +07:00 [INF] Request starting HTTP/2 GET https://localhost:44372/Data/hotro-03.png - null null
2025-10-29 14:57:06.334 +07:00 [INF] Request starting HTTP/2 GET https://localhost:44372/Data/hotro-04.png - null null
2025-10-29 14:57:06.334 +07:00 [INF] Sending file. Request path: '/Data/hotro-02.png'. Physical path: 'D:\CongViec\Job\2025\5.Fiingroup-website\6.FE\Portal2\wwwroot\Data\hotro-02.png'
2025-10-29 14:57:06.336 +07:00 [INF] Sending file. Request path: '/Data/hotro-03.png'. Physical path: 'D:\CongViec\Job\2025\5.Fiingroup-website\6.FE\Portal2\wwwroot\Data\hotro-03.png'
2025-10-29 14:57:06.336 +07:00 [INF] Sending file. Request path: '/Data/hotro-04.png'. Physical path: 'D:\CongViec\Job\2025\5.Fiingroup-website\6.FE\Portal2\wwwroot\Data\hotro-04.png'
2025-10-29 14:57:06.506 +07:00 [INF] Request starting HTTP/2 GET https://localhost:44372/Data/partner1.png - null null
2025-10-29 14:57:06.506 +07:00 [INF] Request starting HTTP/2 GET https://localhost:44372/Data/partner2.png - null null
2025-10-29 14:57:06.506 +07:00 [INF] Request starting HTTP/2 GET https://localhost:44372/Data/partner3.png - null null
2025-10-29 14:57:06.507 +07:00 [INF] Request starting HTTP/2 GET https://localhost:44372/Data/partner5.png - null null
2025-10-29 14:57:06.544 +07:00 [INF] Request starting HTTP/2 GET https://localhost:44372/Data/baoviet.png - null null
2025-10-29 14:57:06.544 +07:00 [INF] Request starting HTTP/2 GET https://localhost:44372/Data/bg-dangky.jpg - null null
2025-10-29 14:57:06.544 +07:00 [INF] Request starting HTTP/2 GET https://localhost:44372/Data/icon_our1.svg - null null
2025-10-29 14:57:06.544 +07:00 [INF] Request starting HTTP/2 GET https://localhost:44372/Data/acb.png - null null
2025-10-29 14:57:06.544 +07:00 [INF] Request starting HTTP/2 GET https://localhost:44372/Data/bgtop.jpg - null null
2025-10-29 14:57:06.544 +07:00 [INF] Request starting HTTP/2 GET https://localhost:44372/Data/partner6.png - null null
2025-10-29 14:57:06.544 +07:00 [INF] Request starting HTTP/2 GET https://localhost:44372/Data/bg-what.jpg - null null
2025-10-29 14:57:06.545 +07:00 [INF] Request starting HTTP/2 GET https://localhost:44372/assets/css/fonts/font-awesome/4.7.0/fonts/fontawesome-webfont.woff2?v=4.7.0 - null null
2025-10-29 14:57:06.545 +07:00 [INF] Sending file. Request path: '/Data/bgtop.jpg'. Physical path: 'D:\CongViec\Job\2025\5.Fiingroup-website\6.FE\Portal2\wwwroot\Data\bgtop.jpg'
2025-10-29 14:57:06.545 +07:00 [INF] Sending file. Request path: '/Data/acb.png'. Physical path: 'D:\CongViec\Job\2025\5.Fiingroup-website\6.FE\Portal2\wwwroot\Data\acb.png'
2025-10-29 14:57:06.545 +07:00 [INF] Request finished HTTP/2 GET https://localhost:44372/Data/hotro-01.png - 200 307413 image/png 216.6309ms
2025-10-29 14:57:06.546 +07:00 [INF] Request finished HTTP/2 GET https://localhost:44372/Data/acb.png - 200 3193 image/png 1.3504ms
2025-10-29 14:57:06.545 +07:00 [INF] Request finished HTTP/2 GET https://localhost:44372/Data/hotro-03.png - 200 367140 image/png 212.1916ms
2025-10-29 14:57:06.545 +07:00 [INF] Request starting HTTP/2 GET https://localhost:44372/Data/our2.jpg - null null
2025-10-29 14:57:06.546 +07:00 [INF] Sending file. Request path: '/Data/baoviet.png'. Physical path: 'D:\CongViec\Job\2025\5.Fiingroup-website\6.FE\Portal2\wwwroot\Data\baoviet.png'
2025-10-29 14:57:06.546 +07:00 [INF] Sending file. Request path: '/Data/partner5.png'. Physical path: 'D:\CongViec\Job\2025\5.Fiingroup-website\6.FE\Portal2\wwwroot\Data\partner5.png'
2025-10-29 14:57:06.545 +07:00 [INF] Request finished HTTP/2 GET https://localhost:44372/Data/bgtop.jpg - 200 6785 image/jpeg 1.2505ms
2025-10-29 14:57:06.545 +07:00 [INF] Request finished HTTP/2 GET https://localhost:44372/Data/hotro-02.png - 200 360391 image/png 213.5602ms
2025-10-29 14:57:06.546 +07:00 [INF] Sending file. Request path: '/Data/partner2.png'. Physical path: 'D:\CongViec\Job\2025\5.Fiingroup-website\6.FE\Portal2\wwwroot\Data\partner2.png'
2025-10-29 14:57:06.546 +07:00 [INF] Sending file. Request path: '/Data/icon_our1.svg'. Physical path: 'D:\CongViec\Job\2025\5.Fiingroup-website\6.FE\Portal2\wwwroot\Data\icon_our1.svg'
2025-10-29 14:57:06.546 +07:00 [INF] Request finished HTTP/2 GET https://localhost:44372/Data/baoviet.png - 200 5265 image/png 1.8074ms
2025-10-29 14:57:06.546 +07:00 [INF] Sending file. Request path: '/Data/bg-dangky.jpg'. Physical path: 'D:\CongViec\Job\2025\5.Fiingroup-website\6.FE\Portal2\wwwroot\Data\bg-dangky.jpg'
2025-10-29 14:57:06.546 +07:00 [INF] Sending file. Request path: '/Data/partner6.png'. Physical path: 'D:\CongViec\Job\2025\5.Fiingroup-website\6.FE\Portal2\wwwroot\Data\partner6.png'
2025-10-29 14:57:06.546 +07:00 [INF] Sending file. Request path: '/Data/partner3.png'. Physical path: 'D:\CongViec\Job\2025\5.Fiingroup-website\6.FE\Portal2\wwwroot\Data\partner3.png'
2025-10-29 14:57:06.546 +07:00 [INF] Request finished HTTP/2 GET https://localhost:44372/Data/hotro-04.png - 200 414739 image/png 212.1844ms
2025-10-29 14:57:06.546 +07:00 [INF] Sending file. Request path: '/Data/bg-what.jpg'. Physical path: 'D:\CongViec\Job\2025\5.Fiingroup-website\6.FE\Portal2\wwwroot\Data\bg-what.jpg'
2025-10-29 14:57:06.546 +07:00 [INF] Sending file. Request path: '/Data/partner1.png'. Physical path: 'D:\CongViec\Job\2025\5.Fiingroup-website\6.FE\Portal2\wwwroot\Data\partner1.png'
2025-10-29 14:57:06.547 +07:00 [INF] Request finished HTTP/2 GET https://localhost:44372/Data/banner-hotro.jpg - 200 306351 image/jpeg 218.105ms
2025-10-29 14:57:06.547 +07:00 [INF] Request starting HTTP/2 GET https://localhost:44372/Data/icon_our2.svg - null null
2025-10-29 14:57:06.547 +07:00 [INF] Sending file. Request path: '/assets/css/fonts/font-awesome/4.7.0/fonts/fontawesome-webfont.woff2'. Physical path: 'D:\CongViec\Job\2025\5.Fiingroup-website\6.FE\Portal2\wwwroot\assets\css\fonts\font-awesome\4.7.0\fonts\fontawesome-webfont.woff2'
2025-10-29 14:57:06.547 +07:00 [INF] Request finished HTTP/2 GET https://localhost:44372/Data/icon_our1.svg - 200 null image/svg+xml 2.4849ms
2025-10-29 14:57:06.547 +07:00 [INF] Sending file. Request path: '/Data/our2.jpg'. Physical path: 'D:\CongViec\Job\2025\5.Fiingroup-website\6.FE\Portal2\wwwroot\Data\our2.jpg'
2025-10-29 14:57:06.547 +07:00 [INF] Request starting HTTP/2 GET https://localhost:44372/Data/partner4.png - null null
2025-10-29 14:57:06.550 +07:00 [INF] Request finished HTTP/2 GET https://localhost:44372/Data/partner3.png - 200 33087 image/png 43.5313ms
2025-10-29 14:57:06.550 +07:00 [INF] Request finished HTTP/2 GET https://localhost:44372/Data/partner6.png - 200 30965 image/png 5.3869ms
2025-10-29 14:57:06.550 +07:00 [INF] Request finished HTTP/2 GET https://localhost:44372/Data/bg-what.jpg - 200 45463 image/jpeg 5.3661ms
2025-10-29 14:57:06.550 +07:00 [INF] Request finished HTTP/2 GET https://localhost:44372/Data/partner1.png - 200 81892 image/png 44.035ms
2025-10-29 14:57:06.547 +07:00 [INF] Request starting HTTP/2 GET https://localhost:44372/Data/logoft.svg - null null
2025-10-29 14:57:06.547 +07:00 [INF] Request starting HTTP/2 GET https://localhost:44372/_vs/browserLink - null null
2025-10-29 14:57:06.550 +07:00 [INF] Request finished HTTP/2 GET https://localhost:44372/assets/css/fonts/font-awesome/4.7.0/fonts/fontawesome-webfont.woff2?v=4.7.0 - 200 77160 font/woff2 5.1007ms
2025-10-29 14:57:06.547 +07:00 [INF] Request starting HTTP/2 GET https://localhost:44372/Data/our3.jpg - null null
2025-10-29 14:57:06.546 +07:00 [INF] Request starting HTTP/2 GET https://localhost:44372/Data/our1.jpg - null null
2025-10-29 14:57:06.551 +07:00 [INF] Request finished HTTP/2 GET https://localhost:44372/Data/our2.jpg - 200 29114 image/jpeg 5.2359ms
2025-10-29 14:57:06.551 +07:00 [INF] Sending file. Request path: '/Data/partner4.png'. Physical path: 'D:\CongViec\Job\2025\5.Fiingroup-website\6.FE\Portal2\wwwroot\Data\partner4.png'
2025-10-29 14:57:06.551 +07:00 [INF] Sending file. Request path: '/Data/icon_our2.svg'. Physical path: 'D:\CongViec\Job\2025\5.Fiingroup-website\6.FE\Portal2\wwwroot\Data\icon_our2.svg'
2025-10-29 14:57:06.550 +07:00 [INF] Request finished HTTP/2 GET https://localhost:44372/Data/partner5.png - 200 30141 image/png 43.3855ms
2025-10-29 14:57:06.551 +07:00 [INF] Request finished HTTP/2 GET https://localhost:44372/Data/icon_our2.svg - 200 null image/svg+xml 4.45ms
2025-10-29 14:57:06.552 +07:00 [INF] Request finished HTTP/2 GET https://localhost:44372/Data/partner2.png - 200 21264 image/png 45.0409ms
2025-10-29 14:57:06.589 +07:00 [INF] Request finished HTTP/2 GET https://localhost:44372/Data/partner4.png - 200 32296 image/png 5.5121ms
2025-10-29 14:57:06.589 +07:00 [INF] Request finished HTTP/2 GET https://localhost:44372/Data/bg-dangky.jpg - 200 46525 image/jpeg 44.543ms
2025-10-29 14:57:06.589 +07:00 [INF] Sending file. Request path: '/Data/our3.jpg'. Physical path: 'D:\CongViec\Job\2025\5.Fiingroup-website\6.FE\Portal2\wwwroot\Data\our3.jpg'
2025-10-29 14:57:06.589 +07:00 [INF] Sending file. Request path: '/Data/logoft.svg'. Physical path: 'D:\CongViec\Job\2025\5.Fiingroup-website\6.FE\Portal2\wwwroot\Data\logoft.svg'
2025-10-29 14:57:06.589 +07:00 [INF] Sending file. Request path: '/Data/our1.jpg'. Physical path: 'D:\CongViec\Job\2025\5.Fiingroup-website\6.FE\Portal2\wwwroot\Data\our1.jpg'
2025-10-29 14:57:06.590 +07:00 [INF] Request finished HTTP/2 GET https://localhost:44372/Data/our3.jpg - 200 35684 image/jpeg 43.0212ms
2025-10-29 14:57:06.590 +07:00 [INF] Request finished HTTP/2 GET https://localhost:44372/Data/our1.jpg - 200 39329 image/jpeg 43.5606ms
2025-10-29 14:57:06.590 +07:00 [INF] Request finished HTTP/2 GET https://localhost:44372/Data/logoft.svg - 200 null image/svg+xml 43.0463ms
2025-10-29 14:57:06.615 +07:00 [INF] Request finished HTTP/2 GET https://localhost:44372/_vs/browserLink - 200 null text/javascript; charset=UTF-8 68.6167ms
2025-10-29 14:57:07.246 +07:00 [INF] Request starting HTTP/2 GET https://localhost:44372/favicon.ico - null null
2025-10-29 14:57:07.251 +07:00 [INF] Request finished HTTP/2 GET https://localhost:44372/favicon.ico - 404 null null 5.2929ms
2025-10-29 14:57:07.251 +07:00 [INF] Request reached the end of the middleware pipeline without being handled by application code. Request path: GET https://localhost:44372/favicon.ico, Response status code: 404
2025-10-29 14:57:08.336 +07:00 [INF] Request starting HTTP/2 GET https://localhost:44372/vi/product.html - null null
2025-10-29 14:57:08.401 +07:00 [INF] Executed DbCommand (10ms) [Parameters=[@__slug_0='?' (Size = 4000), @__language_1='?' (Size = 10), @__baseSettings_Value_PortalId_2='?' (DbType = Int32)], CommandType='"Text"', CommandTimeout='30']
SELECT TOP(1) [l].[Id], [l].[Acction], [l].[Area], [l].[Changefreq], [l].[Controller], [l].[Delete], [l].[Description], [l].[FacebookBanner], [l].[FacebookDescription], [l].[FocusKeywords], [l].[GooglePlusDescription], [l].[IncludeSitemap], [l].[IsStatic], [l].[Keywords], [l].[Language], [l].[Lastmod], [l].[MetaRobotsAdvance], [l].[MetaRobotsFollow], [l].[MetaRobotsIndex], [l].[Name], [l].[ObjectId], [l].[Parrams], [l].[PortalId], [l].[Priority], [l].[Redirect301], [l].[Slug], [l].[Status], [l].[Title], [l].[Type]
FROM [Link] AS [l]
WHERE [l].[Slug] = @__slug_0 AND [l].[Language] = @__language_1 AND [l].[PortalId] = @__baseSettings_Value_PortalId_2
2025-10-29 14:57:08.406 +07:00 [INF] Route matched with {action = "Page404", controller = "Home"}. Executing controller action with signature Microsoft.AspNetCore.Mvc.IActionResult Page404(System.String) on controller PT.UI.Controllers.HomeController (PT.UI).
2025-10-29 14:57:08.408 +07:00 [INF] Executing ViewResult, running view _Home404.
2025-10-29 14:57:08.419 +07:00 [INF] Executed ViewResult - view _Home404 executed in 12.1595ms.
2025-10-29 14:57:08.419 +07:00 [INF] Executed action PT.UI.Controllers.HomeController.Page404 (PT.UI) in 12.9166ms
2025-10-29 14:57:08.419 +07:00 [INF] Request finished HTTP/2 GET https://localhost:44372/vi/product.html - 200 null text/html; charset=utf-8 83.4986ms
2025-10-29 14:57:08.450 +07:00 [INF] Request starting HTTP/2 GET https://localhost:44372/vi/assets/lib/bootstrap-5.2.2-dist/css/bootstrap.min.css - null null
2025-10-29 14:57:08.450 +07:00 [INF] Request finished HTTP/2 GET https://localhost:44372/vi/assets/lib/bootstrap-5.2.2-dist/css/bootstrap.min.css - 404 null null 0.8124ms
2025-10-29 14:57:08.451 +07:00 [INF] Request reached the end of the middleware pipeline without being handled by application code. Request path: GET https://localhost:44372/vi/assets/lib/bootstrap-5.2.2-dist/css/bootstrap.min.css, Response status code: 404
2025-10-29 14:57:08.451 +07:00 [INF] Request starting HTTP/2 GET https://localhost:44372/vi/assets/css/fonts/font-awesome/4.7.0/css/font-awesome.min.css - null null
2025-10-29 14:57:08.451 +07:00 [INF] Request finished HTTP/2 GET https://localhost:44372/vi/assets/css/fonts/font-awesome/4.7.0/css/font-awesome.min.css - 404 null null 0.5096ms
2025-10-29 14:57:08.451 +07:00 [INF] Request reached the end of the middleware pipeline without being handled by application code. Request path: GET https://localhost:44372/vi/assets/css/fonts/font-awesome/4.7.0/css/font-awesome.min.css, Response status code: 404
2025-10-29 14:57:08.452 +07:00 [INF] Request starting HTTP/2 GET https://localhost:44372/vi/assets/css/style.css - null null
2025-10-29 14:57:08.452 +07:00 [INF] Request finished HTTP/2 GET https://localhost:44372/vi/assets/css/style.css - 404 null null 0.6339ms
2025-10-29 14:57:08.453 +07:00 [INF] Request reached the end of the middleware pipeline without being handled by application code. Request path: GET https://localhost:44372/vi/assets/css/style.css, Response status code: 404
2025-10-29 14:57:08.453 +07:00 [INF] Request starting HTTP/2 GET https://localhost:44372/vi/assets/lib/OwlCarousel2-2.3.4/dist/assets/owl.carousel.min.css - null null
2025-10-29 14:57:08.454 +07:00 [INF] Request finished HTTP/2 GET https://localhost:44372/vi/assets/lib/OwlCarousel2-2.3.4/dist/assets/owl.carousel.min.css - 404 null null 0.5272ms
2025-10-29 14:57:08.454 +07:00 [INF] Request reached the end of the middleware pipeline without being handled by application code. Request path: GET https://localhost:44372/vi/assets/lib/OwlCarousel2-2.3.4/dist/assets/owl.carousel.min.css, Response status code: 404
2025-10-29 14:57:08.454 +07:00 [INF] Request starting HTTP/2 GET https://localhost:44372/vi/assets/lib/OwlCarousel2-2.3.4/dist/assets/owl.theme.default.min.css - null null
2025-10-29 14:57:08.455 +07:00 [INF] Request finished HTTP/2 GET https://localhost:44372/vi/assets/lib/OwlCarousel2-2.3.4/dist/assets/owl.theme.default.min.css - 404 null null 0.5697ms
2025-10-29 14:57:08.455 +07:00 [INF] Request starting HTTP/2 GET https://localhost:44372/vi/assets/css/custom.css - null null
2025-10-29 14:57:08.455 +07:00 [INF] Request reached the end of the middleware pipeline without being handled by application code. Request path: GET https://localhost:44372/vi/assets/lib/OwlCarousel2-2.3.4/dist/assets/owl.theme.default.min.css, Response status code: 404
2025-10-29 14:57:08.455 +07:00 [INF] Request finished HTTP/2 GET https://localhost:44372/vi/assets/css/custom.css - 404 null null 0.3063ms
2025-10-29 14:57:08.455 +07:00 [INF] Request reached the end of the middleware pipeline without being handled by application code. Request path: GET https://localhost:44372/vi/assets/css/custom.css, Response status code: 404
2025-10-29 14:57:08.456 +07:00 [INF] Request starting HTTP/2 GET https://localhost:44372/vi/assets/lib/fancybox/dist/jquery.fancybox.min.css - null null
2025-10-29 14:57:08.456 +07:00 [INF] Request finished HTTP/2 GET https://localhost:44372/vi/assets/lib/fancybox/dist/jquery.fancybox.min.css - 404 null null 0.4664ms
2025-10-29 14:57:08.456 +07:00 [INF] Request reached the end of the middleware pipeline without being handled by application code. Request path: GET https://localhost:44372/vi/assets/lib/fancybox/dist/jquery.fancybox.min.css, Response status code: 404
2025-10-29 14:57:08.457 +07:00 [INF] Request starting HTTP/2 GET https://localhost:44372/vi/assets/js/jquery.min.js - null null
2025-10-29 14:57:08.457 +07:00 [INF] Request finished HTTP/2 GET https://localhost:44372/vi/assets/js/jquery.min.js - 404 null null 0.3581ms
2025-10-29 14:57:08.457 +07:00 [INF] Request reached the end of the middleware pipeline without being handled by application code. Request path: GET https://localhost:44372/vi/assets/js/jquery.min.js, Response status code: 404
2025-10-29 14:57:08.457 +07:00 [INF] Request starting HTTP/2 GET https://localhost:44372/vi/Data/en.svg - null null
2025-10-29 14:57:08.458 +07:00 [INF] Request finished HTTP/2 GET https://localhost:44372/vi/Data/en.svg - 404 null null 0.5613ms
2025-10-29 14:57:08.458 +07:00 [INF] Request reached the end of the middleware pipeline without being handled by application code. Request path: GET https://localhost:44372/vi/Data/en.svg, Response status code: 404
2025-10-29 14:57:08.459 +07:00 [INF] Request starting HTTP/2 GET https://localhost:44372/vi/Data/vi.png - null null
2025-10-29 14:57:08.459 +07:00 [INF] Request finished HTTP/2 GET https://localhost:44372/vi/Data/vi.png - 404 null null 0.6157ms
2025-10-29 14:57:08.459 +07:00 [INF] Request reached the end of the middleware pipeline without being handled by application code. Request path: GET https://localhost:44372/vi/Data/vi.png, Response status code: 404
2025-10-29 14:57:08.481 +07:00 [INF] Request starting HTTP/2 GET https://localhost:44372/vi/Data/logoft.svg - null null
2025-10-29 14:57:08.482 +07:00 [INF] Request finished HTTP/2 GET https://localhost:44372/vi/Data/logoft.svg - 404 null null 0.6428ms
2025-10-29 14:57:08.482 +07:00 [INF] Request reached the end of the middleware pipeline without being handled by application code. Request path: GET https://localhost:44372/vi/Data/logoft.svg, Response status code: 404
2025-10-29 14:57:08.482 +07:00 [INF] Request starting HTTP/2 GET https://localhost:44372/vi/assets/lib/bootstrap-5.2.2-dist/js/bootstrap.bundle.min.js - null null
2025-10-29 14:57:08.482 +07:00 [INF] Request finished HTTP/2 GET https://localhost:44372/vi/assets/lib/bootstrap-5.2.2-dist/js/bootstrap.bundle.min.js - 404 null null 0.3775ms
2025-10-29 14:57:08.483 +07:00 [INF] Request reached the end of the middleware pipeline without being handled by application code. Request path: GET https://localhost:44372/vi/assets/lib/bootstrap-5.2.2-dist/js/bootstrap.bundle.min.js, Response status code: 404
2025-10-29 14:57:08.483 +07:00 [INF] Request starting HTTP/2 GET https://localhost:44372/vi/assets/js/bootstrap.js?v=5.5.9 - null null
2025-10-29 14:57:08.484 +07:00 [INF] Request finished HTTP/2 GET https://localhost:44372/vi/assets/js/bootstrap.js?v=5.5.9 - 404 null null 0.6226ms
2025-10-29 14:57:08.484 +07:00 [INF] Request reached the end of the middleware pipeline without being handled by application code. Request path: GET https://localhost:44372/vi/assets/js/bootstrap.js, Response status code: 404
2025-10-29 14:57:08.484 +07:00 [INF] Request starting HTTP/2 GET https://localhost:44372/vi/assets/js/owl.carousel.min.js?v=5.5.9 - null null
2025-10-29 14:57:08.484 +07:00 [INF] Request finished HTTP/2 GET https://localhost:44372/vi/assets/js/owl.carousel.min.js?v=5.5.9 - 404 null null 0.5828ms
2025-10-29 14:57:08.484 +07:00 [INF] Request reached the end of the middleware pipeline without being handled by application code. Request path: GET https://localhost:44372/vi/assets/js/owl.carousel.min.js, Response status code: 404
2025-10-29 14:57:08.484 +07:00 [INF] Request starting HTTP/2 GET https://localhost:44372/vi/assets/js/site.js?v=1.0 - null null
2025-10-29 14:57:08.485 +07:00 [INF] Request finished HTTP/2 GET https://localhost:44372/vi/assets/js/site.js?v=1.0 - 404 null null 0.358ms
2025-10-29 14:57:08.485 +07:00 [INF] Request reached the end of the middleware pipeline without being handled by application code. Request path: GET https://localhost:44372/vi/assets/js/site.js, Response status code: 404
2025-10-29 14:57:08.485 +07:00 [INF] Request starting HTTP/2 GET https://localhost:44372/vi/assets/js/waypoints.min.js - null null
2025-10-29 14:57:08.486 +07:00 [INF] Request finished HTTP/2 GET https://localhost:44372/vi/assets/js/waypoints.min.js - 404 null null 0.6465ms
2025-10-29 14:57:08.486 +07:00 [INF] Request reached the end of the middleware pipeline without being handled by application code. Request path: GET https://localhost:44372/vi/assets/js/waypoints.min.js, Response status code: 404
2025-10-29 14:57:08.487 +07:00 [INF] Request starting HTTP/2 GET https://localhost:44372/vi/assets/js/jquery.counterup.min.js - null null
2025-10-29 14:57:08.488 +07:00 [INF] Request finished HTTP/2 GET https://localhost:44372/vi/assets/js/jquery.counterup.min.js - 404 null null 0.4707ms
2025-10-29 14:57:08.488 +07:00 [INF] Request reached the end of the middleware pipeline without being handled by application code. Request path: GET https://localhost:44372/vi/assets/js/jquery.counterup.min.js, Response status code: 404
2025-10-29 14:57:08.488 +07:00 [INF] Request starting HTTP/2 GET https://localhost:44372/_framework/aspnetcore-browser-refresh.js - null null
2025-10-29 14:57:08.489 +07:00 [INF] Request finished HTTP/2 GET https://localhost:44372/_framework/aspnetcore-browser-refresh.js - 200 16495 application/javascript; charset=utf-8 0.5969ms
2025-10-29 14:57:08.490 +07:00 [INF] Request starting HTTP/2 GET https://localhost:44372/vi/assets/lib/fancybox/dist/jquery.fancybox.min.js - null null
2025-10-29 14:57:08.490 +07:00 [INF] Request finished HTTP/2 GET https://localhost:44372/vi/assets/lib/fancybox/dist/jquery.fancybox.min.js - 404 null null 0.612ms
2025-10-29 14:57:08.490 +07:00 [INF] Request reached the end of the middleware pipeline without being handled by application code. Request path: GET https://localhost:44372/vi/assets/lib/fancybox/dist/jquery.fancybox.min.js, Response status code: 404
2025-10-29 14:57:08.491 +07:00 [INF] Request starting HTTP/2 GET https://localhost:44372/vi/Data/logo.svg - null null
2025-10-29 14:57:08.491 +07:00 [INF] Request finished HTTP/2 GET https://localhost:44372/vi/Data/logo.svg - 404 null null 0.5061ms
2025-10-29 14:57:08.491 +07:00 [INF] Request reached the end of the middleware pipeline without being handled by application code. Request path: GET https://localhost:44372/vi/Data/logo.svg, Response status code: 404
2025-10-29 14:57:08.492 +07:00 [INF] Request starting HTTP/2 GET https://localhost:44372/_vs/browserLink - null null
2025-10-29 14:57:08.494 +07:00 [INF] Request starting HTTP/2 GET https://localhost:44372/vi/Data/bgtop.jpg - null null
2025-10-29 14:57:08.495 +07:00 [INF] Request finished HTTP/2 GET https://localhost:44372/vi/Data/bgtop.jpg - 404 null null 0.7655ms
2025-10-29 14:57:08.495 +07:00 [INF] Request reached the end of the middleware pipeline without being handled by application code. Request path: GET https://localhost:44372/vi/Data/bgtop.jpg, Response status code: 404
2025-10-29 14:57:08.505 +07:00 [INF] Request finished HTTP/2 GET https://localhost:44372/_vs/browserLink - 200 null text/javascript; charset=UTF-8 12.9036ms
2025-10-29 14:57:08.538 +07:00 [INF] Request starting HTTP/2 GET https://localhost:44372/vi/assets/img/logo/favicon.png - null null
2025-10-29 14:57:08.539 +07:00 [INF] Request finished HTTP/2 GET https://localhost:44372/vi/assets/img/logo/favicon.png - 404 null null 0.53ms
2025-10-29 14:57:08.539 +07:00 [INF] Request reached the end of the middleware pipeline without being handled by application code. Request path: GET https://localhost:44372/vi/assets/img/logo/favicon.png, Response status code: 404
2025-10-29 14:57:20.351 +07:00 [INF] Request starting HTTP/2 GET https://localhost:44372/ - null null
2025-10-29 14:57:20.429 +07:00 [INF] Application started. Press Ctrl+C to shut down.
2025-10-29 14:57:20.429 +07:00 [INF] Hosting environment: Development
2025-10-29 14:57:20.429 +07:00 [INF] Content root path: D:\CongViec\Job\2025\5.Fiingroup-website\6.FE\Portal2
2025-10-29 14:57:21.793 +07:00 [INF] Executed DbCommand (44ms) [Parameters=[@__slug_0='?' (Size = 4000), @__language_1='?' (Size = 10), @__baseSettings_Value_PortalId_2='?' (DbType = Int32)], CommandType='"Text"', CommandTimeout='30']
SELECT TOP(1) [l].[Id], [l].[Acction], [l].[Area], [l].[Changefreq], [l].[Controller], [l].[Delete], [l].[Description], [l].[FacebookBanner], [l].[FacebookDescription], [l].[FocusKeywords], [l].[GooglePlusDescription], [l].[IncludeSitemap], [l].[IsStatic], [l].[Keywords], [l].[Language], [l].[Lastmod], [l].[MetaRobotsAdvance], [l].[MetaRobotsFollow], [l].[MetaRobotsIndex], [l].[Name], [l].[ObjectId], [l].[Parrams], [l].[PortalId], [l].[Priority], [l].[Redirect301], [l].[Slug], [l].[Status], [l].[Title], [l].[Type]
FROM [Link] AS [l]
WHERE [l].[Slug] = @__slug_0 AND [l].[Language] = @__language_1 AND [l].[PortalId] = @__baseSettings_Value_PortalId_2
2025-10-29 14:57:21.890 +07:00 [INF] Route matched with {action = "Index", controller = "Home"}. Executing controller action with signature Microsoft.AspNetCore.Mvc.IActionResult Index(System.String, Int32) on controller PT.UI.Controllers.HomeController (PT.UI).
2025-10-29 14:57:21.933 +07:00 [INF] Executing ViewResult, running view Index.
2025-10-29 14:57:21.984 +07:00 [INF] Executed DbCommand (12ms) [Parameters=[@__code_0='?' (Size = 4000), @__language_1='?' (Size = 4000), @__portalId_2='?' (DbType = Int32)], CommandType='"Text"', CommandTimeout='30']
SELECT TOP(1) [b].[Id], [b].[ClassActive], [b].[Code], [b].[Content], [b].[Delete], [b].[Language], [b].[Name], [b].[PortalId], [b].[Status], [b].[Template], [b].[Type]
FROM [Banner] AS [b]
WHERE [b].[Code] = @__code_0 AND [b].[Delete] = CAST(0 AS bit) AND [b].[Language] = @__language_1 AND [b].[PortalId] = @__portalId_2 AND [b].[Type] = 0
2025-10-29 14:57:22.014 +07:00 [INF] Executed DbCommand (11ms) [Parameters=[@__code_0='?' (Size = 4000), @__language_1='?' (Size = 10), @__portalId_2='?' (DbType = Int32)], CommandType='"Text"', CommandTimeout='30']
SELECT TOP(1) [s].[Id], [s].[Code], [s].[Content], [s].[Data], [s].[Delete], [s].[Language], [s].[Name], [s].[ParentId], [s].[PortalId], [s].[Status]
FROM [StaticInformation] AS [s]
WHERE [s].[Code] = @__code_0 AND [s].[Delete] = CAST(0 AS bit) AND [s].[Language] = @__language_1 AND [s].[PortalId] = @__portalId_2
2025-10-29 14:57:22.037 +07:00 [INF] Executed DbCommand (10ms) [Parameters=[@__code_0='?' (Size = 4000), @__language_1='?' (Size = 4000), @__portalId_2='?' (DbType = Int32)], CommandType='"Text"', CommandTimeout='30']
SELECT TOP(1) [b].[Id], [b].[ClassActive], [b].[Code], [b].[Content], [b].[Delete], [b].[Language], [b].[Name], [b].[PortalId], [b].[Status], [b].[Template], [b].[Type]
FROM [Banner] AS [b]
WHERE [b].[Code] = @__code_0 AND [b].[Delete] = CAST(0 AS bit) AND [b].[Language] = @__language_1 AND [b].[PortalId] = @__portalId_2 AND [b].[Type] = 1
2025-10-29 14:57:22.054 +07:00 [INF] Executed DbCommand (11ms) [Parameters=[@__code_0='?' (Size = 4000), @__language_1='?' (Size = 10), @__portalId_2='?' (DbType = Int32)], CommandType='"Text"', CommandTimeout='30']
SELECT TOP(1) [s].[Id], [s].[Code], [s].[Content], [s].[Data], [s].[Delete], [s].[Language], [s].[Name], [s].[ParentId], [s].[PortalId], [s].[Status]
FROM [StaticInformation] AS [s]
WHERE [s].[Code] = @__code_0 AND [s].[Delete] = CAST(0 AS bit) AND [s].[Language] = @__language_1 AND [s].[PortalId] = @__portalId_2
2025-10-29 14:57:22.070 +07:00 [INF] Executed DbCommand (11ms) [Parameters=[@__code_0='?' (Size = 4000), @__language_1='?' (Size = 4000), @__portalId_2='?' (DbType = Int32)], CommandType='"Text"', CommandTimeout='30']
SELECT TOP(1) [b].[Id], [b].[ClassActive], [b].[Code], [b].[Content], [b].[Delete], [b].[Language], [b].[Name], [b].[PortalId], [b].[Status], [b].[Template], [b].[Type]
FROM [Banner] AS [b]
WHERE [b].[Code] = @__code_0 AND [b].[Delete] = CAST(0 AS bit) AND [b].[Language] = @__language_1 AND [b].[PortalId] = @__portalId_2 AND [b].[Type] = 0
2025-10-29 14:57:22.085 +07:00 [INF] Executed DbCommand (11ms) [Parameters=[@__code_0='?' (Size = 4000), @__language_1='?' (Size = 4000), @__portalId_2='?' (DbType = Int32)], CommandType='"Text"', CommandTimeout='30']
SELECT TOP(1) [b].[Id], [b].[ClassActive], [b].[Code], [b].[Content], [b].[Delete], [b].[Language], [b].[Name], [b].[PortalId], [b].[Status], [b].[Template], [b].[Type]
FROM [Banner] AS [b]
WHERE [b].[Code] = @__code_0 AND [b].[Delete] = CAST(0 AS bit) AND [b].[Language] = @__language_1 AND [b].[PortalId] = @__portalId_2 AND [b].[Type] = 0
2025-10-29 14:57:22.114 +07:00 [INF] Executed DbCommand (10ms) [Parameters=[@__code_0='?' (Size = 4000), @__language_1='?' (Size = 4000), @__portalId_2='?' (DbType = Int32)], CommandType='"Text"', CommandTimeout='30']
SELECT TOP(1) [b].[Id], [b].[ClassActive], [b].[Code], [b].[Content], [b].[Delete], [b].[Language], [b].[Name], [b].[PortalId], [b].[Status], [b].[Template], [b].[Type]
FROM [Banner] AS [b]
WHERE [b].[Code] = @__code_0 AND [b].[Delete] = CAST(0 AS bit) AND [b].[Language] = @__language_1 AND [b].[PortalId] = @__portalId_2 AND [b].[Type] = 1
2025-10-29 14:57:22.154 +07:00 [INF] Executed DbCommand (11ms) [Parameters=[@__code_0='?' (Size = 4000), @__language_1='?' (Size = 10), @__portalId_2='?' (DbType = Int32)], CommandType='"Text"', CommandTimeout='30']
SELECT TOP(1) [s].[Id], [s].[Code], [s].[Content], [s].[Data], [s].[Delete], [s].[Language], [s].[Name], [s].[ParentId], [s].[PortalId], [s].[Status]
FROM [StaticInformation] AS [s]
WHERE [s].[Code] = @__code_0 AND [s].[Delete] = CAST(0 AS bit) AND [s].[Language] = @__language_1 AND [s].[PortalId] = @__portalId_2
2025-10-29 14:57:22.174 +07:00 [INF] Executed DbCommand (10ms) [Parameters=[@__code_0='?' (Size = 4000), @__language_1='?' (Size = 4000), @__portalId_2='?' (DbType = Int32)], CommandType='"Text"', CommandTimeout='30']
SELECT TOP(1) [m].[Id], [m].[Code], [m].[Content], [m].[Delete], [m].[HasChildrentClass1], [m].[HasChildrentClass2], [m].[HasChildrentClass3], [m].[Language], [m].[Name], [m].[PortalId], [m].[Status], [m].[Template], [m].[Template1], [m].[Template2], [m].[Template3]
FROM [Menu] AS [m]
WHERE [m].[Code] = @__code_0 AND [m].[Delete] = CAST(0 AS bit) AND [m].[Language] = @__language_1 AND [m].[PortalId] = @__portalId_2
2025-10-29 14:57:22.190 +07:00 [INF] Executed DbCommand (11ms) [Parameters=[@__code_0='?' (Size = 4000), @__language_1='?' (Size = 10), @__portalId_2='?' (DbType = Int32)], CommandType='"Text"', CommandTimeout='30']
SELECT TOP(1) [s].[Id], [s].[Code], [s].[Content], [s].[Data], [s].[Delete], [s].[Language], [s].[Name], [s].[ParentId], [s].[PortalId], [s].[Status]
FROM [StaticInformation] AS [s]
WHERE [s].[Code] = @__code_0 AND [s].[Delete] = CAST(0 AS bit) AND [s].[Language] = @__language_1 AND [s].[PortalId] = @__portalId_2
2025-10-29 14:57:22.204 +07:00 [INF] Executed DbCommand (10ms) [Parameters=[@__code_0='?' (Size = 4000), @__language_1='?' (Size = 10), @__portalId_2='?' (DbType = Int32)], CommandType='"Text"', CommandTimeout='30']
SELECT TOP(1) [s].[Id], [s].[Code], [s].[Content], [s].[Data], [s].[Delete], [s].[Language], [s].[Name], [s].[ParentId], [s].[PortalId], [s].[Status]
FROM [StaticInformation] AS [s]
WHERE [s].[Code] = @__code_0 AND [s].[Delete] = CAST(0 AS bit) AND [s].[Language] = @__language_1 AND [s].[PortalId] = @__portalId_2
2025-10-29 14:57:22.223 +07:00 [INF] Executed DbCommand (15ms) [Parameters=[@__code_0='?' (Size = 4000), @__language_1='?' (Size = 4000), @__portalId_2='?' (DbType = Int32)], CommandType='"Text"', CommandTimeout='30']
SELECT TOP(1) [m].[Id], [m].[Code], [m].[Content], [m].[Delete], [m].[HasChildrentClass1], [m].[HasChildrentClass2], [m].[HasChildrentClass3], [m].[Language], [m].[Name], [m].[PortalId], [m].[Status], [m].[Template], [m].[Template1], [m].[Template2], [m].[Template3]
FROM [Menu] AS [m]
WHERE [m].[Code] = @__code_0 AND [m].[Delete] = CAST(0 AS bit) AND [m].[Language] = @__language_1 AND [m].[PortalId] = @__portalId_2
2025-10-29 14:57:22.255 +07:00 [INF] Executed ViewResult - view Index executed in 328.0203ms.
2025-10-29 14:57:22.258 +07:00 [INF] Executed action PT.UI.Controllers.HomeController.Index (PT.UI) in 367.7483ms
2025-10-29 14:57:22.270 +07:00 [INF] Request finished HTTP/2 GET https://localhost:44372/ - 200 null text/html; charset=utf-8 1931.3576ms
2025-10-29 14:57:22.395 +07:00 [INF] Request starting HTTP/2 GET https://localhost:44372/_framework/aspnetcore-browser-refresh.js - null null
2025-10-29 14:57:22.396 +07:00 [INF] Request starting HTTP/2 GET https://localhost:44372/_vs/browserLink - null null
2025-10-29 14:57:22.398 +07:00 [INF] Request finished HTTP/2 GET https://localhost:44372/_framework/aspnetcore-browser-refresh.js - 200 16495 application/javascript; charset=utf-8 2.9158ms
2025-10-29 14:57:22.426 +07:00 [INF] Request finished HTTP/2 GET https://localhost:44372/_vs/browserLink - 200 null text/javascript; charset=UTF-8 30.9235ms
2025-10-29 14:57:23.053 +07:00 [INF] Request starting HTTP/2 GET https://localhost:44372/favicon.ico - null null
2025-10-29 14:57:23.059 +07:00 [INF] Request finished HTTP/2 GET https://localhost:44372/favicon.ico - 404 null null 5.7518ms
2025-10-29 14:57:23.059 +07:00 [INF] Request reached the end of the middleware pipeline without being handled by application code. Request path: GET https://localhost:44372/favicon.ico, Response status code: 404
2025-10-29 14:58:35.850 +07:00 [INF] Request starting HTTP/2 GET https://localhost:44372/ - null null
2025-10-29 14:58:35.963 +07:00 [INF] Application started. Press Ctrl+C to shut down.
2025-10-29 14:58:35.963 +07:00 [INF] Hosting environment: Development
2025-10-29 14:58:35.964 +07:00 [INF] Content root path: D:\CongViec\Job\2025\5.Fiingroup-website\6.FE\Portal2
2025-10-29 14:58:37.276 +07:00 [INF] Executed DbCommand (45ms) [Parameters=[@__slug_0='?' (Size = 4000), @__language_1='?' (Size = 10), @__baseSettings_Value_PortalId_2='?' (DbType = Int32)], CommandType='"Text"', CommandTimeout='30']
SELECT TOP(1) [l].[Id], [l].[Acction], [l].[Area], [l].[Changefreq], [l].[Controller], [l].[Delete], [l].[Description], [l].[FacebookBanner], [l].[FacebookDescription], [l].[FocusKeywords], [l].[GooglePlusDescription], [l].[IncludeSitemap], [l].[IsStatic], [l].[Keywords], [l].[Language], [l].[Lastmod], [l].[MetaRobotsAdvance], [l].[MetaRobotsFollow], [l].[MetaRobotsIndex], [l].[Name], [l].[ObjectId], [l].[Parrams], [l].[PortalId], [l].[Priority], [l].[Redirect301], [l].[Slug], [l].[Status], [l].[Title], [l].[Type]
FROM [Link] AS [l]
WHERE [l].[Slug] = @__slug_0 AND [l].[Language] = @__language_1 AND [l].[PortalId] = @__baseSettings_Value_PortalId_2
2025-10-29 14:58:37.371 +07:00 [INF] Route matched with {action = "Index", controller = "Home"}. Executing controller action with signature Microsoft.AspNetCore.Mvc.IActionResult Index(System.String, Int32) on controller PT.UI.Controllers.HomeController (PT.UI).
2025-10-29 14:58:37.413 +07:00 [INF] Executing ViewResult, running view Index.
2025-10-29 14:58:37.465 +07:00 [INF] Executed DbCommand (12ms) [Parameters=[@__code_0='?' (Size = 4000), @__language_1='?' (Size = 4000), @__portalId_2='?' (DbType = Int32)], CommandType='"Text"', CommandTimeout='30']
SELECT TOP(1) [b].[Id], [b].[ClassActive], [b].[Code], [b].[Content], [b].[Delete], [b].[Language], [b].[Name], [b].[PortalId], [b].[Status], [b].[Template], [b].[Type]
FROM [Banner] AS [b]
WHERE [b].[Code] = @__code_0 AND [b].[Delete] = CAST(0 AS bit) AND [b].[Language] = @__language_1 AND [b].[PortalId] = @__portalId_2 AND [b].[Type] = 0
2025-10-29 14:58:37.496 +07:00 [INF] Executed DbCommand (11ms) [Parameters=[@__code_0='?' (Size = 4000), @__language_1='?' (Size = 10), @__portalId_2='?' (DbType = Int32)], CommandType='"Text"', CommandTimeout='30']
SELECT TOP(1) [s].[Id], [s].[Code], [s].[Content], [s].[Data], [s].[Delete], [s].[Language], [s].[Name], [s].[ParentId], [s].[PortalId], [s].[Status]
FROM [StaticInformation] AS [s]
WHERE [s].[Code] = @__code_0 AND [s].[Delete] = CAST(0 AS bit) AND [s].[Language] = @__language_1 AND [s].[PortalId] = @__portalId_2
2025-10-29 14:58:37.519 +07:00 [INF] Executed DbCommand (10ms) [Parameters=[@__code_0='?' (Size = 4000), @__language_1='?' (Size = 4000), @__portalId_2='?' (DbType = Int32)], CommandType='"Text"', CommandTimeout='30']
SELECT TOP(1) [b].[Id], [b].[ClassActive], [b].[Code], [b].[Content], [b].[Delete], [b].[Language], [b].[Name], [b].[PortalId], [b].[Status], [b].[Template], [b].[Type]
FROM [Banner] AS [b]
WHERE [b].[Code] = @__code_0 AND [b].[Delete] = CAST(0 AS bit) AND [b].[Language] = @__language_1 AND [b].[PortalId] = @__portalId_2 AND [b].[Type] = 1
2025-10-29 14:58:37.538 +07:00 [INF] Executed DbCommand (13ms) [Parameters=[@__code_0='?' (Size = 4000), @__language_1='?' (Size = 10), @__portalId_2='?' (DbType = Int32)], CommandType='"Text"', CommandTimeout='30']
SELECT TOP(1) [s].[Id], [s].[Code], [s].[Content], [s].[Data], [s].[Delete], [s].[Language], [s].[Name], [s].[ParentId], [s].[PortalId], [s].[Status]
FROM [StaticInformation] AS [s]
WHERE [s].[Code] = @__code_0 AND [s].[Delete] = CAST(0 AS bit) AND [s].[Language] = @__language_1 AND [s].[PortalId] = @__portalId_2
2025-10-29 14:58:37.553 +07:00 [INF] Executed DbCommand (10ms) [Parameters=[@__code_0='?' (Size = 4000), @__language_1='?' (Size = 4000), @__portalId_2='?' (DbType = Int32)], CommandType='"Text"', CommandTimeout='30']
SELECT TOP(1) [b].[Id], [b].[ClassActive], [b].[Code], [b].[Content], [b].[Delete], [b].[Language], [b].[Name], [b].[PortalId], [b].[Status], [b].[Template], [b].[Type]
FROM [Banner] AS [b]
WHERE [b].[Code] = @__code_0 AND [b].[Delete] = CAST(0 AS bit) AND [b].[Language] = @__language_1 AND [b].[PortalId] = @__portalId_2 AND [b].[Type] = 0
2025-10-29 14:58:37.569 +07:00 [INF] Executed DbCommand (11ms) [Parameters=[@__code_0='?' (Size = 4000), @__language_1='?' (Size = 4000), @__portalId_2='?' (DbType = Int32)], CommandType='"Text"', CommandTimeout='30']
SELECT TOP(1) [b].[Id], [b].[ClassActive], [b].[Code], [b].[Content], [b].[Delete], [b].[Language], [b].[Name], [b].[PortalId], [b].[Status], [b].[Template], [b].[Type]
FROM [Banner] AS [b]
WHERE [b].[Code] = @__code_0 AND [b].[Delete] = CAST(0 AS bit) AND [b].[Language] = @__language_1 AND [b].[PortalId] = @__portalId_2 AND [b].[Type] = 0
2025-10-29 14:58:37.599 +07:00 [INF] Executed DbCommand (11ms) [Parameters=[@__code_0='?' (Size = 4000), @__language_1='?' (Size = 4000), @__portalId_2='?' (DbType = Int32)], CommandType='"Text"', CommandTimeout='30']
SELECT TOP(1) [b].[Id], [b].[ClassActive], [b].[Code], [b].[Content], [b].[Delete], [b].[Language], [b].[Name], [b].[PortalId], [b].[Status], [b].[Template], [b].[Type]
FROM [Banner] AS [b]
WHERE [b].[Code] = @__code_0 AND [b].[Delete] = CAST(0 AS bit) AND [b].[Language] = @__language_1 AND [b].[PortalId] = @__portalId_2 AND [b].[Type] = 1
2025-10-29 14:58:37.640 +07:00 [INF] Executed DbCommand (10ms) [Parameters=[@__code_0='?' (Size = 4000), @__language_1='?' (Size = 10), @__portalId_2='?' (DbType = Int32)], CommandType='"Text"', CommandTimeout='30']
SELECT TOP(1) [s].[Id], [s].[Code], [s].[Content], [s].[Data], [s].[Delete], [s].[Language], [s].[Name], [s].[ParentId], [s].[PortalId], [s].[Status]
FROM [StaticInformation] AS [s]
WHERE [s].[Code] = @__code_0 AND [s].[Delete] = CAST(0 AS bit) AND [s].[Language] = @__language_1 AND [s].[PortalId] = @__portalId_2
2025-10-29 14:58:37.661 +07:00 [INF] Executed DbCommand (11ms) [Parameters=[@__code_0='?' (Size = 4000), @__language_1='?' (Size = 4000), @__portalId_2='?' (DbType = Int32)], CommandType='"Text"', CommandTimeout='30']
SELECT TOP(1) [m].[Id], [m].[Code], [m].[Content], [m].[Delete], [m].[HasChildrentClass1], [m].[HasChildrentClass2], [m].[HasChildrentClass3], [m].[Language], [m].[Name], [m].[PortalId], [m].[Status], [m].[Template], [m].[Template1], [m].[Template2], [m].[Template3]
FROM [Menu] AS [m]
WHERE [m].[Code] = @__code_0 AND [m].[Delete] = CAST(0 AS bit) AND [m].[Language] = @__language_1 AND [m].[PortalId] = @__portalId_2
2025-10-29 14:58:37.678 +07:00 [INF] Executed DbCommand (11ms) [Parameters=[@__code_0='?' (Size = 4000), @__language_1='?' (Size = 10), @__portalId_2='?' (DbType = Int32)], CommandType='"Text"', CommandTimeout='30']
SELECT TOP(1) [s].[Id], [s].[Code], [s].[Content], [s].[Data], [s].[Delete], [s].[Language], [s].[Name], [s].[ParentId], [s].[PortalId], [s].[Status]
FROM [StaticInformation] AS [s]
WHERE [s].[Code] = @__code_0 AND [s].[Delete] = CAST(0 AS bit) AND [s].[Language] = @__language_1 AND [s].[PortalId] = @__portalId_2
2025-10-29 14:58:37.692 +07:00 [INF] Executed DbCommand (10ms) [Parameters=[@__code_0='?' (Size = 4000), @__language_1='?' (Size = 10), @__portalId_2='?' (DbType = Int32)], CommandType='"Text"', CommandTimeout='30']
SELECT TOP(1) [s].[Id], [s].[Code], [s].[Content], [s].[Data], [s].[Delete], [s].[Language], [s].[Name], [s].[ParentId], [s].[PortalId], [s].[Status]
FROM [StaticInformation] AS [s]
WHERE [s].[Code] = @__code_0 AND [s].[Delete] = CAST(0 AS bit) AND [s].[Language] = @__language_1 AND [s].[PortalId] = @__portalId_2
2025-10-29 14:58:37.710 +07:00 [INF] Executed DbCommand (11ms) [Parameters=[@__code_0='?' (Size = 4000), @__language_1='?' (Size = 4000), @__portalId_2='?' (DbType = Int32)], CommandType='"Text"', CommandTimeout='30']
SELECT TOP(1) [m].[Id], [m].[Code], [m].[Content], [m].[Delete], [m].[HasChildrentClass1], [m].[HasChildrentClass2], [m].[HasChildrentClass3], [m].[Language], [m].[Name], [m].[PortalId], [m].[Status], [m].[Template], [m].[Template1], [m].[Template2], [m].[Template3]
FROM [Menu] AS [m]
WHERE [m].[Code] = @__code_0 AND [m].[Delete] = CAST(0 AS bit) AND [m].[Language] = @__language_1 AND [m].[PortalId] = @__portalId_2
2025-10-29 14:58:37.746 +07:00 [INF] Executed ViewResult - view Index executed in 339.3727ms.
2025-10-29 14:58:37.748 +07:00 [INF] Executed action PT.UI.Controllers.HomeController.Index (PT.UI) in 376.9921ms
2025-10-29 14:58:37.762 +07:00 [INF] Request finished HTTP/2 GET https://localhost:44372/ - 200 null text/html; charset=utf-8 1925.4163ms
2025-10-29 14:58:37.892 +07:00 [INF] Request starting HTTP/2 GET https://localhost:44372/_framework/aspnetcore-browser-refresh.js - null null
2025-10-29 14:58:37.892 +07:00 [INF] Request starting HTTP/2 GET https://localhost:44372/_vs/browserLink - null null
2025-10-29 14:58:37.895 +07:00 [INF] Request finished HTTP/2 GET https://localhost:44372/_framework/aspnetcore-browser-refresh.js - 200 16495 application/javascript; charset=utf-8 3.2426ms
2025-10-29 14:58:37.922 +07:00 [INF] Request finished HTTP/2 GET https://localhost:44372/_vs/browserLink - 200 null text/javascript; charset=UTF-8 29.7361ms
2025-10-29 14:58:38.633 +07:00 [INF] Request starting HTTP/2 GET https://localhost:44372/favicon.ico - null null
2025-10-29 14:58:38.639 +07:00 [INF] Request finished HTTP/2 GET https://localhost:44372/favicon.ico - 404 null null 6.3196ms
2025-10-29 14:58:38.640 +07:00 [INF] Request reached the end of the middleware pipeline without being handled by application code. Request path: GET https://localhost:44372/favicon.ico, Response status code: 404
2025-10-29 14:58:42.828 +07:00 [INF] Request starting HTTP/2 GET https://localhost:44372/en/product.html - null null
2025-10-29 14:58:42.893 +07:00 [INF] Executed DbCommand (10ms) [Parameters=[@__slug_0='?' (Size = 4000), @__language_1='?' (Size = 10), @__baseSettings_Value_PortalId_2='?' (DbType = Int32)], CommandType='"Text"', CommandTimeout='30']
SELECT TOP(1) [l].[Id], [l].[Acction], [l].[Area], [l].[Changefreq], [l].[Controller], [l].[Delete], [l].[Description], [l].[FacebookBanner], [l].[FacebookDescription], [l].[FocusKeywords], [l].[GooglePlusDescription], [l].[IncludeSitemap], [l].[IsStatic], [l].[Keywords], [l].[Language], [l].[Lastmod], [l].[MetaRobotsAdvance], [l].[MetaRobotsFollow], [l].[MetaRobotsIndex], [l].[Name], [l].[ObjectId], [l].[Parrams], [l].[PortalId], [l].[Priority], [l].[Redirect301], [l].[Slug], [l].[Status], [l].[Title], [l].[Type]
FROM [Link] AS [l]
WHERE [l].[Slug] = @__slug_0 AND [l].[Language] = @__language_1 AND [l].[PortalId] = @__baseSettings_Value_PortalId_2
2025-10-29 14:58:42.898 +07:00 [INF] Route matched with {action = "Page404", controller = "Home"}. Executing controller action with signature Microsoft.AspNetCore.Mvc.IActionResult Page404(System.String) on controller PT.UI.Controllers.HomeController (PT.UI).
2025-10-29 14:58:42.900 +07:00 [INF] Executing ViewResult, running view _Home404.
2025-10-29 14:58:42.910 +07:00 [INF] Executed ViewResult - view _Home404 executed in 11.3106ms.
2025-10-29 14:58:42.910 +07:00 [INF] Executed action PT.UI.Controllers.HomeController.Page404 (PT.UI) in 11.9619ms
2025-10-29 14:58:42.911 +07:00 [INF] Request finished HTTP/2 GET https://localhost:44372/en/product.html - 200 null text/html; charset=utf-8 82.2731ms
2025-10-29 14:58:42.945 +07:00 [INF] Request starting HTTP/2 GET https://localhost:44372/en/assets/css/style.css - null null
2025-10-29 14:58:42.945 +07:00 [INF] Request starting HTTP/2 GET https://localhost:44372/en/assets/lib/OwlCarousel2-2.3.4/dist/assets/owl.carousel.min.css - null null
2025-10-29 14:58:42.945 +07:00 [INF] Request starting HTTP/2 GET https://localhost:44372/en/assets/lib/bootstrap-5.2.2-dist/css/bootstrap.min.css - null null
2025-10-29 14:58:42.945 +07:00 [INF] Request starting HTTP/2 GET https://localhost:44372/en/assets/lib/OwlCarousel2-2.3.4/dist/assets/owl.theme.default.min.css - null null
2025-10-29 14:58:42.950 +07:00 [INF] Request starting HTTP/2 GET https://localhost:44372/en/assets/css/custom.css - null null
2025-10-29 14:58:42.950 +07:00 [INF] Request finished HTTP/2 GET https://localhost:44372/en/assets/lib/OwlCarousel2-2.3.4/dist/assets/owl.carousel.min.css - 404 null null 5.4ms
2025-10-29 14:58:42.951 +07:00 [INF] Request finished HTTP/2 GET https://localhost:44372/en/assets/css/style.css - 404 null null 7.9959ms
2025-10-29 14:58:42.953 +07:00 [INF] Request finished HTTP/2 GET https://localhost:44372/en/assets/lib/bootstrap-5.2.2-dist/css/bootstrap.min.css - 404 null null 10.1768ms
2025-10-29 14:58:42.953 +07:00 [INF] Request finished HTTP/2 GET https://localhost:44372/en/assets/lib/OwlCarousel2-2.3.4/dist/assets/owl.theme.default.min.css - 404 null null 7.7618ms
2025-10-29 14:58:42.953 +07:00 [INF] Request reached the end of the middleware pipeline without being handled by application code. Request path: GET https://localhost:44372/en/assets/css/style.css, Response status code: 404
2025-10-29 14:58:42.953 +07:00 [INF] Request reached the end of the middleware pipeline without being handled by application code. Request path: GET https://localhost:44372/en/assets/lib/bootstrap-5.2.2-dist/css/bootstrap.min.css, Response status code: 404
2025-10-29 14:58:42.953 +07:00 [INF] Request reached the end of the middleware pipeline without being handled by application code. Request path: GET https://localhost:44372/en/assets/lib/OwlCarousel2-2.3.4/dist/assets/owl.carousel.min.css, Response status code: 404
2025-10-29 14:58:42.953 +07:00 [INF] Request reached the end of the middleware pipeline without being handled by application code. Request path: GET https://localhost:44372/en/assets/lib/OwlCarousel2-2.3.4/dist/assets/owl.theme.default.min.css, Response status code: 404
2025-10-29 14:58:42.954 +07:00 [INF] Request starting HTTP/2 GET https://localhost:44372/en/assets/lib/fancybox/dist/jquery.fancybox.min.css - null null
2025-10-29 14:58:42.954 +07:00 [INF] Request starting HTTP/2 GET https://localhost:44372/en/Data/en.svg - null null
2025-10-29 14:58:42.954 +07:00 [INF] Request starting HTTP/2 GET https://localhost:44372/en/Data/vi.png - null null
2025-10-29 14:58:42.954 +07:00 [INF] Request starting HTTP/2 GET https://localhost:44372/en/assets/css/fonts/font-awesome/4.7.0/css/font-awesome.min.css - null null
2025-10-29 14:58:42.954 +07:00 [INF] Request starting HTTP/2 GET https://localhost:44372/en/assets/js/jquery.min.js - null null
2025-10-29 14:58:42.980 +07:00 [INF] Request finished HTTP/2 GET https://localhost:44372/en/assets/css/custom.css - 404 null null 29.4889ms
2025-10-29 14:58:42.980 +07:00 [INF] Request reached the end of the middleware pipeline without being handled by application code. Request path: GET https://localhost:44372/en/assets/css/custom.css, Response status code: 404
2025-10-29 14:58:42.980 +07:00 [INF] Request finished HTTP/2 GET https://localhost:44372/en/assets/css/fonts/font-awesome/4.7.0/css/font-awesome.min.css - 404 null null 26.6546ms
2025-10-29 14:58:42.980 +07:00 [INF] Request finished HTTP/2 GET https://localhost:44372/en/Data/vi.png - 404 null null 26.6171ms
2025-10-29 14:58:42.980 +07:00 [INF] Request reached the end of the middleware pipeline without being handled by application code. Request path: GET https://localhost:44372/en/assets/css/fonts/font-awesome/4.7.0/css/font-awesome.min.css, Response status code: 404
2025-10-29 14:58:42.980 +07:00 [INF] Request reached the end of the middleware pipeline without being handled by application code. Request path: GET https://localhost:44372/en/Data/vi.png, Response status code: 404
2025-10-29 14:58:42.980 +07:00 [INF] Request finished HTTP/2 GET https://localhost:44372/en/assets/lib/fancybox/dist/jquery.fancybox.min.css - 404 null null 26.6667ms
2025-10-29 14:58:42.980 +07:00 [INF] Request finished HTTP/2 GET https://localhost:44372/en/Data/en.svg - 404 null null 26.827ms
2025-10-29 14:58:42.980 +07:00 [INF] Request reached the end of the middleware pipeline without being handled by application code. Request path: GET https://localhost:44372/en/assets/lib/fancybox/dist/jquery.fancybox.min.css, Response status code: 404
2025-10-29 14:58:42.980 +07:00 [INF] Request reached the end of the middleware pipeline without being handled by application code. Request path: GET https://localhost:44372/en/Data/en.svg, Response status code: 404
2025-10-29 14:58:42.980 +07:00 [INF] Request finished HTTP/2 GET https://localhost:44372/en/assets/js/jquery.min.js - 404 null null 26.4154ms
2025-10-29 14:58:42.980 +07:00 [INF] Request reached the end of the middleware pipeline without being handled by application code. Request path: GET https://localhost:44372/en/assets/js/jquery.min.js, Response status code: 404
2025-10-29 14:58:43.001 +07:00 [INF] Request starting HTTP/2 GET https://localhost:44372/en/Data/logoft.svg - null null
2025-10-29 14:58:43.002 +07:00 [INF] Request finished HTTP/2 GET https://localhost:44372/en/Data/logoft.svg - 404 null null 0.6955ms
2025-10-29 14:58:43.002 +07:00 [INF] Request reached the end of the middleware pipeline without being handled by application code. Request path: GET https://localhost:44372/en/Data/logoft.svg, Response status code: 404
2025-10-29 14:58:43.002 +07:00 [INF] Request starting HTTP/2 GET https://localhost:44372/en/assets/lib/bootstrap-5.2.2-dist/js/bootstrap.bundle.min.js - null null
2025-10-29 14:58:43.003 +07:00 [INF] Request finished HTTP/2 GET https://localhost:44372/en/assets/lib/bootstrap-5.2.2-dist/js/bootstrap.bundle.min.js - 404 null null 0.6743ms
2025-10-29 14:58:43.003 +07:00 [INF] Request starting HTTP/2 GET https://localhost:44372/en/assets/js/bootstrap.js?v=5.5.9 - null null
2025-10-29 14:58:43.003 +07:00 [INF] Request reached the end of the middleware pipeline without being handled by application code. Request path: GET https://localhost:44372/en/assets/lib/bootstrap-5.2.2-dist/js/bootstrap.bundle.min.js, Response status code: 404
2025-10-29 14:58:43.003 +07:00 [INF] Request finished HTTP/2 GET https://localhost:44372/en/assets/js/bootstrap.js?v=5.5.9 - 404 null null 0.4045ms
2025-10-29 14:58:43.003 +07:00 [INF] Request reached the end of the middleware pipeline without being handled by application code. Request path: GET https://localhost:44372/en/assets/js/bootstrap.js, Response status code: 404
2025-10-29 14:58:43.003 +07:00 [INF] Request starting HTTP/2 GET https://localhost:44372/en/assets/js/owl.carousel.min.js?v=5.5.9 - null null
2025-10-29 14:58:43.004 +07:00 [INF] Request finished HTTP/2 GET https://localhost:44372/en/assets/js/owl.carousel.min.js?v=5.5.9 - 404 null null 0.2829ms
2025-10-29 14:58:43.004 +07:00 [INF] Request reached the end of the middleware pipeline without being handled by application code. Request path: GET https://localhost:44372/en/assets/js/owl.carousel.min.js, Response status code: 404
2025-10-29 14:58:43.004 +07:00 [INF] Request starting HTTP/2 GET https://localhost:44372/en/assets/js/site.js?v=1.0 - null null
2025-10-29 14:58:43.005 +07:00 [INF] Request finished HTTP/2 GET https://localhost:44372/en/assets/js/site.js?v=1.0 - 404 null null 0.5357ms
2025-10-29 14:58:43.005 +07:00 [INF] Request reached the end of the middleware pipeline without being handled by application code. Request path: GET https://localhost:44372/en/assets/js/site.js, Response status code: 404
2025-10-29 14:58:43.005 +07:00 [INF] Request starting HTTP/2 GET https://localhost:44372/en/assets/js/waypoints.min.js - null null
2025-10-29 14:58:43.005 +07:00 [INF] Request finished HTTP/2 GET https://localhost:44372/en/assets/js/waypoints.min.js - 404 null null 0.3803ms
2025-10-29 14:58:43.006 +07:00 [INF] Request reached the end of the middleware pipeline without being handled by application code. Request path: GET https://localhost:44372/en/assets/js/waypoints.min.js, Response status code: 404
2025-10-29 14:58:43.006 +07:00 [INF] Request starting HTTP/2 GET https://localhost:44372/en/assets/js/jquery.counterup.min.js - null null
2025-10-29 14:58:43.007 +07:00 [INF] Request finished HTTP/2 GET https://localhost:44372/en/assets/js/jquery.counterup.min.js - 404 null null 0.5037ms
2025-10-29 14:58:43.007 +07:00 [INF] Request reached the end of the middleware pipeline without being handled by application code. Request path: GET https://localhost:44372/en/assets/js/jquery.counterup.min.js, Response status code: 404
2025-10-29 14:58:43.007 +07:00 [INF] Request starting HTTP/2 GET https://localhost:44372/en/assets/lib/fancybox/dist/jquery.fancybox.min.js - null null
2025-10-29 14:58:43.008 +07:00 [INF] Request finished HTTP/2 GET https://localhost:44372/en/assets/lib/fancybox/dist/jquery.fancybox.min.js - 404 null null 0.3492ms
2025-10-29 14:58:43.008 +07:00 [INF] Request reached the end of the middleware pipeline without being handled by application code. Request path: GET https://localhost:44372/en/assets/lib/fancybox/dist/jquery.fancybox.min.js, Response status code: 404
2025-10-29 14:58:43.008 +07:00 [INF] Request starting HTTP/2 GET https://localhost:44372/_framework/aspnetcore-browser-refresh.js - null null
2025-10-29 14:58:43.008 +07:00 [INF] Request finished HTTP/2 GET https://localhost:44372/_framework/aspnetcore-browser-refresh.js - 200 16495 application/javascript; charset=utf-8 0.4935ms
2025-10-29 14:58:43.009 +07:00 [INF] Request starting HTTP/2 GET https://localhost:44372/en/Data/logo.svg - null null
2025-10-29 14:58:43.009 +07:00 [INF] Request finished HTTP/2 GET https://localhost:44372/en/Data/logo.svg - 404 null null 0.6011ms
2025-10-29 14:58:43.009 +07:00 [INF] Request reached the end of the middleware pipeline without being handled by application code. Request path: GET https://localhost:44372/en/Data/logo.svg, Response status code: 404
2025-10-29 14:58:43.009 +07:00 [INF] Request starting HTTP/2 GET https://localhost:44372/en/Data/bgtop.jpg - null null
2025-10-29 14:58:43.010 +07:00 [INF] Request finished HTTP/2 GET https://localhost:44372/en/Data/bgtop.jpg - 404 null null 0.3621ms
2025-10-29 14:58:43.010 +07:00 [INF] Request reached the end of the middleware pipeline without being handled by application code. Request path: GET https://localhost:44372/en/Data/bgtop.jpg, Response status code: 404
2025-10-29 14:58:43.010 +07:00 [INF] Request starting HTTP/2 GET https://localhost:44372/_vs/browserLink - null null
2025-10-29 14:58:43.021 +07:00 [INF] Request finished HTTP/2 GET https://localhost:44372/_vs/browserLink - 200 null text/javascript; charset=UTF-8 10.3997ms
2025-10-29 14:58:43.061 +07:00 [INF] Request starting HTTP/2 GET https://localhost:44372/en/assets/img/logo/favicon.png - null null
2025-10-29 14:58:43.062 +07:00 [INF] Request finished HTTP/2 GET https://localhost:44372/en/assets/img/logo/favicon.png - 404 null null 0.7269ms
2025-10-29 14:58:43.062 +07:00 [INF] Request reached the end of the middleware pipeline without being handled by application code. Request path: GET https://localhost:44372/en/assets/img/logo/favicon.png, Response status code: 404
2025-10-29 14:58:50.222 +07:00 [INF] Request starting HTTP/2 GET https://localhost:44372/en/product.html - null null
2025-10-29 14:58:50.247 +07:00 [INF] Executed DbCommand (10ms) [Parameters=[@__slug_0='?' (Size = 4000), @__language_1='?' (Size = 10), @__baseSettings_Value_PortalId_2='?' (DbType = Int32)], CommandType='"Text"', CommandTimeout='30']
SELECT TOP(1) [l].[Id], [l].[Acction], [l].[Area], [l].[Changefreq], [l].[Controller], [l].[Delete], [l].[Description], [l].[FacebookBanner], [l].[FacebookDescription], [l].[FocusKeywords], [l].[GooglePlusDescription], [l].[IncludeSitemap], [l].[IsStatic], [l].[Keywords], [l].[Language], [l].[Lastmod], [l].[MetaRobotsAdvance], [l].[MetaRobotsFollow], [l].[MetaRobotsIndex], [l].[Name], [l].[ObjectId], [l].[Parrams], [l].[PortalId], [l].[Priority], [l].[Redirect301], [l].[Slug], [l].[Status], [l].[Title], [l].[Type]
FROM [Link] AS [l]
WHERE [l].[Slug] = @__slug_0 AND [l].[Language] = @__language_1 AND [l].[PortalId] = @__baseSettings_Value_PortalId_2
2025-10-29 14:58:50.247 +07:00 [INF] Route matched with {action = "Page404", controller = "Home"}. Executing controller action with signature Microsoft.AspNetCore.Mvc.IActionResult Page404(System.String) on controller PT.UI.Controllers.HomeController (PT.UI).
2025-10-29 14:58:50.249 +07:00 [INF] Executing ViewResult, running view _Home404.
2025-10-29 14:58:50.251 +07:00 [INF] Executed ViewResult - view _Home404 executed in 1.8556ms.
2025-10-29 14:58:50.251 +07:00 [INF] Executed action PT.UI.Controllers.HomeController.Page404 (PT.UI) in 3.2299ms
2025-10-29 14:58:50.251 +07:00 [INF] Request finished HTTP/2 GET https://localhost:44372/en/product.html - 200 null text/html; charset=utf-8 28.7859ms
2025-10-29 14:58:50.276 +07:00 [INF] Request starting HTTP/2 GET https://localhost:44372/en/assets/lib/bootstrap-5.2.2-dist/css/bootstrap.min.css - null null
2025-10-29 14:58:50.277 +07:00 [INF] Request finished HTTP/2 GET https://localhost:44372/en/assets/lib/bootstrap-5.2.2-dist/css/bootstrap.min.css - 404 null null 0.7652ms
2025-10-29 14:58:50.277 +07:00 [INF] Request reached the end of the middleware pipeline without being handled by application code. Request path: GET https://localhost:44372/en/assets/lib/bootstrap-5.2.2-dist/css/bootstrap.min.css, Response status code: 404
2025-10-29 14:58:50.281 +07:00 [INF] Request starting HTTP/2 GET https://localhost:44372/en/assets/css/fonts/font-awesome/4.7.0/css/font-awesome.min.css - null null
2025-10-29 14:58:50.281 +07:00 [INF] Request finished HTTP/2 GET https://localhost:44372/en/assets/css/fonts/font-awesome/4.7.0/css/font-awesome.min.css - 404 null null 0.6421ms
2025-10-29 14:58:50.281 +07:00 [INF] Request reached the end of the middleware pipeline without being handled by application code. Request path: GET https://localhost:44372/en/assets/css/fonts/font-awesome/4.7.0/css/font-awesome.min.css, Response status code: 404
2025-10-29 14:58:50.282 +07:00 [INF] Request starting HTTP/2 GET https://localhost:44372/en/assets/css/style.css - null null
2025-10-29 14:58:50.282 +07:00 [INF] Request finished HTTP/2 GET https://localhost:44372/en/assets/css/style.css - 404 null null 0.6347ms
2025-10-29 14:58:50.282 +07:00 [INF] Request reached the end of the middleware pipeline without being handled by application code. Request path: GET https://localhost:44372/en/assets/css/style.css, Response status code: 404
2025-10-29 14:58:50.283 +07:00 [INF] Request starting HTTP/2 GET https://localhost:44372/en/assets/lib/OwlCarousel2-2.3.4/dist/assets/owl.carousel.min.css - null null
2025-10-29 14:58:50.283 +07:00 [INF] Request finished HTTP/2 GET https://localhost:44372/en/assets/lib/OwlCarousel2-2.3.4/dist/assets/owl.carousel.min.css - 404 null null 0.4533ms
2025-10-29 14:58:50.283 +07:00 [INF] Request reached the end of the middleware pipeline without being handled by application code. Request path: GET https://localhost:44372/en/assets/lib/OwlCarousel2-2.3.4/dist/assets/owl.carousel.min.css, Response status code: 404
2025-10-29 14:58:50.283 +07:00 [INF] Request starting HTTP/2 GET https://localhost:44372/en/assets/lib/OwlCarousel2-2.3.4/dist/assets/owl.theme.default.min.css - null null
2025-10-29 14:58:50.284 +07:00 [INF] Request finished HTTP/2 GET https://localhost:44372/en/assets/lib/OwlCarousel2-2.3.4/dist/assets/owl.theme.default.min.css - 404 null null 0.3148ms
2025-10-29 14:58:50.284 +07:00 [INF] Request reached the end of the middleware pipeline without being handled by application code. Request path: GET https://localhost:44372/en/assets/lib/OwlCarousel2-2.3.4/dist/assets/owl.theme.default.min.css, Response status code: 404
2025-10-29 14:58:50.284 +07:00 [INF] Request starting HTTP/2 GET https://localhost:44372/en/assets/css/custom.css - null null
2025-10-29 14:58:50.284 +07:00 [INF] Request finished HTTP/2 GET https://localhost:44372/en/assets/css/custom.css - 404 null null 0.319ms
2025-10-29 14:58:50.284 +07:00 [INF] Request reached the end of the middleware pipeline without being handled by application code. Request path: GET https://localhost:44372/en/assets/css/custom.css, Response status code: 404
2025-10-29 14:58:50.285 +07:00 [INF] Request starting HTTP/2 GET https://localhost:44372/en/assets/lib/fancybox/dist/jquery.fancybox.min.css - null null
2025-10-29 14:58:50.285 +07:00 [INF] Request finished HTTP/2 GET https://localhost:44372/en/assets/lib/fancybox/dist/jquery.fancybox.min.css - 404 null null 0.2841ms
2025-10-29 14:58:50.285 +07:00 [INF] Request reached the end of the middleware pipeline without being handled by application code. Request path: GET https://localhost:44372/en/assets/lib/fancybox/dist/jquery.fancybox.min.css, Response status code: 404
2025-10-29 14:58:50.286 +07:00 [INF] Request starting HTTP/2 GET https://localhost:44372/en/assets/js/jquery.min.js - null null
2025-10-29 14:58:50.286 +07:00 [INF] Request finished HTTP/2 GET https://localhost:44372/en/assets/js/jquery.min.js - 404 null null 0.578ms
2025-10-29 14:58:50.286 +07:00 [INF] Request starting HTTP/2 GET https://localhost:44372/en/Data/en.svg - null null
2025-10-29 14:58:50.286 +07:00 [INF] Request reached the end of the middleware pipeline without being handled by application code. Request path: GET https://localhost:44372/en/assets/js/jquery.min.js, Response status code: 404
2025-10-29 14:58:50.287 +07:00 [INF] Request finished HTTP/2 GET https://localhost:44372/en/Data/en.svg - 404 null null 0.4498ms
2025-10-29 14:58:50.287 +07:00 [INF] Request reached the end of the middleware pipeline without being handled by application code. Request path: GET https://localhost:44372/en/Data/en.svg, Response status code: 404
2025-10-29 14:58:50.287 +07:00 [INF] Request starting HTTP/2 GET https://localhost:44372/en/Data/vi.png - null null
2025-10-29 14:58:50.287 +07:00 [INF] Request finished HTTP/2 GET https://localhost:44372/en/Data/vi.png - 404 null null 0.3262ms
2025-10-29 14:58:50.288 +07:00 [INF] Request reached the end of the middleware pipeline without being handled by application code. Request path: GET https://localhost:44372/en/Data/vi.png, Response status code: 404
2025-10-29 14:58:50.306 +07:00 [INF] Request starting HTTP/2 GET https://localhost:44372/en/Data/logoft.svg - null null
2025-10-29 14:58:50.307 +07:00 [INF] Request finished HTTP/2 GET https://localhost:44372/en/Data/logoft.svg - 404 null null 0.7667ms
2025-10-29 14:58:50.307 +07:00 [INF] Request reached the end of the middleware pipeline without being handled by application code. Request path: GET https://localhost:44372/en/Data/logoft.svg, Response status code: 404
2025-10-29 14:58:50.307 +07:00 [INF] Request starting HTTP/2 GET https://localhost:44372/en/assets/lib/bootstrap-5.2.2-dist/js/bootstrap.bundle.min.js - null null
2025-10-29 14:58:50.308 +07:00 [INF] Request finished HTTP/2 GET https://localhost:44372/en/assets/lib/bootstrap-5.2.2-dist/js/bootstrap.bundle.min.js - 404 null null 0.468ms
2025-10-29 14:58:50.308 +07:00 [INF] Request reached the end of the middleware pipeline without being handled by application code. Request path: GET https://localhost:44372/en/assets/lib/bootstrap-5.2.2-dist/js/bootstrap.bundle.min.js, Response status code: 404
2025-10-29 14:58:50.308 +07:00 [INF] Request starting HTTP/2 GET https://localhost:44372/en/assets/js/bootstrap.js?v=5.5.9 - null null
2025-10-29 14:58:50.309 +07:00 [INF] Request finished HTTP/2 GET https://localhost:44372/en/assets/js/bootstrap.js?v=5.5.9 - 404 null null 0.5374ms
2025-10-29 14:58:50.309 +07:00 [INF] Request reached the end of the middleware pipeline without being handled by application code. Request path: GET https://localhost:44372/en/assets/js/bootstrap.js, Response status code: 404
2025-10-29 14:58:50.309 +07:00 [INF] Request starting HTTP/2 GET https://localhost:44372/en/assets/js/owl.carousel.min.js?v=5.5.9 - null null
2025-10-29 14:58:50.309 +07:00 [INF] Request finished HTTP/2 GET https://localhost:44372/en/assets/js/owl.carousel.min.js?v=5.5.9 - 404 null null 0.4477ms
2025-10-29 14:58:50.309 +07:00 [INF] Request reached the end of the middleware pipeline without being handled by application code. Request path: GET https://localhost:44372/en/assets/js/owl.carousel.min.js, Response status code: 404
2025-10-29 14:58:50.310 +07:00 [INF] Request starting HTTP/2 GET https://localhost:44372/en/assets/js/site.js?v=1.0 - null null
2025-10-29 14:58:50.310 +07:00 [INF] Request finished HTTP/2 GET https://localhost:44372/en/assets/js/site.js?v=1.0 - 404 null null 0.2646ms
2025-10-29 14:58:50.310 +07:00 [INF] Request reached the end of the middleware pipeline without being handled by application code. Request path: GET https://localhost:44372/en/assets/js/site.js, Response status code: 404
2025-10-29 14:58:50.310 +07:00 [INF] Request starting HTTP/2 GET https://localhost:44372/en/assets/js/waypoints.min.js - null null
2025-10-29 14:58:50.311 +07:00 [INF] Request finished HTTP/2 GET https://localhost:44372/en/assets/js/waypoints.min.js - 404 null null 0.2771ms
2025-10-29 14:58:50.311 +07:00 [INF] Request reached the end of the middleware pipeline without being handled by application code. Request path: GET https://localhost:44372/en/assets/js/waypoints.min.js, Response status code: 404
2025-10-29 14:58:50.311 +07:00 [INF] Request starting HTTP/2 GET https://localhost:44372/en/assets/js/jquery.counterup.min.js - null null
2025-10-29 14:58:50.311 +07:00 [INF] Request finished HTTP/2 GET https://localhost:44372/en/assets/js/jquery.counterup.min.js - 404 null null 0.3678ms
2025-10-29 14:58:50.311 +07:00 [INF] Request reached the end of the middleware pipeline without being handled by application code. Request path: GET https://localhost:44372/en/assets/js/jquery.counterup.min.js, Response status code: 404
2025-10-29 14:58:50.312 +07:00 [INF] Request starting HTTP/2 GET https://localhost:44372/_framework/aspnetcore-browser-refresh.js - null null
2025-10-29 14:58:50.312 +07:00 [INF] Request finished HTTP/2 GET https://localhost:44372/_framework/aspnetcore-browser-refresh.js - 200 16495 application/javascript; charset=utf-8 0.7228ms
2025-10-29 14:58:50.313 +07:00 [INF] Request starting HTTP/2 GET https://localhost:44372/en/assets/lib/fancybox/dist/jquery.fancybox.min.js - null null
2025-10-29 14:58:50.314 +07:00 [INF] Request finished HTTP/2 GET https://localhost:44372/en/assets/lib/fancybox/dist/jquery.fancybox.min.js - 404 null null 0.5458ms
2025-10-29 14:58:50.314 +07:00 [INF] Request reached the end of the middleware pipeline without being handled by application code. Request path: GET https://localhost:44372/en/assets/lib/fancybox/dist/jquery.fancybox.min.js, Response status code: 404
2025-10-29 14:58:50.314 +07:00 [INF] Request starting HTTP/2 GET https://localhost:44372/en/Data/logo.svg - null null
2025-10-29 14:58:50.314 +07:00 [INF] Request finished HTTP/2 GET https://localhost:44372/en/Data/logo.svg - 404 null null 0.6833ms
2025-10-29 14:58:50.315 +07:00 [INF] Request reached the end of the middleware pipeline without being handled by application code. Request path: GET https://localhost:44372/en/Data/logo.svg, Response status code: 404
2025-10-29 14:58:50.315 +07:00 [INF] Request starting HTTP/2 GET https://localhost:44372/en/Data/bgtop.jpg - null null
2025-10-29 14:58:50.315 +07:00 [INF] Request finished HTTP/2 GET https://localhost:44372/en/Data/bgtop.jpg - 404 null null 0.3286ms
2025-10-29 14:58:50.315 +07:00 [INF] Request reached the end of the middleware pipeline without being handled by application code. Request path: GET https://localhost:44372/en/Data/bgtop.jpg, Response status code: 404
2025-10-29 14:58:50.315 +07:00 [INF] Request starting HTTP/2 GET https://localhost:44372/_vs/browserLink - null null
2025-10-29 14:58:50.324 +07:00 [INF] Request finished HTTP/2 GET https://localhost:44372/_vs/browserLink - 200 null text/javascript; charset=UTF-8 9.0658ms
2025-10-29 14:59:06.056 +07:00 [INF] Request starting HTTP/2 GET https://localhost:44372/en/product.html - null null
2025-10-29 14:59:20.294 +07:00 [INF] Executed DbCommand (18ms) [Parameters=[@__slug_0='?' (Size = 4000), @__language_1='?' (Size = 10), @__baseSettings_Value_PortalId_2='?' (DbType = Int32)], CommandType='"Text"', CommandTimeout='30']
SELECT TOP(1) [l].[Id], [l].[Acction], [l].[Area], [l].[Changefreq], [l].[Controller], [l].[Delete], [l].[Description], [l].[FacebookBanner], [l].[FacebookDescription], [l].[FocusKeywords], [l].[GooglePlusDescription], [l].[IncludeSitemap], [l].[IsStatic], [l].[Keywords], [l].[Language], [l].[Lastmod], [l].[MetaRobotsAdvance], [l].[MetaRobotsFollow], [l].[MetaRobotsIndex], [l].[Name], [l].[ObjectId], [l].[Parrams], [l].[PortalId], [l].[Priority], [l].[Redirect301], [l].[Slug], [l].[Status], [l].[Title], [l].[Type]
FROM [Link] AS [l]
WHERE [l].[Slug] = @__slug_0 AND [l].[Language] = @__language_1 AND [l].[PortalId] = @__baseSettings_Value_PortalId_2
2025-10-29 14:59:42.018 +07:00 [INF] Route matched with {action = "Page404", controller = "Home"}. Executing controller action with signature Microsoft.AspNetCore.Mvc.IActionResult Page404(System.String) on controller PT.UI.Controllers.HomeController (PT.UI).
2025-10-29 14:59:42.019 +07:00 [INF] Executing ViewResult, running view _Home404.
2025-10-29 14:59:42.021 +07:00 [INF] Executed ViewResult - view _Home404 executed in 1.6451ms.
2025-10-29 14:59:42.021 +07:00 [INF] Executed action PT.UI.Controllers.HomeController.Page404 (PT.UI) in 2.0798ms
2025-10-29 14:59:42.023 +07:00 [INF] Request finished HTTP/2 GET https://localhost:44372/en/product.html - 200 null text/html; charset=utf-8 35966.9144ms
2025-10-29 14:59:42.051 +07:00 [INF] Request starting HTTP/2 GET https://localhost:44372/en/assets/lib/bootstrap-5.2.2-dist/css/bootstrap.min.css - null null
2025-10-29 14:59:42.052 +07:00 [INF] Request starting HTTP/2 GET https://localhost:44372/en/assets/css/fonts/font-awesome/4.7.0/css/font-awesome.min.css - null null
2025-10-29 14:59:42.052 +07:00 [INF] Request starting HTTP/2 GET https://localhost:44372/en/assets/css/style.css - null null
2025-10-29 14:59:42.059 +07:00 [INF] Request starting HTTP/2 GET https://localhost:44372/en/assets/lib/OwlCarousel2-2.3.4/dist/assets/owl.carousel.min.css - null null
2025-10-29 14:59:42.064 +07:00 [INF] Request starting HTTP/2 GET https://localhost:44372/en/assets/css/custom.css - null null
2025-10-29 14:59:42.067 +07:00 [INF] Request starting HTTP/2 GET https://localhost:44372/en/Data/en.svg - null null
2025-10-29 14:59:42.070 +07:00 [INF] Request starting HTTP/2 GET https://localhost:44372/en/assets/lib/fancybox/dist/jquery.fancybox.min.css - null null
2025-10-29 14:59:42.073 +07:00 [INF] Request starting HTTP/2 GET https://localhost:44372/en/assets/js/jquery.min.js - null null
2025-10-29 14:59:42.076 +07:00 [INF] Request starting HTTP/2 GET https://localhost:44372/en/assets/lib/OwlCarousel2-2.3.4/dist/assets/owl.theme.default.min.css - null null
2025-10-29 14:59:42.078 +07:00 [INF] Request starting HTTP/2 GET https://localhost:44372/en/Data/vi.png - null null
2025-10-29 14:59:42.082 +07:00 [INF] Request finished HTTP/2 GET https://localhost:44372/en/assets/js/jquery.min.js - 404 null null 9.3236ms
2025-10-29 14:59:42.082 +07:00 [INF] Request finished HTTP/2 GET https://localhost:44372/en/assets/css/custom.css - 404 null null 17.7884ms
2025-10-29 14:59:42.082 +07:00 [INF] Request finished HTTP/2 GET https://localhost:44372/en/assets/css/style.css - 404 null null 29.6762ms
2025-10-29 14:59:42.082 +07:00 [INF] Request reached the end of the middleware pipeline without being handled by application code. Request path: GET https://localhost:44372/en/assets/css/custom.css, Response status code: 404
2025-10-29 14:59:42.082 +07:00 [INF] Request reached the end of the middleware pipeline without being handled by application code. Request path: GET https://localhost:44372/en/assets/css/style.css, Response status code: 404
2025-10-29 14:59:42.082 +07:00 [INF] Request finished HTTP/2 GET https://localhost:44372/en/Data/vi.png - 404 null null 3.8014ms
2025-10-29 14:59:42.082 +07:00 [INF] Request finished HTTP/2 GET https://localhost:44372/en/assets/lib/OwlCarousel2-2.3.4/dist/assets/owl.theme.default.min.css - 404 null null 6.302ms
2025-10-29 14:59:42.082 +07:00 [INF] Request finished HTTP/2 GET https://localhost:44372/en/Data/en.svg - 404 null null 14.8769ms
2025-10-29 14:59:42.082 +07:00 [INF] Request finished HTTP/2 GET https://localhost:44372/en/assets/css/fonts/font-awesome/4.7.0/css/font-awesome.min.css - 404 null null 30.4773ms
2025-10-29 14:59:42.082 +07:00 [INF] Request finished HTTP/2 GET https://localhost:44372/en/assets/lib/bootstrap-5.2.2-dist/css/bootstrap.min.css - 404 null null 31.4244ms
2025-10-29 14:59:42.082 +07:00 [INF] Request finished HTTP/2 GET https://localhost:44372/en/assets/lib/OwlCarousel2-2.3.4/dist/assets/owl.carousel.min.css - 404 null null 22.8723ms
2025-10-29 14:59:42.082 +07:00 [INF] Request finished HTTP/2 GET https://localhost:44372/en/assets/lib/fancybox/dist/jquery.fancybox.min.css - 404 null null 12.1731ms
2025-10-29 14:59:42.082 +07:00 [INF] Request reached the end of the middleware pipeline without being handled by application code. Request path: GET https://localhost:44372/en/assets/js/jquery.min.js, Response status code: 404
2025-10-29 14:59:42.082 +07:00 [INF] Request reached the end of the middleware pipeline without being handled by application code. Request path: GET https://localhost:44372/en/Data/vi.png, Response status code: 404
2025-10-29 14:59:42.082 +07:00 [INF] Request reached the end of the middleware pipeline without being handled by application code. Request path: GET https://localhost:44372/en/assets/lib/OwlCarousel2-2.3.4/dist/assets/owl.theme.default.min.css, Response status code: 404
2025-10-29 14:59:42.082 +07:00 [INF] Request reached the end of the middleware pipeline without being handled by application code. Request path: GET https://localhost:44372/en/Data/en.svg, Response status code: 404
2025-10-29 14:59:42.082 +07:00 [INF] Request reached the end of the middleware pipeline without being handled by application code. Request path: GET https://localhost:44372/en/assets/css/fonts/font-awesome/4.7.0/css/font-awesome.min.css, Response status code: 404
2025-10-29 14:59:42.082 +07:00 [INF] Request reached the end of the middleware pipeline without being handled by application code. Request path: GET https://localhost:44372/en/assets/lib/bootstrap-5.2.2-dist/css/bootstrap.min.css, Response status code: 404
2025-10-29 14:59:42.083 +07:00 [INF] Request reached the end of the middleware pipeline without being handled by application code. Request path: GET https://localhost:44372/en/assets/lib/OwlCarousel2-2.3.4/dist/assets/owl.carousel.min.css, Response status code: 404
2025-10-29 14:59:42.083 +07:00 [INF] Request reached the end of the middleware pipeline without being handled by application code. Request path: GET https://localhost:44372/en/assets/lib/fancybox/dist/jquery.fancybox.min.css, Response status code: 404
2025-10-29 14:59:42.107 +07:00 [INF] Request starting HTTP/2 GET https://localhost:44372/en/Data/logoft.svg - null null
2025-10-29 14:59:42.107 +07:00 [INF] Request finished HTTP/2 GET https://localhost:44372/en/Data/logoft.svg - 404 null null 0.4312ms
2025-10-29 14:59:42.108 +07:00 [INF] Request reached the end of the middleware pipeline without being handled by application code. Request path: GET https://localhost:44372/en/Data/logoft.svg, Response status code: 404
2025-10-29 14:59:42.108 +07:00 [INF] Request starting HTTP/2 GET https://localhost:44372/en/assets/lib/bootstrap-5.2.2-dist/js/bootstrap.bundle.min.js - null null
2025-10-29 14:59:42.108 +07:00 [INF] Request finished HTTP/2 GET https://localhost:44372/en/assets/lib/bootstrap-5.2.2-dist/js/bootstrap.bundle.min.js - 404 null null 0.2826ms
2025-10-29 14:59:42.108 +07:00 [INF] Request reached the end of the middleware pipeline without being handled by application code. Request path: GET https://localhost:44372/en/assets/lib/bootstrap-5.2.2-dist/js/bootstrap.bundle.min.js, Response status code: 404
2025-10-29 14:59:42.115 +07:00 [INF] Request starting HTTP/2 GET https://localhost:44372/en/assets/js/bootstrap.js?v=5.5.9 - null null
2025-10-29 14:59:42.115 +07:00 [INF] Request finished HTTP/2 GET https://localhost:44372/en/assets/js/bootstrap.js?v=5.5.9 - 404 null null 0.4416ms
2025-10-29 14:59:42.115 +07:00 [INF] Request reached the end of the middleware pipeline without being handled by application code. Request path: GET https://localhost:44372/en/assets/js/bootstrap.js, Response status code: 404
2025-10-29 14:59:42.116 +07:00 [INF] Request starting HTTP/2 GET https://localhost:44372/en/assets/js/owl.carousel.min.js?v=5.5.9 - null null
2025-10-29 14:59:42.116 +07:00 [INF] Request finished HTTP/2 GET https://localhost:44372/en/assets/js/owl.carousel.min.js?v=5.5.9 - 404 null null 0.4083ms
2025-10-29 14:59:42.116 +07:00 [INF] Request reached the end of the middleware pipeline without being handled by application code. Request path: GET https://localhost:44372/en/assets/js/owl.carousel.min.js, Response status code: 404
2025-10-29 14:59:42.117 +07:00 [INF] Request starting HTTP/2 GET https://localhost:44372/en/assets/js/site.js?v=1.0 - null null
2025-10-29 14:59:42.117 +07:00 [INF] Request finished HTTP/2 GET https://localhost:44372/en/assets/js/site.js?v=1.0 - 404 null null 0.3377ms
2025-10-29 14:59:42.117 +07:00 [INF] Request reached the end of the middleware pipeline without being handled by application code. Request path: GET https://localhost:44372/en/assets/js/site.js, Response status code: 404
2025-10-29 14:59:42.118 +07:00 [INF] Request starting HTTP/2 GET https://localhost:44372/en/assets/js/waypoints.min.js - null null
2025-10-29 14:59:42.118 +07:00 [INF] Request finished HTTP/2 GET https://localhost:44372/en/assets/js/waypoints.min.js - 404 null null 0.4253ms
2025-10-29 14:59:42.118 +07:00 [INF] Request reached the end of the middleware pipeline without being handled by application code. Request path: GET https://localhost:44372/en/assets/js/waypoints.min.js, Response status code: 404
2025-10-29 14:59:42.119 +07:00 [INF] Request starting HTTP/2 GET https://localhost:44372/en/assets/js/jquery.counterup.min.js - null null
2025-10-29 14:59:42.119 +07:00 [INF] Request finished HTTP/2 GET https://localhost:44372/en/assets/js/jquery.counterup.min.js - 404 null null 0.3795ms
2025-10-29 14:59:42.119 +07:00 [INF] Request reached the end of the middleware pipeline without being handled by application code. Request path: GET https://localhost:44372/en/assets/js/jquery.counterup.min.js, Response status code: 404
2025-10-29 14:59:42.119 +07:00 [INF] Request starting HTTP/2 GET https://localhost:44372/_framework/aspnetcore-browser-refresh.js - null null
2025-10-29 14:59:42.120 +07:00 [INF] Request finished HTTP/2 GET https://localhost:44372/_framework/aspnetcore-browser-refresh.js - 200 16495 application/javascript; charset=utf-8 0.3838ms
2025-10-29 14:59:42.120 +07:00 [INF] Request starting HTTP/2 GET https://localhost:44372/en/assets/lib/fancybox/dist/jquery.fancybox.min.js - null null
2025-10-29 14:59:42.121 +07:00 [INF] Request finished HTTP/2 GET https://localhost:44372/en/assets/lib/fancybox/dist/jquery.fancybox.min.js - 404 null null 0.3015ms
2025-10-29 14:59:42.121 +07:00 [INF] Request reached the end of the middleware pipeline without being handled by application code. Request path: GET https://localhost:44372/en/assets/lib/fancybox/dist/jquery.fancybox.min.js, Response status code: 404
2025-10-29 14:59:42.121 +07:00 [INF] Request starting HTTP/2 GET https://localhost:44372/en/Data/logo.svg - null null
2025-10-29 14:59:42.121 +07:00 [INF] Request finished HTTP/2 GET https://localhost:44372/en/Data/logo.svg - 404 null null 0.2056ms
2025-10-29 14:59:42.121 +07:00 [INF] Request reached the end of the middleware pipeline without being handled by application code. Request path: GET https://localhost:44372/en/Data/logo.svg, Response status code: 404
2025-10-29 14:59:42.122 +07:00 [INF] Request starting HTTP/2 GET https://localhost:44372/_vs/browserLink - null null
2025-10-29 14:59:42.123 +07:00 [INF] Request starting HTTP/2 GET https://localhost:44372/en/Data/en.svg - null null
2025-10-29 14:59:42.123 +07:00 [INF] Request finished HTTP/2 GET https://localhost:44372/en/Data/en.svg - 404 null null 0.3732ms
2025-10-29 14:59:42.123 +07:00 [INF] Request reached the end of the middleware pipeline without being handled by application code. Request path: GET https://localhost:44372/en/Data/en.svg, Response status code: 404
2025-10-29 14:59:42.124 +07:00 [INF] Request starting HTTP/2 GET https://localhost:44372/en/Data/bgtop.jpg - null null
2025-10-29 14:59:42.124 +07:00 [INF] Request finished HTTP/2 GET https://localhost:44372/en/Data/bgtop.jpg - 404 null null 0.4952ms
2025-10-29 14:59:42.124 +07:00 [INF] Request reached the end of the middleware pipeline without being handled by application code. Request path: GET https://localhost:44372/en/Data/bgtop.jpg, Response status code: 404
2025-10-29 14:59:42.127 +07:00 [INF] Request finished HTTP/2 GET https://localhost:44372/_vs/browserLink - 200 null text/javascript; charset=UTF-8 5.8905ms
2025-10-29 14:59:53.635 +07:00 [INF] Request starting HTTP/2 GET https://localhost:44372/vi/san-pham.html - null null
2025-10-29 14:59:55.694 +07:00 [INF] Executed DbCommand (11ms) [Parameters=[@__slug_0='?' (Size = 4000), @__language_1='?' (Size = 10), @__baseSettings_Value_PortalId_2='?' (DbType = Int32)], CommandType='"Text"', CommandTimeout='30']
SELECT TOP(1) [l].[Id], [l].[Acction], [l].[Area], [l].[Changefreq], [l].[Controller], [l].[Delete], [l].[Description], [l].[FacebookBanner], [l].[FacebookDescription], [l].[FocusKeywords], [l].[GooglePlusDescription], [l].[IncludeSitemap], [l].[IsStatic], [l].[Keywords], [l].[Language], [l].[Lastmod], [l].[MetaRobotsAdvance], [l].[MetaRobotsFollow], [l].[MetaRobotsIndex], [l].[Name], [l].[ObjectId], [l].[Parrams], [l].[PortalId], [l].[Priority], [l].[Redirect301], [l].[Slug], [l].[Status], [l].[Title], [l].[Type]
FROM [Link] AS [l]
WHERE [l].[Slug] = @__slug_0 AND [l].[Language] = @__language_1 AND [l].[PortalId] = @__baseSettings_Value_PortalId_2
2025-10-29 14:59:55.702 +07:00 [INF] Route matched with {action = "Index", controller = "Product"}. Executing controller action with signature Microsoft.AspNetCore.Mvc.IActionResult Index(System.String, Int32) on controller PT.UI.Controllers.ProductController (PT.UI).
2025-10-29 14:59:55.704 +07:00 [INF] Executing ViewResult, running view Index.
2025-10-29 14:59:55.709 +07:00 [INF] Executed ViewResult - view Index executed in 6.5506ms.
2025-10-29 14:59:55.709 +07:00 [INF] Executed action PT.UI.Controllers.ProductController.Index (PT.UI) in 7.3732ms
2025-10-29 14:59:55.709 +07:00 [INF] Request finished HTTP/2 GET https://localhost:44372/vi/san-pham.html - 200 null text/html; charset=utf-8 2074.4417ms
2025-10-29 14:59:55.734 +07:00 [INF] Request starting HTTP/2 GET https://localhost:44372/vi/assets/lib/bootstrap-5.2.2-dist/css/bootstrap.min.css - null null
2025-10-29 14:59:55.734 +07:00 [INF] Request finished HTTP/2 GET https://localhost:44372/vi/assets/lib/bootstrap-5.2.2-dist/css/bootstrap.min.css - 404 null null 0.3739ms
2025-10-29 14:59:55.734 +07:00 [INF] Request reached the end of the middleware pipeline without being handled by application code. Request path: GET https://localhost:44372/vi/assets/lib/bootstrap-5.2.2-dist/css/bootstrap.min.css, Response status code: 404
2025-10-29 14:59:55.739 +07:00 [INF] Request starting HTTP/2 GET https://localhost:44372/vi/assets/css/fonts/font-awesome/4.7.0/css/font-awesome.min.css - null null
2025-10-29 14:59:55.739 +07:00 [INF] Request finished HTTP/2 GET https://localhost:44372/vi/assets/css/fonts/font-awesome/4.7.0/css/font-awesome.min.css - 404 null null 0.4623ms
2025-10-29 14:59:55.739 +07:00 [INF] Request reached the end of the middleware pipeline without being handled by application code. Request path: GET https://localhost:44372/vi/assets/css/fonts/font-awesome/4.7.0/css/font-awesome.min.css, Response status code: 404
2025-10-29 14:59:55.740 +07:00 [INF] Request starting HTTP/2 GET https://localhost:44372/vi/assets/css/style.css - null null
2025-10-29 14:59:55.740 +07:00 [INF] Request finished HTTP/2 GET https://localhost:44372/vi/assets/css/style.css - 404 null null 0.378ms
2025-10-29 14:59:55.740 +07:00 [INF] Request reached the end of the middleware pipeline without being handled by application code. Request path: GET https://localhost:44372/vi/assets/css/style.css, Response status code: 404
2025-10-29 14:59:55.741 +07:00 [INF] Request starting HTTP/2 GET https://localhost:44372/vi/assets/lib/OwlCarousel2-2.3.4/dist/assets/owl.carousel.min.css - null null
2025-10-29 14:59:55.742 +07:00 [INF] Request finished HTTP/2 GET https://localhost:44372/vi/assets/lib/OwlCarousel2-2.3.4/dist/assets/owl.carousel.min.css - 404 null null 0.6854ms
2025-10-29 14:59:55.742 +07:00 [INF] Request reached the end of the middleware pipeline without being handled by application code. Request path: GET https://localhost:44372/vi/assets/lib/OwlCarousel2-2.3.4/dist/assets/owl.carousel.min.css, Response status code: 404
2025-10-29 14:59:55.742 +07:00 [INF] Request starting HTTP/2 GET https://localhost:44372/vi/assets/lib/OwlCarousel2-2.3.4/dist/assets/owl.theme.default.min.css - null null
2025-10-29 14:59:55.743 +07:00 [INF] Request finished HTTP/2 GET https://localhost:44372/vi/assets/lib/OwlCarousel2-2.3.4/dist/assets/owl.theme.default.min.css - 404 null null 0.2963ms
2025-10-29 14:59:55.743 +07:00 [INF] Request reached the end of the middleware pipeline without being handled by application code. Request path: GET https://localhost:44372/vi/assets/lib/OwlCarousel2-2.3.4/dist/assets/owl.theme.default.min.css, Response status code: 404
2025-10-29 14:59:55.743 +07:00 [INF] Request starting HTTP/2 GET https://localhost:44372/vi/assets/css/custom.css - null null
2025-10-29 14:59:55.743 +07:00 [INF] Request finished HTTP/2 GET https://localhost:44372/vi/assets/css/custom.css - 404 null null 0.194ms
2025-10-29 14:59:55.743 +07:00 [INF] Request reached the end of the middleware pipeline without being handled by application code. Request path: GET https://localhost:44372/vi/assets/css/custom.css, Response status code: 404
2025-10-29 14:59:55.744 +07:00 [INF] Request starting HTTP/2 GET https://localhost:44372/vi/assets/lib/fancybox/dist/jquery.fancybox.min.css - null null
2025-10-29 14:59:55.744 +07:00 [INF] Request finished HTTP/2 GET https://localhost:44372/vi/assets/lib/fancybox/dist/jquery.fancybox.min.css - 404 null null 0.2414ms
2025-10-29 14:59:55.744 +07:00 [INF] Request reached the end of the middleware pipeline without being handled by application code. Request path: GET https://localhost:44372/vi/assets/lib/fancybox/dist/jquery.fancybox.min.css, Response status code: 404
2025-10-29 14:59:55.745 +07:00 [INF] Request starting HTTP/2 GET https://localhost:44372/vi/assets/js/jquery.min.js - null null
2025-10-29 14:59:55.745 +07:00 [INF] Request finished HTTP/2 GET https://localhost:44372/vi/assets/js/jquery.min.js - 404 null null 0.1841ms
2025-10-29 14:59:55.745 +07:00 [INF] Request reached the end of the middleware pipeline without being handled by application code. Request path: GET https://localhost:44372/vi/assets/js/jquery.min.js, Response status code: 404
2025-10-29 14:59:55.745 +07:00 [INF] Request starting HTTP/2 GET https://localhost:44372/vi/Data/en.svg - null null
2025-10-29 14:59:55.745 +07:00 [INF] Request finished HTTP/2 GET https://localhost:44372/vi/Data/en.svg - 404 null null 0.1993ms
2025-10-29 14:59:55.745 +07:00 [INF] Request reached the end of the middleware pipeline without being handled by application code. Request path: GET https://localhost:44372/vi/Data/en.svg, Response status code: 404
2025-10-29 14:59:55.746 +07:00 [INF] Request starting HTTP/2 GET https://localhost:44372/vi/Data/vi.png - null null
2025-10-29 14:59:55.746 +07:00 [INF] Request finished HTTP/2 GET https://localhost:44372/vi/Data/vi.png - 404 null null 0.4176ms
2025-10-29 14:59:55.746 +07:00 [INF] Request reached the end of the middleware pipeline without being handled by application code. Request path: GET https://localhost:44372/vi/Data/vi.png, Response status code: 404
2025-10-29 14:59:55.765 +07:00 [INF] Request starting HTTP/2 GET https://localhost:44372/vi/Data/banner.png - null null
2025-10-29 14:59:55.765 +07:00 [INF] Request finished HTTP/2 GET https://localhost:44372/vi/Data/banner.png - 404 null null 0.4065ms
2025-10-29 14:59:55.765 +07:00 [INF] Request reached the end of the middleware pipeline without being handled by application code. Request path: GET https://localhost:44372/vi/Data/banner.png, Response status code: 404
2025-10-29 14:59:55.766 +07:00 [INF] Request starting HTTP/2 GET https://localhost:44372/vi/Data/logoft.svg - null null
2025-10-29 14:59:55.766 +07:00 [INF] Request finished HTTP/2 GET https://localhost:44372/vi/Data/logoft.svg - 404 null null 0.2493ms
2025-10-29 14:59:55.766 +07:00 [INF] Request reached the end of the middleware pipeline without being handled by application code. Request path: GET https://localhost:44372/vi/Data/logoft.svg, Response status code: 404
2025-10-29 14:59:55.767 +07:00 [INF] Request starting HTTP/2 GET https://localhost:44372/vi/assets/lib/bootstrap-5.2.2-dist/js/bootstrap.bundle.min.js - null null
2025-10-29 14:59:55.767 +07:00 [INF] Request finished HTTP/2 GET https://localhost:44372/vi/assets/lib/bootstrap-5.2.2-dist/js/bootstrap.bundle.min.js - 404 null null 0.4365ms
2025-10-29 14:59:55.767 +07:00 [INF] Request reached the end of the middleware pipeline without being handled by application code. Request path: GET https://localhost:44372/vi/assets/lib/bootstrap-5.2.2-dist/js/bootstrap.bundle.min.js, Response status code: 404
2025-10-29 14:59:55.768 +07:00 [INF] Request starting HTTP/2 GET https://localhost:44372/vi/assets/js/bootstrap.js?v=5.5.9 - null null
2025-10-29 14:59:55.768 +07:00 [INF] Request finished HTTP/2 GET https://localhost:44372/vi/assets/js/bootstrap.js?v=5.5.9 - 404 null null 0.3663ms
2025-10-29 14:59:55.768 +07:00 [INF] Request reached the end of the middleware pipeline without being handled by application code. Request path: GET https://localhost:44372/vi/assets/js/bootstrap.js, Response status code: 404
2025-10-29 14:59:55.768 +07:00 [INF] Request starting HTTP/2 GET https://localhost:44372/vi/assets/js/owl.carousel.min.js?v=5.5.9 - null null
2025-10-29 14:59:55.769 +07:00 [INF] Request finished HTTP/2 GET https://localhost:44372/vi/assets/js/owl.carousel.min.js?v=5.5.9 - 404 null null 0.2573ms
2025-10-29 14:59:55.769 +07:00 [INF] Request reached the end of the middleware pipeline without being handled by application code. Request path: GET https://localhost:44372/vi/assets/js/owl.carousel.min.js, Response status code: 404
2025-10-29 14:59:55.769 +07:00 [INF] Request starting HTTP/2 GET https://localhost:44372/vi/assets/js/site.js?v=1.0 - null null
2025-10-29 14:59:55.770 +07:00 [INF] Request finished HTTP/2 GET https://localhost:44372/vi/assets/js/site.js?v=1.0 - 404 null null 0.3623ms
2025-10-29 14:59:55.770 +07:00 [INF] Request reached the end of the middleware pipeline without being handled by application code. Request path: GET https://localhost:44372/vi/assets/js/site.js, Response status code: 404
2025-10-29 14:59:55.770 +07:00 [INF] Request starting HTTP/2 GET https://localhost:44372/vi/assets/js/waypoints.min.js - null null
2025-10-29 14:59:55.770 +07:00 [INF] Request finished HTTP/2 GET https://localhost:44372/vi/assets/js/waypoints.min.js - 404 null null 0.2257ms
2025-10-29 14:59:55.770 +07:00 [INF] Request reached the end of the middleware pipeline without being handled by application code. Request path: GET https://localhost:44372/vi/assets/js/waypoints.min.js, Response status code: 404
2025-10-29 14:59:55.771 +07:00 [INF] Request starting HTTP/2 GET https://localhost:44372/vi/assets/js/jquery.counterup.min.js - null null
2025-10-29 14:59:55.771 +07:00 [INF] Request finished HTTP/2 GET https://localhost:44372/vi/assets/js/jquery.counterup.min.js - 404 null null 0.204ms
2025-10-29 14:59:55.771 +07:00 [INF] Request reached the end of the middleware pipeline without being handled by application code. Request path: GET https://localhost:44372/vi/assets/js/jquery.counterup.min.js, Response status code: 404
2025-10-29 14:59:55.772 +07:00 [INF] Request starting HTTP/2 GET https://localhost:44372/vi/assets/lib/fancybox/dist/jquery.fancybox.min.js - null null
2025-10-29 14:59:55.772 +07:00 [INF] Request finished HTTP/2 GET https://localhost:44372/vi/assets/lib/fancybox/dist/jquery.fancybox.min.js - 404 null null 0.3323ms
2025-10-29 14:59:55.772 +07:00 [INF] Request reached the end of the middleware pipeline without being handled by application code. Request path: GET https://localhost:44372/vi/assets/lib/fancybox/dist/jquery.fancybox.min.js, Response status code: 404
2025-10-29 14:59:55.772 +07:00 [INF] Request starting HTTP/2 GET https://localhost:44372/_framework/aspnetcore-browser-refresh.js - null null
2025-10-29 14:59:55.773 +07:00 [INF] Request finished HTTP/2 GET https://localhost:44372/_framework/aspnetcore-browser-refresh.js - 200 16495 application/javascript; charset=utf-8 0.411ms
2025-10-29 14:59:55.773 +07:00 [INF] Request starting HTTP/2 GET https://localhost:44372/vi/Data/logo.svg - null null
2025-10-29 14:59:55.773 +07:00 [INF] Request finished HTTP/2 GET https://localhost:44372/vi/Data/logo.svg - 404 null null 0.2747ms
2025-10-29 14:59:55.773 +07:00 [INF] Request reached the end of the middleware pipeline without being handled by application code. Request path: GET https://localhost:44372/vi/Data/logo.svg, Response status code: 404
2025-10-29 14:59:55.774 +07:00 [INF] Request starting HTTP/2 GET https://localhost:44372/_vs/browserLink - null null
2025-10-29 14:59:55.774 +07:00 [INF] Request starting HTTP/2 GET https://localhost:44372/vi/Data/bgtop.jpg - null null
2025-10-29 14:59:55.775 +07:00 [INF] Request finished HTTP/2 GET https://localhost:44372/vi/Data/bgtop.jpg - 404 null null 0.6054ms
2025-10-29 14:59:55.775 +07:00 [INF] Request reached the end of the middleware pipeline without being handled by application code. Request path: GET https://localhost:44372/vi/Data/bgtop.jpg, Response status code: 404
2025-10-29 14:59:55.779 +07:00 [INF] Request finished HTTP/2 GET https://localhost:44372/_vs/browserLink - 200 null text/javascript; charset=UTF-8 5.2815ms
2025-10-29 14:59:55.817 +07:00 [INF] Request starting HTTP/2 GET https://localhost:44372/vi/assets/img/logo/favicon.png - null null
2025-10-29 14:59:55.818 +07:00 [INF] Request finished HTTP/2 GET https://localhost:44372/vi/assets/img/logo/favicon.png - 404 null null 0.5109ms
2025-10-29 14:59:55.818 +07:00 [INF] Request reached the end of the middleware pipeline without being handled by application code. Request path: GET https://localhost:44372/vi/assets/img/logo/favicon.png, Response status code: 404
2025-10-29 16:21:46.421 +07:00 [INF] Request starting HTTP/2 GET https://localhost:44372/ - null null
2025-10-29 16:21:46.463 +07:00 [INF] Application started. Press Ctrl+C to shut down.
2025-10-29 16:21:46.463 +07:00 [INF] Hosting environment: Development
2025-10-29 16:21:46.463 +07:00 [INF] Content root path: D:\CongViec\Job\2025\5.Fiingroup-website\6.FE\Portal2
2025-10-29 16:21:47.562 +07:00 [INF] Executed DbCommand (35ms) [Parameters=[@__slug_0='?' (Size = 4000), @__language_1='?' (Size = 10), @__baseSettings_Value_PortalId_2='?' (DbType = Int32)], CommandType='"Text"', CommandTimeout='30']
SELECT TOP(1) [l].[Id], [l].[Acction], [l].[Area], [l].[Changefreq], [l].[Controller], [l].[Delete], [l].[Description], [l].[FacebookBanner], [l].[FacebookDescription], [l].[FocusKeywords], [l].[GooglePlusDescription], [l].[IncludeSitemap], [l].[IsStatic], [l].[Keywords], [l].[Language], [l].[Lastmod], [l].[MetaRobotsAdvance], [l].[MetaRobotsFollow], [l].[MetaRobotsIndex], [l].[Name], [l].[ObjectId], [l].[Parrams], [l].[PortalId], [l].[Priority], [l].[Redirect301], [l].[Slug], [l].[Status], [l].[Title], [l].[Type]
FROM [Link] AS [l]
WHERE [l].[Slug] = @__slug_0 AND [l].[Language] = @__language_1 AND [l].[PortalId] = @__baseSettings_Value_PortalId_2
2025-10-29 16:21:47.647 +07:00 [INF] Route matched with {action = "Index", controller = "Home"}. Executing controller action with signature Microsoft.AspNetCore.Mvc.IActionResult Index(System.String, Int32) on controller PT.UI.Controllers.HomeController (PT.UI).
2025-10-29 16:21:47.682 +07:00 [INF] Executing ViewResult, running view Index.
2025-10-29 16:21:47.729 +07:00 [INF] Executed DbCommand (12ms) [Parameters=[@__code_0='?' (Size = 4000), @__language_1='?' (Size = 4000), @__portalId_2='?' (DbType = Int32)], CommandType='"Text"', CommandTimeout='30']
SELECT TOP(1) [b].[Id], [b].[ClassActive], [b].[Code], [b].[Content], [b].[Delete], [b].[Language], [b].[Name], [b].[PortalId], [b].[Status], [b].[Template], [b].[Type]
FROM [Banner] AS [b]
WHERE [b].[Code] = @__code_0 AND [b].[Delete] = CAST(0 AS bit) AND [b].[Language] = @__language_1 AND [b].[PortalId] = @__portalId_2 AND [b].[Type] = 0
2025-10-29 16:21:47.755 +07:00 [INF] Executed DbCommand (11ms) [Parameters=[@__code_0='?' (Size = 4000), @__language_1='?' (Size = 10), @__portalId_2='?' (DbType = Int32)], CommandType='"Text"', CommandTimeout='30']
SELECT TOP(1) [s].[Id], [s].[Code], [s].[Content], [s].[Data], [s].[Delete], [s].[Language], [s].[Name], [s].[ParentId], [s].[PortalId], [s].[Status]
FROM [StaticInformation] AS [s]
WHERE [s].[Code] = @__code_0 AND [s].[Delete] = CAST(0 AS bit) AND [s].[Language] = @__language_1 AND [s].[PortalId] = @__portalId_2
2025-10-29 16:21:47.777 +07:00 [INF] Executed DbCommand (10ms) [Parameters=[@__code_0='?' (Size = 4000), @__language_1='?' (Size = 4000), @__portalId_2='?' (DbType = Int32)], CommandType='"Text"', CommandTimeout='30']
SELECT TOP(1) [b].[Id], [b].[ClassActive], [b].[Code], [b].[Content], [b].[Delete], [b].[Language], [b].[Name], [b].[PortalId], [b].[Status], [b].[Template], [b].[Type]
FROM [Banner] AS [b]
WHERE [b].[Code] = @__code_0 AND [b].[Delete] = CAST(0 AS bit) AND [b].[Language] = @__language_1 AND [b].[PortalId] = @__portalId_2 AND [b].[Type] = 1
2025-10-29 16:21:47.793 +07:00 [INF] Executed DbCommand (10ms) [Parameters=[@__code_0='?' (Size = 4000), @__language_1='?' (Size = 10), @__portalId_2='?' (DbType = Int32)], CommandType='"Text"', CommandTimeout='30']
SELECT TOP(1) [s].[Id], [s].[Code], [s].[Content], [s].[Data], [s].[Delete], [s].[Language], [s].[Name], [s].[ParentId], [s].[PortalId], [s].[Status]
FROM [StaticInformation] AS [s]
WHERE [s].[Code] = @__code_0 AND [s].[Delete] = CAST(0 AS bit) AND [s].[Language] = @__language_1 AND [s].[PortalId] = @__portalId_2
2025-10-29 16:21:47.808 +07:00 [INF] Executed DbCommand (10ms) [Parameters=[@__code_0='?' (Size = 4000), @__language_1='?' (Size = 4000), @__portalId_2='?' (DbType = Int32)], CommandType='"Text"', CommandTimeout='30']
SELECT TOP(1) [b].[Id], [b].[ClassActive], [b].[Code], [b].[Content], [b].[Delete], [b].[Language], [b].[Name], [b].[PortalId], [b].[Status], [b].[Template], [b].[Type]
FROM [Banner] AS [b]
WHERE [b].[Code] = @__code_0 AND [b].[Delete] = CAST(0 AS bit) AND [b].[Language] = @__language_1 AND [b].[PortalId] = @__portalId_2 AND [b].[Type] = 0
2025-10-29 16:21:47.824 +07:00 [INF] Executed DbCommand (11ms) [Parameters=[@__code_0='?' (Size = 4000), @__language_1='?' (Size = 4000), @__portalId_2='?' (DbType = Int32)], CommandType='"Text"', CommandTimeout='30']
SELECT TOP(1) [b].[Id], [b].[ClassActive], [b].[Code], [b].[Content], [b].[Delete], [b].[Language], [b].[Name], [b].[PortalId], [b].[Status], [b].[Template], [b].[Type]
FROM [Banner] AS [b]
WHERE [b].[Code] = @__code_0 AND [b].[Delete] = CAST(0 AS bit) AND [b].[Language] = @__language_1 AND [b].[PortalId] = @__portalId_2 AND [b].[Type] = 0
2025-10-29 16:21:47.859 +07:00 [INF] Executed DbCommand (18ms) [Parameters=[@__code_0='?' (Size = 4000), @__language_1='?' (Size = 4000), @__portalId_2='?' (DbType = Int32)], CommandType='"Text"', CommandTimeout='30']
SELECT TOP(1) [b].[Id], [b].[ClassActive], [b].[Code], [b].[Content], [b].[Delete], [b].[Language], [b].[Name], [b].[PortalId], [b].[Status], [b].[Template], [b].[Type]
FROM [Banner] AS [b]
WHERE [b].[Code] = @__code_0 AND [b].[Delete] = CAST(0 AS bit) AND [b].[Language] = @__language_1 AND [b].[PortalId] = @__portalId_2 AND [b].[Type] = 1
2025-10-29 16:21:47.897 +07:00 [INF] Executed DbCommand (10ms) [Parameters=[@__code_0='?' (Size = 4000), @__language_1='?' (Size = 10), @__portalId_2='?' (DbType = Int32)], CommandType='"Text"', CommandTimeout='30']
SELECT TOP(1) [s].[Id], [s].[Code], [s].[Content], [s].[Data], [s].[Delete], [s].[Language], [s].[Name], [s].[ParentId], [s].[PortalId], [s].[Status]
FROM [StaticInformation] AS [s]
WHERE [s].[Code] = @__code_0 AND [s].[Delete] = CAST(0 AS bit) AND [s].[Language] = @__language_1 AND [s].[PortalId] = @__portalId_2
2025-10-29 16:21:47.917 +07:00 [INF] Executed DbCommand (11ms) [Parameters=[@__code_0='?' (Size = 4000), @__language_1='?' (Size = 4000), @__portalId_2='?' (DbType = Int32)], CommandType='"Text"', CommandTimeout='30']
SELECT TOP(1) [m].[Id], [m].[Code], [m].[Content], [m].[Delete], [m].[HasChildrentClass1], [m].[HasChildrentClass2], [m].[HasChildrentClass3], [m].[Language], [m].[Name], [m].[PortalId], [m].[Status], [m].[Template], [m].[Template1], [m].[Template2], [m].[Template3]
FROM [Menu] AS [m]
WHERE [m].[Code] = @__code_0 AND [m].[Delete] = CAST(0 AS bit) AND [m].[Language] = @__language_1 AND [m].[PortalId] = @__portalId_2
2025-10-29 16:21:47.937 +07:00 [INF] Executed DbCommand (15ms) [Parameters=[@__code_0='?' (Size = 4000), @__language_1='?' (Size = 10), @__portalId_2='?' (DbType = Int32)], CommandType='"Text"', CommandTimeout='30']
SELECT TOP(1) [s].[Id], [s].[Code], [s].[Content], [s].[Data], [s].[Delete], [s].[Language], [s].[Name], [s].[ParentId], [s].[PortalId], [s].[Status]
FROM [StaticInformation] AS [s]
WHERE [s].[Code] = @__code_0 AND [s].[Delete] = CAST(0 AS bit) AND [s].[Language] = @__language_1 AND [s].[PortalId] = @__portalId_2
2025-10-29 16:21:47.951 +07:00 [INF] Executed DbCommand (10ms) [Parameters=[@__code_0='?' (Size = 4000), @__language_1='?' (Size = 10), @__portalId_2='?' (DbType = Int32)], CommandType='"Text"', CommandTimeout='30']
SELECT TOP(1) [s].[Id], [s].[Code], [s].[Content], [s].[Data], [s].[Delete], [s].[Language], [s].[Name], [s].[ParentId], [s].[PortalId], [s].[Status]
FROM [StaticInformation] AS [s]
WHERE [s].[Code] = @__code_0 AND [s].[Delete] = CAST(0 AS bit) AND [s].[Language] = @__language_1 AND [s].[PortalId] = @__portalId_2
2025-10-29 16:21:47.965 +07:00 [INF] Executed DbCommand (10ms) [Parameters=[@__code_0='?' (Size = 4000), @__language_1='?' (Size = 4000), @__portalId_2='?' (DbType = Int32)], CommandType='"Text"', CommandTimeout='30']
SELECT TOP(1) [m].[Id], [m].[Code], [m].[Content], [m].[Delete], [m].[HasChildrentClass1], [m].[HasChildrentClass2], [m].[HasChildrentClass3], [m].[Language], [m].[Name], [m].[PortalId], [m].[Status], [m].[Template], [m].[Template1], [m].[Template2], [m].[Template3]
FROM [Menu] AS [m]
WHERE [m].[Code] = @__code_0 AND [m].[Delete] = CAST(0 AS bit) AND [m].[Language] = @__language_1 AND [m].[PortalId] = @__portalId_2
2025-10-29 16:21:47.992 +07:00 [INF] Executed ViewResult - view Index executed in 315.5511ms.
2025-10-29 16:21:47.994 +07:00 [INF] Executed action PT.UI.Controllers.HomeController.Index (PT.UI) in 346.3121ms
2025-10-29 16:21:48.003 +07:00 [INF] Request finished HTTP/2 GET https://localhost:44372/ - 200 null text/html; charset=utf-8 1585.1813ms
2025-10-29 16:21:48.134 +07:00 [INF] Request starting HTTP/2 GET https://localhost:44372/_framework/aspnetcore-browser-refresh.js - null null
2025-10-29 16:21:48.135 +07:00 [INF] Request starting HTTP/2 GET https://localhost:44372/_vs/browserLink - null null
2025-10-29 16:21:48.136 +07:00 [INF] Request finished HTTP/2 GET https://localhost:44372/_framework/aspnetcore-browser-refresh.js - 200 16495 application/javascript; charset=utf-8 2.0763ms
2025-10-29 16:21:48.156 +07:00 [INF] Request finished HTTP/2 GET https://localhost:44372/_vs/browserLink - 200 null text/javascript; charset=UTF-8 21.2749ms
2025-10-29 16:21:48.876 +07:00 [INF] Request starting HTTP/2 GET https://localhost:44372/favicon.ico - null null
2025-10-29 16:21:48.880 +07:00 [INF] Request finished HTTP/2 GET https://localhost:44372/favicon.ico - 404 null null 4.554ms
2025-10-29 16:21:48.881 +07:00 [INF] Request reached the end of the middleware pipeline without being handled by application code. Request path: GET https://localhost:44372/favicon.ico, Response status code: 404
2025-10-29 16:23:25.135 +07:00 [INF] Request starting HTTP/2 GET https://localhost:44372/ - null null
2025-10-29 16:23:25.144 +07:00 [INF] Route matched with {action = "Index", controller = "Home"}. Executing controller action with signature Microsoft.AspNetCore.Mvc.IActionResult Index(System.String, Int32) on controller PT.UI.Controllers.HomeController (PT.UI).
2025-10-29 16:23:25.146 +07:00 [INF] Executing ViewResult, running view Index.
2025-10-29 16:23:25.149 +07:00 [INF] Executed ViewResult - view Index executed in 3.4887ms.
2025-10-29 16:23:25.149 +07:00 [INF] Executed action PT.UI.Controllers.HomeController.Index (PT.UI) in 4.6731ms
2025-10-29 16:23:25.150 +07:00 [INF] Request finished HTTP/2 GET https://localhost:44372/ - 200 null text/html; charset=utf-8 15.4046ms
2025-10-29 16:23:25.181 +07:00 [INF] Request starting HTTP/2 GET https://localhost:44372/_framework/aspnetcore-browser-refresh.js - null null
2025-10-29 16:23:25.182 +07:00 [INF] Request finished HTTP/2 GET https://localhost:44372/_framework/aspnetcore-browser-refresh.js - 200 16495 application/javascript; charset=utf-8 0.8455ms
2025-10-29 16:23:25.182 +07:00 [INF] Request starting HTTP/2 GET https://localhost:44372/_vs/browserLink - null null
2025-10-29 16:23:25.192 +07:00 [INF] Request finished HTTP/2 GET https://localhost:44372/_vs/browserLink - 200 null text/javascript; charset=UTF-8 9.8028ms
2025-10-29 16:23:39.645 +07:00 [INF] Request starting HTTP/2 GET https://localhost:44372/ - null null
2025-10-29 16:23:39.649 +07:00 [INF] Route matched with {action = "Index", controller = "Home"}. Executing controller action with signature Microsoft.AspNetCore.Mvc.IActionResult Index(System.String, Int32) on controller PT.UI.Controllers.HomeController (PT.UI).
2025-10-29 16:23:39.651 +07:00 [INF] Executing ViewResult, running view Index.
2025-10-29 16:23:39.653 +07:00 [INF] Executed ViewResult - view Index executed in 1.7283ms.
2025-10-29 16:23:39.653 +07:00 [INF] Executed action PT.UI.Controllers.HomeController.Index (PT.UI) in 3.338ms
2025-10-29 16:23:39.653 +07:00 [INF] Request finished HTTP/2 GET https://localhost:44372/ - 200 null text/html; charset=utf-8 8.3767ms
2025-10-29 16:23:39.688 +07:00 [INF] Request starting HTTP/2 GET https://localhost:44372/_framework/aspnetcore-browser-refresh.js - null null
2025-10-29 16:23:39.688 +07:00 [INF] Request finished HTTP/2 GET https://localhost:44372/_framework/aspnetcore-browser-refresh.js - 200 16495 application/javascript; charset=utf-8 0.721ms
2025-10-29 16:23:39.688 +07:00 [INF] Request starting HTTP/2 GET https://localhost:44372/_vs/browserLink - null null
2025-10-29 16:23:39.696 +07:00 [INF] Request finished HTTP/2 GET https://localhost:44372/_vs/browserLink - 200 null text/javascript; charset=UTF-8 7.4605ms
2025-10-29 16:23:41.387 +07:00 [INF] Request starting HTTP/2 GET https://localhost:44372/ - null null
2025-10-29 16:23:41.389 +07:00 [INF] Route matched with {action = "Index", controller = "Home"}. Executing controller action with signature Microsoft.AspNetCore.Mvc.IActionResult Index(System.String, Int32) on controller PT.UI.Controllers.HomeController (PT.UI).
2025-10-29 16:23:41.389 +07:00 [INF] Executing ViewResult, running view Index.
2025-10-29 16:23:41.390 +07:00 [INF] Executed ViewResult - view Index executed in 1.0297ms.
2025-10-29 16:23:41.390 +07:00 [INF] Executed action PT.UI.Controllers.HomeController.Index (PT.UI) in 1.2453ms
2025-10-29 16:23:41.391 +07:00 [INF] Request finished HTTP/2 GET https://localhost:44372/ - 200 null text/html; charset=utf-8 3.999ms
2025-10-29 16:23:41.421 +07:00 [INF] Request starting HTTP/2 GET https://localhost:44372/_framework/aspnetcore-browser-refresh.js - null null
2025-10-29 16:23:41.422 +07:00 [INF] Request starting HTTP/2 GET https://localhost:44372/_vs/browserLink - null null
2025-10-29 16:23:41.422 +07:00 [INF] Request finished HTTP/2 GET https://localhost:44372/_framework/aspnetcore-browser-refresh.js - 200 16495 application/javascript; charset=utf-8 0.7092ms
2025-10-29 16:23:41.427 +07:00 [INF] Request finished HTTP/2 GET https://localhost:44372/_vs/browserLink - 200 null text/javascript; charset=UTF-8 5.2383ms
2025-10-29 16:23:54.281 +07:00 [INF] Request starting HTTP/2 GET https://localhost:44372/ - null null
2025-10-29 16:23:54.329 +07:00 [INF] Application started. Press Ctrl+C to shut down.
2025-10-29 16:23:54.329 +07:00 [INF] Hosting environment: Development
2025-10-29 16:23:54.329 +07:00 [INF] Content root path: D:\CongViec\Job\2025\5.Fiingroup-website\6.FE\Portal2
2025-10-29 16:23:55.420 +07:00 [INF] Executed DbCommand (33ms) [Parameters=[@__slug_0='?' (Size = 4000), @__language_1='?' (Size = 10), @__baseSettings_Value_PortalId_2='?' (DbType = Int32)], CommandType='"Text"', CommandTimeout='30']
SELECT TOP(1) [l].[Id], [l].[Acction], [l].[Area], [l].[Changefreq], [l].[Controller], [l].[Delete], [l].[Description], [l].[FacebookBanner], [l].[FacebookDescription], [l].[FocusKeywords], [l].[GooglePlusDescription], [l].[IncludeSitemap], [l].[IsStatic], [l].[Keywords], [l].[Language], [l].[Lastmod], [l].[MetaRobotsAdvance], [l].[MetaRobotsFollow], [l].[MetaRobotsIndex], [l].[Name], [l].[ObjectId], [l].[Parrams], [l].[PortalId], [l].[Priority], [l].[Redirect301], [l].[Slug], [l].[Status], [l].[Title], [l].[Type]
FROM [Link] AS [l]
WHERE [l].[Slug] = @__slug_0 AND [l].[Language] = @__language_1 AND [l].[PortalId] = @__baseSettings_Value_PortalId_2
2025-10-29 16:23:55.500 +07:00 [INF] Route matched with {action = "Index", controller = "Home"}. Executing controller action with signature Microsoft.AspNetCore.Mvc.IActionResult Index(System.String, Int32) on controller PT.UI.Controllers.HomeController (PT.UI).
2025-10-29 16:23:55.533 +07:00 [INF] Executing ViewResult, running view Index.
2025-10-29 16:23:55.578 +07:00 [INF] Executed DbCommand (12ms) [Parameters=[@__code_0='?' (Size = 4000), @__language_1='?' (Size = 4000), @__portalId_2='?' (DbType = Int32)], CommandType='"Text"', CommandTimeout='30']
SELECT TOP(1) [b].[Id], [b].[ClassActive], [b].[Code], [b].[Content], [b].[Delete], [b].[Language], [b].[Name], [b].[PortalId], [b].[Status], [b].[Template], [b].[Type]
FROM [Banner] AS [b]
WHERE [b].[Code] = @__code_0 AND [b].[Delete] = CAST(0 AS bit) AND [b].[Language] = @__language_1 AND [b].[PortalId] = @__portalId_2 AND [b].[Type] = 0
2025-10-29 16:23:55.605 +07:00 [INF] Executed DbCommand (11ms) [Parameters=[@__code_0='?' (Size = 4000), @__language_1='?' (Size = 10), @__portalId_2='?' (DbType = Int32)], CommandType='"Text"', CommandTimeout='30']
SELECT TOP(1) [s].[Id], [s].[Code], [s].[Content], [s].[Data], [s].[Delete], [s].[Language], [s].[Name], [s].[ParentId], [s].[PortalId], [s].[Status]
FROM [StaticInformation] AS [s]
WHERE [s].[Code] = @__code_0 AND [s].[Delete] = CAST(0 AS bit) AND [s].[Language] = @__language_1 AND [s].[PortalId] = @__portalId_2
2025-10-29 16:23:55.627 +07:00 [INF] Executed DbCommand (11ms) [Parameters=[@__code_0='?' (Size = 4000), @__language_1='?' (Size = 4000), @__portalId_2='?' (DbType = Int32)], CommandType='"Text"', CommandTimeout='30']
SELECT TOP(1) [b].[Id], [b].[ClassActive], [b].[Code], [b].[Content], [b].[Delete], [b].[Language], [b].[Name], [b].[PortalId], [b].[Status], [b].[Template], [b].[Type]
FROM [Banner] AS [b]
WHERE [b].[Code] = @__code_0 AND [b].[Delete] = CAST(0 AS bit) AND [b].[Language] = @__language_1 AND [b].[PortalId] = @__portalId_2 AND [b].[Type] = 1
2025-10-29 16:23:55.644 +07:00 [INF] Executed DbCommand (11ms) [Parameters=[@__code_0='?' (Size = 4000), @__language_1='?' (Size = 10), @__portalId_2='?' (DbType = Int32)], CommandType='"Text"', CommandTimeout='30']
SELECT TOP(1) [s].[Id], [s].[Code], [s].[Content], [s].[Data], [s].[Delete], [s].[Language], [s].[Name], [s].[ParentId], [s].[PortalId], [s].[Status]
FROM [StaticInformation] AS [s]
WHERE [s].[Code] = @__code_0 AND [s].[Delete] = CAST(0 AS bit) AND [s].[Language] = @__language_1 AND [s].[PortalId] = @__portalId_2
2025-10-29 16:23:55.659 +07:00 [INF] Executed DbCommand (11ms) [Parameters=[@__code_0='?' (Size = 4000), @__language_1='?' (Size = 4000), @__portalId_2='?' (DbType = Int32)], CommandType='"Text"', CommandTimeout='30']
SELECT TOP(1) [b].[Id], [b].[ClassActive], [b].[Code], [b].[Content], [b].[Delete], [b].[Language], [b].[Name], [b].[PortalId], [b].[Status], [b].[Template], [b].[Type]
FROM [Banner] AS [b]
WHERE [b].[Code] = @__code_0 AND [b].[Delete] = CAST(0 AS bit) AND [b].[Language] = @__language_1 AND [b].[PortalId] = @__portalId_2 AND [b].[Type] = 0
2025-10-29 16:23:55.675 +07:00 [INF] Executed DbCommand (12ms) [Parameters=[@__code_0='?' (Size = 4000), @__language_1='?' (Size = 4000), @__portalId_2='?' (DbType = Int32)], CommandType='"Text"', CommandTimeout='30']
SELECT TOP(1) [b].[Id], [b].[ClassActive], [b].[Code], [b].[Content], [b].[Delete], [b].[Language], [b].[Name], [b].[PortalId], [b].[Status], [b].[Template], [b].[Type]
FROM [Banner] AS [b]
WHERE [b].[Code] = @__code_0 AND [b].[Delete] = CAST(0 AS bit) AND [b].[Language] = @__language_1 AND [b].[PortalId] = @__portalId_2 AND [b].[Type] = 0
2025-10-29 16:23:55.703 +07:00 [INF] Executed DbCommand (10ms) [Parameters=[@__code_0='?' (Size = 4000), @__language_1='?' (Size = 4000), @__portalId_2='?' (DbType = Int32)], CommandType='"Text"', CommandTimeout='30']
SELECT TOP(1) [b].[Id], [b].[ClassActive], [b].[Code], [b].[Content], [b].[Delete], [b].[Language], [b].[Name], [b].[PortalId], [b].[Status], [b].[Template], [b].[Type]
FROM [Banner] AS [b]
WHERE [b].[Code] = @__code_0 AND [b].[Delete] = CAST(0 AS bit) AND [b].[Language] = @__language_1 AND [b].[PortalId] = @__portalId_2 AND [b].[Type] = 1
2025-10-29 16:23:55.739 +07:00 [INF] Executed DbCommand (11ms) [Parameters=[@__code_0='?' (Size = 4000), @__language_1='?' (Size = 10), @__portalId_2='?' (DbType = Int32)], CommandType='"Text"', CommandTimeout='30']
SELECT TOP(1) [s].[Id], [s].[Code], [s].[Content], [s].[Data], [s].[Delete], [s].[Language], [s].[Name], [s].[ParentId], [s].[PortalId], [s].[Status]
FROM [StaticInformation] AS [s]
WHERE [s].[Code] = @__code_0 AND [s].[Delete] = CAST(0 AS bit) AND [s].[Language] = @__language_1 AND [s].[PortalId] = @__portalId_2
2025-10-29 16:23:55.759 +07:00 [INF] Executed DbCommand (11ms) [Parameters=[@__code_0='?' (Size = 4000), @__language_1='?' (Size = 4000), @__portalId_2='?' (DbType = Int32)], CommandType='"Text"', CommandTimeout='30']
SELECT TOP(1) [m].[Id], [m].[Code], [m].[Content], [m].[Delete], [m].[HasChildrentClass1], [m].[HasChildrentClass2], [m].[HasChildrentClass3], [m].[Language], [m].[Name], [m].[PortalId], [m].[Status], [m].[Template], [m].[Template1], [m].[Template2], [m].[Template3]
FROM [Menu] AS [m]
WHERE [m].[Code] = @__code_0 AND [m].[Delete] = CAST(0 AS bit) AND [m].[Language] = @__language_1 AND [m].[PortalId] = @__portalId_2
2025-10-29 16:23:55.775 +07:00 [INF] Executed DbCommand (11ms) [Parameters=[@__code_0='?' (Size = 4000), @__language_1='?' (Size = 10), @__portalId_2='?' (DbType = Int32)], CommandType='"Text"', CommandTimeout='30']
SELECT TOP(1) [s].[Id], [s].[Code], [s].[Content], [s].[Data], [s].[Delete], [s].[Language], [s].[Name], [s].[ParentId], [s].[PortalId], [s].[Status]
FROM [StaticInformation] AS [s]
WHERE [s].[Code] = @__code_0 AND [s].[Delete] = CAST(0 AS bit) AND [s].[Language] = @__language_1 AND [s].[PortalId] = @__portalId_2
2025-10-29 16:23:55.790 +07:00 [INF] Executed DbCommand (11ms) [Parameters=[@__code_0='?' (Size = 4000), @__language_1='?' (Size = 10), @__portalId_2='?' (DbType = Int32)], CommandType='"Text"', CommandTimeout='30']
SELECT TOP(1) [s].[Id], [s].[Code], [s].[Content], [s].[Data], [s].[Delete], [s].[Language], [s].[Name], [s].[ParentId], [s].[PortalId], [s].[Status]
FROM [StaticInformation] AS [s]
WHERE [s].[Code] = @__code_0 AND [s].[Delete] = CAST(0 AS bit) AND [s].[Language] = @__language_1 AND [s].[PortalId] = @__portalId_2
2025-10-29 16:23:55.804 +07:00 [INF] Executed DbCommand (10ms) [Parameters=[@__code_0='?' (Size = 4000), @__language_1='?' (Size = 4000), @__portalId_2='?' (DbType = Int32)], CommandType='"Text"', CommandTimeout='30']
SELECT TOP(1) [m].[Id], [m].[Code], [m].[Content], [m].[Delete], [m].[HasChildrentClass1], [m].[HasChildrentClass2], [m].[HasChildrentClass3], [m].[Language], [m].[Name], [m].[PortalId], [m].[Status], [m].[Template], [m].[Template1], [m].[Template2], [m].[Template3]
FROM [Menu] AS [m]
WHERE [m].[Code] = @__code_0 AND [m].[Delete] = CAST(0 AS bit) AND [m].[Language] = @__language_1 AND [m].[PortalId] = @__portalId_2
2025-10-29 16:23:55.829 +07:00 [INF] Executed ViewResult - view Index executed in 301.6068ms.
2025-10-29 16:23:55.831 +07:00 [INF] Executed action PT.UI.Controllers.HomeController.Index (PT.UI) in 330.4459ms
2025-10-29 16:23:55.839 +07:00 [INF] Request finished HTTP/2 GET https://localhost:44372/ - 200 null text/html; charset=utf-8 1561.3044ms
2025-10-29 16:23:55.964 +07:00 [INF] Request starting HTTP/2 GET https://localhost:44372/_framework/aspnetcore-browser-refresh.js - null null
2025-10-29 16:23:55.964 +07:00 [INF] Request starting HTTP/2 GET https://localhost:44372/_vs/browserLink - null null
2025-10-29 16:23:55.965 +07:00 [INF] Request finished HTTP/2 GET https://localhost:44372/_framework/aspnetcore-browser-refresh.js - 200 16495 application/javascript; charset=utf-8 1.7254ms
2025-10-29 16:23:55.985 +07:00 [INF] Request finished HTTP/2 GET https://localhost:44372/_vs/browserLink - 200 null text/javascript; charset=UTF-8 21.3476ms
2025-10-29 16:23:56.634 +07:00 [INF] Request starting HTTP/2 GET https://localhost:44372/favicon.ico - null null
2025-10-29 16:23:56.638 +07:00 [INF] Request finished HTTP/2 GET https://localhost:44372/favicon.ico - 404 null null 4.3625ms
2025-10-29 16:23:56.639 +07:00 [INF] Request reached the end of the middleware pipeline without being handled by application code. Request path: GET https://localhost:44372/favicon.ico, Response status code: 404
2025-10-29 16:24:12.537 +07:00 [INF] Request starting HTTP/2 GET https://localhost:44372/admin - null null
2025-10-29 16:24:12.542 +07:00 [INF] Request finished HTTP/2 GET https://localhost:44372/admin - 404 null null 5.2633ms
2025-10-29 16:24:12.543 +07:00 [INF] Request reached the end of the middleware pipeline without being handled by application code. Request path: GET https://localhost:44372/admin, Response status code: 404
2025-10-29 16:24:45.408 +07:00 [INF] Request starting HTTP/2 GET https://localhost:44372/ - null null
2025-10-29 16:24:45.566 +07:00 [INF] Application started. Press Ctrl+C to shut down.
2025-10-29 16:24:45.566 +07:00 [INF] Hosting environment: Development
2025-10-29 16:24:45.566 +07:00 [INF] Content root path: D:\CongViec\Job\2025\5.Fiingroup-website\6.FE\Portal2
2025-10-29 16:24:45.664 +07:00 [INF] Route matched with {area = "Base", action = "Index", controller = "Dashboard"}. Executing controller action with signature Microsoft.AspNetCore.Mvc.IActionResult Index() on controller PT.BE.Areas.Base.Controllers.DashboardController (PT.UI).
2025-10-29 16:24:46.672 +07:00 [INF] Executed DbCommand (35ms) [Parameters=[@__p_0='?' (DbType = Int32)], CommandType='"Text"', CommandTimeout='30']
SELECT TOP(1) [u].[Id], [u].[AccessFailedCount], [u].[Avatar], [u].[ConcurrencyStamp], [u].[CreatedDate], [u].[CreatedUserId], [u].[DisplayName], [u].[Email], [u].[EmailConfirmed], [u].[ExpirationResetPassword], [u].[ExpirationWrongPassword], [u].[IsLock], [u].[IsReLogin], [u].[IsSuperAdmin], [u].[LockoutEnabled], [u].[LockoutEnd], [u].[NormalizedEmail], [u].[NormalizedUserName], [u].[Note], [u].[NoteLock], [u].[NumberWrongPasswords], [u].[PasswordHash], [u].[PhoneNumber], [u].[PhoneNumberConfirmed], [u].[SecurityStamp], [u].[TwoFactorEnabled], [u].[UpdatedDate], [u].[UpdatedUserId], [u].[UserName]
FROM [adm].[User] AS [u]
WHERE [u].[Id] = @__p_0
2025-10-29 16:24:46.694 +07:00 [INF] AuthenticationScheme: Identity.Application signed out.
2025-10-29 16:24:46.695 +07:00 [INF] AuthenticationScheme: Identity.External signed out.
2025-10-29 16:24:46.696 +07:00 [INF] AuthenticationScheme: Identity.TwoFactorUserId signed out.
2025-10-29 16:24:46.697 +07:00 [INF] Authorization failed for the request at filter 'PT.Base.PermissionFilter'.
2025-10-29 16:24:46.697 +07:00 [INF] Executing RedirectResult, redirecting to /Login?ReturnUrl=%2F.
2025-10-29 16:24:46.700 +07:00 [INF] Executed action PT.BE.Areas.Base.Controllers.DashboardController.Index (PT.UI) in 1032.9023ms
2025-10-29 16:24:46.721 +07:00 [INF] Request finished HTTP/2 GET https://localhost:44372/ - 302 null null 1315.5373ms
2025-10-29 16:24:46.722 +07:00 [INF] Request starting HTTP/2 GET https://localhost:44372/Login?ReturnUrl=%2F - null null
2025-10-29 16:24:46.735 +07:00 [INF] Route matched with {area = "User", action = "Login", controller = "Account"}. Executing controller action with signature System.Threading.Tasks.Task`1[Microsoft.AspNetCore.Mvc.IActionResult] Login(System.String) on controller PT.BE.Areas.User.Controllers.AccountController (PT.UI).
2025-10-29 16:24:46.749 +07:00 [INF] AuthenticationScheme: Identity.External signed out.
2025-10-29 16:24:46.752 +07:00 [INF] Executing ViewResult, running view Login.
2025-10-29 16:24:46.817 +07:00 [INF] Executed ViewResult - view Login executed in 67.0877ms.
2025-10-29 16:24:46.817 +07:00 [INF] Executed action PT.BE.Areas.User.Controllers.AccountController.Login (PT.UI) in 82.4769ms
2025-10-29 16:24:46.819 +07:00 [INF] Request finished HTTP/2 GET https://localhost:44372/Login?ReturnUrl=%2F - 200 null text/html; charset=utf-8 96.4294ms
2025-10-29 16:24:46.850 +07:00 [INF] Request starting HTTP/2 GET https://localhost:44372/_framework/aspnetcore-browser-refresh.js - null null
2025-10-29 16:24:46.855 +07:00 [INF] Request finished HTTP/2 GET https://localhost:44372/_framework/aspnetcore-browser-refresh.js - 200 16495 application/javascript; charset=utf-8 4.9926ms
2025-10-29 16:24:46.928 +07:00 [INF] Request starting HTTP/2 GET https://localhost:44372/_vs/browserLink - null null
2025-10-29 16:24:46.956 +07:00 [INF] Request finished HTTP/2 GET https://localhost:44372/_vs/browserLink - 200 null text/javascript; charset=UTF-8 28.5247ms
2025-10-29 16:24:47.017 +07:00 [INF] Request starting HTTP/2 GET https://localhost:44372/Content/Admin/favicon.ico - null null
2025-10-29 16:24:47.020 +07:00 [INF] Request finished HTTP/2 GET https://localhost:44372/Content/Admin/favicon.ico - 404 null null 3.4491ms
2025-10-29 16:24:47.021 +07:00 [INF] Request reached the end of the middleware pipeline without being handled by application code. Request path: GET https://localhost:44372/Content/Admin/favicon.ico, Response status code: 404
2025-10-29 16:24:53.471 +07:00 [INF] Request starting HTTP/2 POST https://localhost:44372/Login?ReturnUrl=%2F - application/x-www-form-urlencoded 271
2025-10-29 16:24:53.478 +07:00 [INF] Route matched with {area = "User", action = "Login", controller = "Account"}. Executing controller action with signature System.Threading.Tasks.Task`1[Microsoft.AspNetCore.Mvc.IActionResult] Login(PT.Domain.Model.LoginViewModel, System.String) on controller PT.BE.Areas.User.Controllers.AccountController (PT.UI).
2025-10-29 16:24:53.570 +07:00 [INF] Executed DbCommand (13ms) [Parameters=[@__model_Username_0='?' (Size = 256)], CommandType='"Text"', CommandTimeout='30']
SELECT TOP(1) [u].[Id], [u].[AccessFailedCount], [u].[Avatar], [u].[ConcurrencyStamp], [u].[CreatedDate], [u].[CreatedUserId], [u].[DisplayName], [u].[Email], [u].[EmailConfirmed], [u].[ExpirationResetPassword], [u].[ExpirationWrongPassword], [u].[IsLock], [u].[IsReLogin], [u].[IsSuperAdmin], [u].[LockoutEnabled], [u].[LockoutEnd], [u].[NormalizedEmail], [u].[NormalizedUserName], [u].[Note], [u].[NoteLock], [u].[NumberWrongPasswords], [u].[PasswordHash], [u].[PhoneNumber], [u].[PhoneNumberConfirmed], [u].[SecurityStamp], [u].[TwoFactorEnabled], [u].[UpdatedDate], [u].[UpdatedUserId], [u].[UserName]
FROM [adm].[User] AS [u]
WHERE [u].[UserName] = @__model_Username_0
2025-10-29 16:24:53.663 +07:00 [INF] Executed DbCommand (11ms) [Parameters=[@__normalizedUserName_0='?' (Size = 256)], CommandType='"Text"', CommandTimeout='30']
SELECT TOP(1) [u].[Id], [u].[AccessFailedCount], [u].[Avatar], [u].[ConcurrencyStamp], [u].[CreatedDate], [u].[CreatedUserId], [u].[DisplayName], [u].[Email], [u].[EmailConfirmed], [u].[ExpirationResetPassword], [u].[ExpirationWrongPassword], [u].[IsLock], [u].[IsReLogin], [u].[IsSuperAdmin], [u].[LockoutEnabled], [u].[LockoutEnd], [u].[NormalizedEmail], [u].[NormalizedUserName], [u].[Note], [u].[NoteLock], [u].[NumberWrongPasswords], [u].[PasswordHash], [u].[PhoneNumber], [u].[PhoneNumberConfirmed], [u].[SecurityStamp], [u].[TwoFactorEnabled], [u].[UpdatedDate], [u].[UpdatedUserId], [u].[UserName]
FROM [adm].[User] AS [u]
WHERE [u].[NormalizedUserName] = @__normalizedUserName_0
2025-10-29 16:24:53.767 +07:00 [INF] Executed DbCommand (11ms) [Parameters=[@__user_Id_0='?' (DbType = Int32)], CommandType='"Text"', CommandTimeout='30']
SELECT [u].[Id], [u].[ClaimType], [u].[ClaimValue], [u].[UserId]
FROM [adm].[UserClaim] AS [u]
WHERE [u].[UserId] = @__user_Id_0
2025-10-29 16:24:53.789 +07:00 [INF] Executed DbCommand (10ms) [Parameters=[@__userId_0='?' (DbType = Int32)], CommandType='"Text"', CommandTimeout='30']
SELECT TOP(1) [r].[Id], [r].[ConcurrencyStamp], [r].[Description], [r].[Name], [r].[NormalizedName], [r].[Type]
FROM [adm].[Role] AS [r]
WHERE EXISTS (
    SELECT 1
    FROM [adm].[UserRole] AS [u]
    WHERE [u].[UserId] = @__userId_0 AND [u].[RoleId] = [r].[Id])
2025-10-29 16:24:53.792 +07:00 [INF] AuthenticationScheme: Identity.Application signed in.
2025-10-29 16:24:53.872 +07:00 [INF] Executed DbCommand (13ms) [Parameters=[@p28='?' (DbType = Int32), @p0='?' (DbType = Int32), @p1='?' (Size = 4000), @p2='?' (Size = 4000), @p29='?' (Size = 4000), @p3='?' (DbType = DateTime2), @p4='?' (DbType = Int32), @p5='?' (Size = 100), @p6='?' (Size = 256), @p7='?' (DbType = Boolean), @p8='?' (DbType = DateTime2), @p9='?' (DbType = DateTime2), @p10='?' (DbType = Boolean), @p11='?' (DbType = Boolean), @p12='?' (DbType = Boolean), @p13='?' (DbType = Boolean), @p14='?' (DbType = DateTimeOffset), @p15='?' (Size = 256), @p16='?' (Size = 256), @p17='?' (Size = 4000), @p18='?' (Size = 1000), @p19='?' (DbType = Int32), @p20='?' (Size = 4000), @p21='?' (Size = 4000), @p22='?' (DbType = Boolean), @p23='?' (Size = 4000), @p24='?' (DbType = Boolean), @p25='?' (DbType = DateTime2), @p26='?' (DbType = Int32), @p27='?' (Size = 256)], CommandType='"Text"', CommandTimeout='30']
SET IMPLICIT_TRANSACTIONS OFF;
SET NOCOUNT ON;
UPDATE [adm].[User] SET [AccessFailedCount] = @p0, [Avatar] = @p1, [ConcurrencyStamp] = @p2, [CreatedDate] = @p3, [CreatedUserId] = @p4, [DisplayName] = @p5, [Email] = @p6, [EmailConfirmed] = @p7, [ExpirationResetPassword] = @p8, [ExpirationWrongPassword] = @p9, [IsLock] = @p10, [IsReLogin] = @p11, [IsSuperAdmin] = @p12, [LockoutEnabled] = @p13, [LockoutEnd] = @p14, [NormalizedEmail] = @p15, [NormalizedUserName] = @p16, [Note] = @p17, [NoteLock] = @p18, [NumberWrongPasswords] = @p19, [PasswordHash] = @p20, [PhoneNumber] = @p21, [PhoneNumberConfirmed] = @p22, [SecurityStamp] = @p23, [TwoFactorEnabled] = @p24, [UpdatedDate] = @p25, [UpdatedUserId] = @p26, [UserName] = @p27
OUTPUT 1
WHERE [Id] = @p28 AND [ConcurrencyStamp] = @p29;
2025-10-29 16:24:53.880 +07:00 [INF] Executing RedirectResult, redirecting to /.
2025-10-29 16:24:53.880 +07:00 [INF] Executed action PT.BE.Areas.User.Controllers.AccountController.Login (PT.UI) in 401.993ms
2025-10-29 16:24:53.881 +07:00 [INF] Request finished HTTP/2 POST https://localhost:44372/Login?ReturnUrl=%2F - 302 null null 410.2771ms
2025-10-29 16:24:53.890 +07:00 [INF] Request starting HTTP/2 GET https://localhost:44372/ - null null
2025-10-29 16:24:53.894 +07:00 [INF] Route matched with {area = "Base", action = "Index", controller = "Dashboard"}. Executing controller action with signature Microsoft.AspNetCore.Mvc.IActionResult Index() on controller PT.BE.Areas.Base.Controllers.DashboardController (PT.UI).
2025-10-29 16:24:53.916 +07:00 [INF] Executed DbCommand (11ms) [Parameters=[@__p_0='?' (DbType = Int32)], CommandType='"Text"', CommandTimeout='30']
SELECT TOP(1) [u].[Id], [u].[AccessFailedCount], [u].[Avatar], [u].[ConcurrencyStamp], [u].[CreatedDate], [u].[CreatedUserId], [u].[DisplayName], [u].[Email], [u].[EmailConfirmed], [u].[ExpirationResetPassword], [u].[ExpirationWrongPassword], [u].[IsLock], [u].[IsReLogin], [u].[IsSuperAdmin], [u].[LockoutEnabled], [u].[LockoutEnd], [u].[NormalizedEmail], [u].[NormalizedUserName], [u].[Note], [u].[NoteLock], [u].[NumberWrongPasswords], [u].[PasswordHash], [u].[PhoneNumber], [u].[PhoneNumberConfirmed], [u].[SecurityStamp], [u].[TwoFactorEnabled], [u].[UpdatedDate], [u].[UpdatedUserId], [u].[UserName]
FROM [adm].[User] AS [u]
WHERE [u].[Id] = @__p_0
2025-10-29 16:24:53.917 +07:00 [INF] Executing ViewResult, running view Index.
2025-10-29 16:24:53.948 +07:00 [INF] Executed ViewResult - view Index executed in 31.2913ms.
2025-10-29 16:24:53.948 +07:00 [INF] Executed action PT.BE.Areas.Base.Controllers.DashboardController.Index (PT.UI) in 53.5864ms
2025-10-29 16:24:53.948 +07:00 [INF] Request finished HTTP/2 GET https://localhost:44372/ - 200 null text/html; charset=utf-8 57.7276ms
2025-10-29 16:24:53.979 +07:00 [INF] Request starting HTTP/2 GET https://localhost:44372/_framework/aspnetcore-browser-refresh.js - null null
2025-10-29 16:24:53.979 +07:00 [INF] Request finished HTTP/2 GET https://localhost:44372/_framework/aspnetcore-browser-refresh.js - 200 16495 application/javascript; charset=utf-8 0.7456ms
2025-10-29 16:24:53.989 +07:00 [INF] Request starting HTTP/2 GET https://localhost:44372/_vs/browserLink - null null
2025-10-29 16:24:53.999 +07:00 [INF] Request finished HTTP/2 GET https://localhost:44372/_vs/browserLink - 200 null text/javascript; charset=UTF-8 9.7061ms
2025-10-29 16:24:59.505 +07:00 [INF] Request starting HTTP/2 GET https://localhost:44372/Admin/Manager/CategoryManager - null null
2025-10-29 16:24:59.510 +07:00 [INF] Route matched with {area = "Manager", action = "Index", controller = "CategoryManager"}. Executing controller action with signature Microsoft.AspNetCore.Mvc.IActionResult Index() on controller PT.BE.Areas.User.Controllers.CategoryManagerController (PT.UI).
2025-10-29 16:24:59.523 +07:00 [INF] Executed DbCommand (11ms) [Parameters=[@__p_0='?' (DbType = Int32)], CommandType='"Text"', CommandTimeout='30']
SELECT TOP(1) [u].[Id], [u].[AccessFailedCount], [u].[Avatar], [u].[ConcurrencyStamp], [u].[CreatedDate], [u].[CreatedUserId], [u].[DisplayName], [u].[Email], [u].[EmailConfirmed], [u].[ExpirationResetPassword], [u].[ExpirationWrongPassword], [u].[IsLock], [u].[IsReLogin], [u].[IsSuperAdmin], [u].[LockoutEnabled], [u].[LockoutEnd], [u].[NormalizedEmail], [u].[NormalizedUserName], [u].[Note], [u].[NoteLock], [u].[NumberWrongPasswords], [u].[PasswordHash], [u].[PhoneNumber], [u].[PhoneNumberConfirmed], [u].[SecurityStamp], [u].[TwoFactorEnabled], [u].[UpdatedDate], [u].[UpdatedUserId], [u].[UserName]
FROM [adm].[User] AS [u]
WHERE [u].[Id] = @__p_0
2025-10-29 16:24:59.525 +07:00 [INF] Executing ViewResult, running view Index.
2025-10-29 16:24:59.535 +07:00 [INF] Executed ViewResult - view Index executed in 10.7239ms.
2025-10-29 16:24:59.535 +07:00 [INF] Executed action PT.BE.Areas.User.Controllers.CategoryManagerController.Index (PT.UI) in 25.2031ms
2025-10-29 16:24:59.535 +07:00 [INF] Request finished HTTP/2 GET https://localhost:44372/Admin/Manager/CategoryManager - 200 null text/html; charset=utf-8 30.7043ms
2025-10-29 16:24:59.573 +07:00 [INF] Request starting HTTP/2 GET https://localhost:44372/_framework/aspnetcore-browser-refresh.js - null null
2025-10-29 16:24:59.574 +07:00 [INF] Request finished HTTP/2 GET https://localhost:44372/_framework/aspnetcore-browser-refresh.js - 200 16495 application/javascript; charset=utf-8 0.7293ms
2025-10-29 16:24:59.588 +07:00 [INF] Request starting HTTP/2 GET https://localhost:44372/_vs/browserLink - null null
2025-10-29 16:24:59.594 +07:00 [INF] Request finished HTTP/2 GET https://localhost:44372/_vs/browserLink - 200 null text/javascript; charset=UTF-8 5.6877ms
2025-10-29 16:24:59.615 +07:00 [INF] Request starting HTTP/2 GET https://localhost:44372/Admin/Manager/CategoryManager/Setting?language=en - null null
2025-10-29 16:24:59.646 +07:00 [INF] Route matched with {area = "Manager", action = "Setting", controller = "CategoryManager"}. Executing controller action with signature System.Threading.Tasks.Task`1[Microsoft.AspNetCore.Mvc.IActionResult] Setting(System.String) on controller PT.BE.Areas.User.Controllers.CategoryManagerController (PT.UI).
2025-10-29 16:24:59.657 +07:00 [INF] Executed DbCommand (10ms) [Parameters=[@__p_0='?' (DbType = Int32)], CommandType='"Text"', CommandTimeout='30']
SELECT TOP(1) [u].[Id], [u].[AccessFailedCount], [u].[Avatar], [u].[ConcurrencyStamp], [u].[CreatedDate], [u].[CreatedUserId], [u].[DisplayName], [u].[Email], [u].[EmailConfirmed], [u].[ExpirationResetPassword], [u].[ExpirationWrongPassword], [u].[IsLock], [u].[IsReLogin], [u].[IsSuperAdmin], [u].[LockoutEnabled], [u].[LockoutEnd], [u].[NormalizedEmail], [u].[NormalizedUserName], [u].[Note], [u].[NoteLock], [u].[NumberWrongPasswords], [u].[PasswordHash], [u].[PhoneNumber], [u].[PhoneNumberConfirmed], [u].[SecurityStamp], [u].[TwoFactorEnabled], [u].[UpdatedDate], [u].[UpdatedUserId], [u].[UserName]
FROM [adm].[User] AS [u]
WHERE [u].[Id] = @__p_0
2025-10-29 16:24:59.679 +07:00 [INF] Executed DbCommand (13ms) [Parameters=[], CommandType='"Text"', CommandTimeout='30']
SELECT [p].[Id], [p].[Domain], [p].[Name]
FROM [Portal] AS [p]
2025-10-29 16:24:59.686 +07:00 [INF] Executing ViewResult, running view Setting.
2025-10-29 16:24:59.691 +07:00 [INF] Executed ViewResult - view Setting executed in 6.1947ms.
2025-10-29 16:24:59.691 +07:00 [INF] Executed action PT.BE.Areas.User.Controllers.CategoryManagerController.Setting (PT.UI) in 45.1708ms
2025-10-29 16:24:59.692 +07:00 [INF] Request finished HTTP/2 GET https://localhost:44372/Admin/Manager/CategoryManager/Setting?language=en - 200 null text/html; charset=utf-8 76.5218ms
2025-10-29 16:24:59.704 +07:00 [INF] Request starting HTTP/2 GET https://localhost:44372/Admin/Manager/CategoryManager/Categorys?language=en - null null
2025-10-29 16:24:59.710 +07:00 [INF] Route matched with {area = "Manager", action = "Categorys", controller = "CategoryManager"}. Executing controller action with signature System.Threading.Tasks.Task`1[System.String] Categorys(System.String) on controller PT.BE.Areas.User.Controllers.CategoryManagerController (PT.UI).
2025-10-29 16:24:59.797 +07:00 [INF] Executed DbCommand (10ms) [Parameters=[@__types_1='?' (Size = 4000), @__language_0='?' (Size = 10)], CommandType='"Text"', CommandTimeout='30']
SELECT [l0].[Id], [l0].[Acction], [l0].[Area], [l0].[Changefreq], [l0].[Controller], [l0].[Delete], [l0].[Description], [l0].[FacebookBanner], [l0].[FacebookDescription], [l0].[FocusKeywords], [l0].[GooglePlusDescription], [l0].[IncludeSitemap], [l0].[IsStatic], [l0].[Keywords], [l0].[Language], [l0].[Lastmod], [l0].[MetaRobotsAdvance], [l0].[MetaRobotsFollow], [l0].[MetaRobotsIndex], [l0].[Name], [l0].[ObjectId], [l0].[Parrams], [l0].[PortalId], [l0].[Priority], [l0].[Redirect301], [l0].[Slug], [l0].[Status], [l0].[Title], [l0].[Type], [c].[Id], [c].[Banner], [c].[Content], [c].[Name], [c].[Language], [c].[Status], [c].[Order], [c].[ParentId], [c].[Type], [c].[Summary], [c].[Banner2], [c].[IsHome], [c].[PortalId]
FROM [Category] AS [c]
LEFT JOIN (
    SELECT [l].[Id], [l].[Acction], [l].[Area], [l].[Changefreq], [l].[Controller], [l].[Delete], [l].[Description], [l].[FacebookBanner], [l].[FacebookDescription], [l].[FocusKeywords], [l].[GooglePlusDescription], [l].[IncludeSitemap], [l].[IsStatic], [l].[Keywords], [l].[Language], [l].[Lastmod], [l].[MetaRobotsAdvance], [l].[MetaRobotsFollow], [l].[MetaRobotsIndex], [l].[Name], [l].[ObjectId], [l].[Parrams], [l].[PortalId], [l].[Priority], [l].[Redirect301], [l].[Slug], [l].[Status], [l].[Title], [l].[Type]
    FROM [Link] AS [l]
    WHERE [l].[Type] IN (
        SELECT [t].[value]
        FROM OPENJSON(@__types_1) WITH ([value] int '$') AS [t]
    ) AND [l].[Delete] = CAST(0 AS bit)
) AS [l0] ON [c].[Id] = [l0].[ObjectId]
WHERE [c].[Language] = @__language_0
2025-10-29 16:24:59.824 +07:00 [INF] Executed DbCommand (11ms) [Parameters=[@__listLink_0='?' (Size = 4000)], CommandType='"Text"', CommandTimeout='30']
SELECT [l].[Language], [l].[Id], [l].[LinkId2], [l].[LinkId1], [l1].[Id], [l1].[Acction], [l1].[Area], [l1].[Changefreq], [l1].[Controller], [l1].[Delete], [l1].[Description], [l1].[FacebookBanner], [l1].[FacebookDescription], [l1].[FocusKeywords], [l1].[GooglePlusDescription], [l1].[IncludeSitemap], [l1].[IsStatic], [l1].[Keywords], [l1].[Language], [l1].[Lastmod], [l1].[MetaRobotsAdvance], [l1].[MetaRobotsFollow], [l1].[MetaRobotsIndex], [l1].[Name], [l1].[ObjectId], [l1].[Parrams], [l1].[PortalId], [l1].[Priority], [l1].[Redirect301], [l1].[Slug], [l1].[Status], [l1].[Title], [l1].[Type]
FROM [LinkReference] AS [l]
LEFT JOIN [Link] AS [l1] ON [l].[LinkId2] = [l1].[Id]
WHERE [l].[LinkId1] IN (
    SELECT [l0].[value]
    FROM OPENJSON(@__listLink_0) WITH ([value] int '$') AS [l0]
)
2025-10-29 16:24:59.835 +07:00 [INF] Executed DbCommand (10ms) [Parameters=[], CommandType='"Text"', CommandTimeout='30']
SELECT [p].[Id], [p].[Domain], [p].[Name]
FROM [Portal] AS [p]
2025-10-29 16:24:59.838 +07:00 [INF] Executing ObjectResult, writing value of type 'System.String'.
2025-10-29 16:24:59.839 +07:00 [INF] Executed action PT.BE.Areas.User.Controllers.CategoryManagerController.Categorys (PT.UI) in 128.804ms
2025-10-29 16:24:59.839 +07:00 [INF] Request finished HTTP/2 GET https://localhost:44372/Admin/Manager/CategoryManager/Categorys?language=en - 200 null text/plain; charset=utf-8 134.8514ms
2025-10-29 16:25:00.954 +07:00 [INF] Request starting HTTP/2 GET https://localhost:44372/Admin/Manager/CategoryManager/Setting?language=vi - null null
2025-10-29 16:25:00.955 +07:00 [INF] Route matched with {area = "Manager", action = "Setting", controller = "CategoryManager"}. Executing controller action with signature System.Threading.Tasks.Task`1[Microsoft.AspNetCore.Mvc.IActionResult] Setting(System.String) on controller PT.BE.Areas.User.Controllers.CategoryManagerController (PT.UI).
2025-10-29 16:25:00.966 +07:00 [INF] Executed DbCommand (10ms) [Parameters=[@__p_0='?' (DbType = Int32)], CommandType='"Text"', CommandTimeout='30']
SELECT TOP(1) [u].[Id], [u].[AccessFailedCount], [u].[Avatar], [u].[ConcurrencyStamp], [u].[CreatedDate], [u].[CreatedUserId], [u].[DisplayName], [u].[Email], [u].[EmailConfirmed], [u].[ExpirationResetPassword], [u].[ExpirationWrongPassword], [u].[IsLock], [u].[IsReLogin], [u].[IsSuperAdmin], [u].[LockoutEnabled], [u].[LockoutEnd], [u].[NormalizedEmail], [u].[NormalizedUserName], [u].[Note], [u].[NoteLock], [u].[NumberWrongPasswords], [u].[PasswordHash], [u].[PhoneNumber], [u].[PhoneNumberConfirmed], [u].[SecurityStamp], [u].[TwoFactorEnabled], [u].[UpdatedDate], [u].[UpdatedUserId], [u].[UserName]
FROM [adm].[User] AS [u]
WHERE [u].[Id] = @__p_0
2025-10-29 16:25:00.976 +07:00 [INF] Executed DbCommand (10ms) [Parameters=[], CommandType='"Text"', CommandTimeout='30']
SELECT [p].[Id], [p].[Domain], [p].[Name]
FROM [Portal] AS [p]
2025-10-29 16:25:00.977 +07:00 [INF] Executing ViewResult, running view Setting.
2025-10-29 16:25:00.977 +07:00 [INF] Executed ViewResult - view Setting executed in 0.7352ms.
2025-10-29 16:25:00.977 +07:00 [INF] Executed action PT.BE.Areas.User.Controllers.CategoryManagerController.Setting (PT.UI) in 22.2995ms
2025-10-29 16:25:00.977 +07:00 [INF] Request finished HTTP/2 GET https://localhost:44372/Admin/Manager/CategoryManager/Setting?language=vi - 200 null text/html; charset=utf-8 23.2443ms
2025-10-29 16:25:00.989 +07:00 [INF] Request starting HTTP/2 GET https://localhost:44372/Admin/Manager/CategoryManager/Categorys?language=vi - null null
2025-10-29 16:25:00.989 +07:00 [INF] Route matched with {area = "Manager", action = "Categorys", controller = "CategoryManager"}. Executing controller action with signature System.Threading.Tasks.Task`1[System.String] Categorys(System.String) on controller PT.BE.Areas.User.Controllers.CategoryManagerController (PT.UI).
2025-10-29 16:25:01.002 +07:00 [INF] Executed DbCommand (11ms) [Parameters=[@__types_1='?' (Size = 4000), @__language_0='?' (Size = 10)], CommandType='"Text"', CommandTimeout='30']
SELECT [l0].[Id], [l0].[Acction], [l0].[Area], [l0].[Changefreq], [l0].[Controller], [l0].[Delete], [l0].[Description], [l0].[FacebookBanner], [l0].[FacebookDescription], [l0].[FocusKeywords], [l0].[GooglePlusDescription], [l0].[IncludeSitemap], [l0].[IsStatic], [l0].[Keywords], [l0].[Language], [l0].[Lastmod], [l0].[MetaRobotsAdvance], [l0].[MetaRobotsFollow], [l0].[MetaRobotsIndex], [l0].[Name], [l0].[ObjectId], [l0].[Parrams], [l0].[PortalId], [l0].[Priority], [l0].[Redirect301], [l0].[Slug], [l0].[Status], [l0].[Title], [l0].[Type], [c].[Id], [c].[Banner], [c].[Content], [c].[Name], [c].[Language], [c].[Status], [c].[Order], [c].[ParentId], [c].[Type], [c].[Summary], [c].[Banner2], [c].[IsHome], [c].[PortalId]
FROM [Category] AS [c]
LEFT JOIN (
    SELECT [l].[Id], [l].[Acction], [l].[Area], [l].[Changefreq], [l].[Controller], [l].[Delete], [l].[Description], [l].[FacebookBanner], [l].[FacebookDescription], [l].[FocusKeywords], [l].[GooglePlusDescription], [l].[IncludeSitemap], [l].[IsStatic], [l].[Keywords], [l].[Language], [l].[Lastmod], [l].[MetaRobotsAdvance], [l].[MetaRobotsFollow], [l].[MetaRobotsIndex], [l].[Name], [l].[ObjectId], [l].[Parrams], [l].[PortalId], [l].[Priority], [l].[Redirect301], [l].[Slug], [l].[Status], [l].[Title], [l].[Type]
    FROM [Link] AS [l]
    WHERE [l].[Type] IN (
        SELECT [t].[value]
        FROM OPENJSON(@__types_1) WITH ([value] int '$') AS [t]
    ) AND [l].[Delete] = CAST(0 AS bit)
) AS [l0] ON [c].[Id] = [l0].[ObjectId]
WHERE [c].[Language] = @__language_0
2025-10-29 16:25:01.051 +07:00 [INF] Executed DbCommand (11ms) [Parameters=[@__listLink_0='?' (Size = 4000)], CommandType='"Text"', CommandTimeout='30']
SELECT [l].[Language], [l].[Id], [l].[LinkId2], [l].[LinkId1], [l1].[Id], [l1].[Acction], [l1].[Area], [l1].[Changefreq], [l1].[Controller], [l1].[Delete], [l1].[Description], [l1].[FacebookBanner], [l1].[FacebookDescription], [l1].[FocusKeywords], [l1].[GooglePlusDescription], [l1].[IncludeSitemap], [l1].[IsStatic], [l1].[Keywords], [l1].[Language], [l1].[Lastmod], [l1].[MetaRobotsAdvance], [l1].[MetaRobotsFollow], [l1].[MetaRobotsIndex], [l1].[Name], [l1].[ObjectId], [l1].[Parrams], [l1].[PortalId], [l1].[Priority], [l1].[Redirect301], [l1].[Slug], [l1].[Status], [l1].[Title], [l1].[Type]
FROM [LinkReference] AS [l]
LEFT JOIN [Link] AS [l1] ON [l].[LinkId2] = [l1].[Id]
WHERE [l].[LinkId1] IN (
    SELECT [l0].[value]
    FROM OPENJSON(@__listLink_0) WITH ([value] int '$') AS [l0]
)
2025-10-29 16:25:01.061 +07:00 [INF] Executed DbCommand (10ms) [Parameters=[], CommandType='"Text"', CommandTimeout='30']
SELECT [p].[Id], [p].[Domain], [p].[Name]
FROM [Portal] AS [p]
2025-10-29 16:25:01.064 +07:00 [INF] Executing ObjectResult, writing value of type 'System.String'.
2025-10-29 16:25:01.065 +07:00 [INF] Executed action PT.BE.Areas.User.Controllers.CategoryManagerController.Categorys (PT.UI) in 76.108ms
2025-10-29 16:25:01.066 +07:00 [INF] Request finished HTTP/2 GET https://localhost:44372/Admin/Manager/CategoryManager/Categorys?language=vi - 200 null text/plain; charset=utf-8 77.0271ms
2025-10-29 16:26:20.582 +07:00 [INF] Request starting HTTP/2 GET https://localhost:44372/Admin/Manager/BlogManager - null null
2025-10-29 16:26:20.590 +07:00 [INF] Route matched with {area = "Manager", action = "Index", controller = "BlogManager"}. Executing controller action with signature System.Threading.Tasks.Task`1[Microsoft.AspNetCore.Mvc.IActionResult] Index() on controller PT.BE.Areas.Manager.Controllers.BlogManagerController (PT.UI).
2025-10-29 16:26:20.602 +07:00 [INF] Executed DbCommand (10ms) [Parameters=[@__p_0='?' (DbType = Int32)], CommandType='"Text"', CommandTimeout='30']
SELECT TOP(1) [u].[Id], [u].[AccessFailedCount], [u].[Avatar], [u].[ConcurrencyStamp], [u].[CreatedDate], [u].[CreatedUserId], [u].[DisplayName], [u].[Email], [u].[EmailConfirmed], [u].[ExpirationResetPassword], [u].[ExpirationWrongPassword], [u].[IsLock], [u].[IsReLogin], [u].[IsSuperAdmin], [u].[LockoutEnabled], [u].[LockoutEnd], [u].[NormalizedEmail], [u].[NormalizedUserName], [u].[Note], [u].[NoteLock], [u].[NumberWrongPasswords], [u].[PasswordHash], [u].[PhoneNumber], [u].[PhoneNumberConfirmed], [u].[SecurityStamp], [u].[TwoFactorEnabled], [u].[UpdatedDate], [u].[UpdatedUserId], [u].[UserName]
FROM [adm].[User] AS [u]
WHERE [u].[Id] = @__p_0
2025-10-29 16:26:20.632 +07:00 [INF] Executed DbCommand (22ms) [Parameters=[], CommandType='"Text"', CommandTimeout='30']
SELECT [p].[Id], [p].[Domain], [p].[Name]
FROM [Portal] AS [p]
2025-10-29 16:26:20.633 +07:00 [INF] Executing ViewResult, running view Index.
2025-10-29 16:26:20.667 +07:00 [INF] Executed ViewResult - view Index executed in 34.7884ms.
2025-10-29 16:26:20.668 +07:00 [INF] Executed action PT.BE.Areas.Manager.Controllers.BlogManagerController.Index (PT.UI) in 77.0487ms
2025-10-29 16:26:20.668 +07:00 [INF] Request finished HTTP/2 GET https://localhost:44372/Admin/Manager/BlogManager - 200 null text/html; charset=utf-8 86.5567ms
2025-10-29 16:26:20.711 +07:00 [INF] Request starting HTTP/2 GET https://localhost:44372/_framework/aspnetcore-browser-refresh.js - null null
2025-10-29 16:26:20.712 +07:00 [INF] Request finished HTTP/2 GET https://localhost:44372/_framework/aspnetcore-browser-refresh.js - 200 16495 application/javascript; charset=utf-8 0.7031ms
2025-10-29 16:26:20.713 +07:00 [INF] Request starting HTTP/2 GET https://localhost:44372/_vs/browserLink - null null
2025-10-29 16:26:20.719 +07:00 [INF] Request finished HTTP/2 GET https://localhost:44372/_vs/browserLink - 200 null text/javascript; charset=UTF-8 6.0263ms
2025-10-29 16:26:20.783 +07:00 [INF] Request starting HTTP/2 GET https://localhost:44372/Admin/Manager/BlogManager/SearchCategory?language=vi - null null
2025-10-29 16:26:20.784 +07:00 [INF] Request starting HTTP/2 GET https://localhost:44372/Admin/Manager/BlogManager/SearchTag?language=vi&portalId= - null null
2025-10-29 16:26:20.789 +07:00 [INF] Route matched with {area = "Manager", action = "SearchCategory", controller = "BlogManager"}. Executing controller action with signature System.Threading.Tasks.Task`1[System.Object] SearchCategory(System.String) on controller PT.BE.Areas.Manager.Controllers.BlogManagerController (PT.UI).
2025-10-29 16:26:20.790 +07:00 [INF] Route matched with {area = "Manager", action = "SearchTag", controller = "BlogManager"}. Executing controller action with signature System.Threading.Tasks.Task`1[System.Object] SearchTag(System.Nullable`1[System.Int32], System.String) on controller PT.BE.Areas.Manager.Controllers.BlogManagerController (PT.UI).
2025-10-29 16:26:20.799 +07:00 [INF] Request starting HTTP/2 POST https://localhost:44372/Admin/Manager/BlogManager - application/x-www-form-urlencoded; charset=UTF-8 102
2025-10-29 16:26:20.810 +07:00 [INF] Route matched with {area = "Manager", action = "Index", controller = "BlogManager"}. Executing controller action with signature System.Threading.Tasks.Task`1[Microsoft.AspNetCore.Mvc.IActionResult] IndexPost(System.Nullable`1[System.Int32], System.Nullable`1[System.Int32], System.String, System.Nullable`1[System.Int32], System.Nullable`1[System.Int32], System.Nullable`1[System.Boolean], System.Nullable`1[System.Int32], System.String, System.String, System.String) on controller PT.BE.Areas.Manager.Controllers.BlogManagerController (PT.UI).
2025-10-29 16:26:20.814 +07:00 [INF] Executed DbCommand (10ms) [Parameters=[@__language_0='?' (Size = 10)], CommandType='"Text"', CommandTimeout='30']
SELECT [t].[Id], [t].[Name], [t].[Language], [t].[Status]
FROM [Tag] AS [t]
WHERE [t].[Status] = CAST(1 AS bit) AND [t].[Language] = @__language_0
ORDER BY [t].[Name]
2025-10-29 16:26:20.815 +07:00 [INF] Executing ObjectResult, writing value of type 'System.Linq.Enumerable+ListSelectIterator`2[[PT.Domain.Model.Tag, PT.Domain, Version=1.0.0.0, Culture=neutral, PublicKeyToken=null],[Microsoft.AspNetCore.Mvc.Rendering.SelectListItem, Microsoft.AspNetCore.Mvc.ViewFeatures, Version=10.0.0.0, Culture=neutral, PublicKeyToken=adb9793829ddae60]]'.
2025-10-29 16:26:20.820 +07:00 [INF] Executed action PT.BE.Areas.Manager.Controllers.BlogManagerController.SearchTag (PT.UI) in 29.582ms
2025-10-29 16:26:20.820 +07:00 [INF] Request finished HTTP/2 GET https://localhost:44372/Admin/Manager/BlogManager/SearchTag?language=vi&portalId= - 200 null application/json; charset=utf-8 36.391ms
2025-10-29 16:26:20.862 +07:00 [INF] Executed DbCommand (11ms) [Parameters=[@__p_0='?' (DbType = Int32)], CommandType='"Text"', CommandTimeout='30']
SELECT TOP(1) [u].[Id], [u].[AccessFailedCount], [u].[Avatar], [u].[ConcurrencyStamp], [u].[CreatedDate], [u].[CreatedUserId], [u].[DisplayName], [u].[Email], [u].[EmailConfirmed], [u].[ExpirationResetPassword], [u].[ExpirationWrongPassword], [u].[IsLock], [u].[IsReLogin], [u].[IsSuperAdmin], [u].[LockoutEnabled], [u].[LockoutEnd], [u].[NormalizedEmail], [u].[NormalizedUserName], [u].[Note], [u].[NoteLock], [u].[NumberWrongPasswords], [u].[PasswordHash], [u].[PhoneNumber], [u].[PhoneNumberConfirmed], [u].[SecurityStamp], [u].[TwoFactorEnabled], [u].[UpdatedDate], [u].[UpdatedUserId], [u].[UserName]
FROM [adm].[User] AS [u]
WHERE [u].[Id] = @__p_0
2025-10-29 16:26:20.872 +07:00 [INF] Executed DbCommand (20ms) [Parameters=[@__types_1='?' (Size = 4000), @__language_0='?' (Size = 10)], CommandType='"Text"', CommandTimeout='30']
SELECT [l0].[Id], [l0].[Acction], [l0].[Area], [l0].[Changefreq], [l0].[Controller], [l0].[Delete], [l0].[Description], [l0].[FacebookBanner], [l0].[FacebookDescription], [l0].[FocusKeywords], [l0].[GooglePlusDescription], [l0].[IncludeSitemap], [l0].[IsStatic], [l0].[Keywords], [l0].[Language], [l0].[Lastmod], [l0].[MetaRobotsAdvance], [l0].[MetaRobotsFollow], [l0].[MetaRobotsIndex], [l0].[Name], [l0].[ObjectId], [l0].[Parrams], [l0].[PortalId], [l0].[Priority], [l0].[Redirect301], [l0].[Slug], [l0].[Status], [l0].[Title], [l0].[Type], [c].[Id], [c].[Banner], [c].[Content], [c].[Name], [c].[Language], [c].[Status], [c].[Order], [c].[ParentId], [c].[Type], [c].[Summary], [c].[Banner2], [c].[IsHome], [c].[PortalId]
FROM [Category] AS [c]
LEFT JOIN (
    SELECT [l].[Id], [l].[Acction], [l].[Area], [l].[Changefreq], [l].[Controller], [l].[Delete], [l].[Description], [l].[FacebookBanner], [l].[FacebookDescription], [l].[FocusKeywords], [l].[GooglePlusDescription], [l].[IncludeSitemap], [l].[IsStatic], [l].[Keywords], [l].[Language], [l].[Lastmod], [l].[MetaRobotsAdvance], [l].[MetaRobotsFollow], [l].[MetaRobotsIndex], [l].[Name], [l].[ObjectId], [l].[Parrams], [l].[PortalId], [l].[Priority], [l].[Redirect301], [l].[Slug], [l].[Status], [l].[Title], [l].[Type]
    FROM [Link] AS [l]
    WHERE [l].[Type] IN (
        SELECT [t].[value]
        FROM OPENJSON(@__types_1) WITH ([value] int '$') AS [t]
    ) AND [l].[Delete] = CAST(0 AS bit)
) AS [l0] ON [c].[Id] = [l0].[ObjectId]
WHERE [c].[Language] = @__language_0 AND [c].[Status] = CAST(1 AS bit) AND [c].[Type] = 1
2025-10-29 16:26:20.874 +07:00 [INF] Executing ObjectResult, writing value of type 'System.Collections.Generic.List`1[[Microsoft.AspNetCore.Mvc.Rendering.SelectListItem, Microsoft.AspNetCore.Mvc.ViewFeatures, Version=10.0.0.0, Culture=neutral, PublicKeyToken=adb9793829ddae60]]'.
2025-10-29 16:26:20.875 +07:00 [INF] Executed action PT.BE.Areas.Manager.Controllers.BlogManagerController.SearchCategory (PT.UI) in 85.0838ms
2025-10-29 16:26:20.875 +07:00 [INF] Request finished HTTP/2 GET https://localhost:44372/Admin/Manager/BlogManager/SearchCategory?language=vi - 200 null application/json; charset=utf-8 92.2478ms
2025-10-29 16:26:20.958 +07:00 [INF] Executed DbCommand (11ms) [Parameters=[@__DisabledTypes_1='?' (Size = 4000), @__language_2='?' (Size = 10), @__p_5='?' (DbType = Int32), @__p_6='?' (DbType = Int32)], CommandType='"Text"', CommandTimeout='30']
SELECT [l0].[Id], [l0].[Acction], [l0].[Area], [l0].[Changefreq], [l0].[Controller], [l0].[Delete], [l0].[Description], [l0].[FacebookBanner], [l0].[FacebookDescription], [l0].[FocusKeywords], [l0].[GooglePlusDescription], [l0].[IncludeSitemap], [l0].[IsStatic], [l0].[Keywords], [l0].[Language], [l0].[Lastmod], [l0].[MetaRobotsAdvance], [l0].[MetaRobotsFollow], [l0].[MetaRobotsIndex], [l0].[Name], [l0].[ObjectId], [l0].[Parrams], [l0].[PortalId], [l0].[Priority], [l0].[Redirect301], [l0].[Slug], [l0].[Status], [l0].[Title], [l0].[Type], [c].[Id], [c].[Author], [c].[Banner], [c].[CategoryId], [c].[Content], [c].[DatePosted], [c].[EndDate], [c].[IsHome], [c].[Language], [c].[Name], [c].[PortalId], [c].[Price], [c].[ServiceId], [c].[StartDate], [c].[Status], [c].[Summary], [c].[Type]
FROM [ContentPage] AS [c]
LEFT JOIN (
    SELECT [l].[Id], [l].[Acction], [l].[Area], [l].[Changefreq], [l].[Controller], [l].[Delete], [l].[Description], [l].[FacebookBanner], [l].[FacebookDescription], [l].[FocusKeywords], [l].[GooglePlusDescription], [l].[IncludeSitemap], [l].[IsStatic], [l].[Keywords], [l].[Language], [l].[Lastmod], [l].[MetaRobotsAdvance], [l].[MetaRobotsFollow], [l].[MetaRobotsIndex], [l].[Name], [l].[ObjectId], [l].[Parrams], [l].[PortalId], [l].[Priority], [l].[Redirect301], [l].[Slug], [l].[Status], [l].[Title], [l].[Type]
    FROM [Link] AS [l]
    WHERE [l].[Type] IN (3, 6, 4, 5, 12)
) AS [l0] ON [c].[Id] = [l0].[ObjectId]
WHERE [c].[Type] NOT IN (
    SELECT [d].[value]
    FROM OPENJSON(@__DisabledTypes_1) WITH ([value] int '$') AS [d]
) AND [c].[Language] = @__language_2
ORDER BY [c].[DatePosted]
OFFSET @__p_5 ROWS FETCH NEXT @__p_6 ROWS ONLY
2025-10-29 16:26:20.987 +07:00 [INF] Executed DbCommand (10ms) [Parameters=[@__blogIds_0='?' (Size = 4000)], CommandType='"Text"', CommandTimeout='30']
SELECT [c].[ContentPageId], CASE
    WHEN [c0].[Id] IS NULL THEN 0
    ELSE [c0].[Id]
END AS [CategoryId], [c0].[Id], [c0].[Banner], [c0].[Banner2], [c0].[Content], [c0].[IsHome], [c0].[Language], [c0].[LinkData], [c0].[Name], [c0].[Order], [c0].[ParentId], [c0].[PortalId], [c0].[Status], [c0].[Summary], [c0].[Type]
FROM [ContentPageCategory] AS [c]
LEFT JOIN [Category] AS [c0] ON [c].[CategoryId] = [c0].[Id]
WHERE [c].[ContentPageId] IN (
    SELECT [b].[value]
    FROM OPENJSON(@__blogIds_0) WITH ([value] int '$') AS [b]
)
2025-10-29 16:26:21.005 +07:00 [INF] Executed DbCommand (11ms) [Parameters=[@__blogIds_0='?' (Size = 4000)], CommandType='"Text"', CommandTimeout='30']
SELECT [c].[ContentPageId], CASE
    WHEN [t].[Id] IS NULL THEN 0
    ELSE [t].[Id]
END AS [TagId], [t].[Id], [t].[Banner], [t].[Content], [t].[Language], [t].[Name], [t].[PortalId], [t].[Status]
FROM [ContentPageTag] AS [c]
LEFT JOIN [Tag] AS [t] ON [c].[TagId] = [t].[Id]
WHERE [c].[ContentPageId] IN (
    SELECT [b].[value]
    FROM OPENJSON(@__blogIds_0) WITH ([value] int '$') AS [b]
)
2025-10-29 16:26:21.016 +07:00 [INF] Executed DbCommand (10ms) [Parameters=[@__listLink_0='?' (Size = 4000)], CommandType='"Text"', CommandTimeout='30']
SELECT [l].[Language], [l].[Id], [l].[LinkId2], [l].[LinkId1], [l1].[Id], [l1].[Acction], [l1].[Area], [l1].[Changefreq], [l1].[Controller], [l1].[Delete], [l1].[Description], [l1].[FacebookBanner], [l1].[FacebookDescription], [l1].[FocusKeywords], [l1].[GooglePlusDescription], [l1].[IncludeSitemap], [l1].[IsStatic], [l1].[Keywords], [l1].[Language], [l1].[Lastmod], [l1].[MetaRobotsAdvance], [l1].[MetaRobotsFollow], [l1].[MetaRobotsIndex], [l1].[Name], [l1].[ObjectId], [l1].[Parrams], [l1].[PortalId], [l1].[Priority], [l1].[Redirect301], [l1].[Slug], [l1].[Status], [l1].[Title], [l1].[Type]
FROM [LinkReference] AS [l]
LEFT JOIN [Link] AS [l1] ON [l].[LinkId2] = [l1].[Id]
WHERE [l].[LinkId1] IN (
    SELECT [l0].[value]
    FROM OPENJSON(@__listLink_0) WITH ([value] int '$') AS [l0]
)
2025-10-29 16:26:21.038 +07:00 [INF] Executed DbCommand (10ms) [Parameters=[@__DisabledTypes_1='?' (Size = 4000), @__language_2='?' (Size = 10)], CommandType='"Text"', CommandTimeout='30']
SELECT COUNT(*)
FROM [ContentPage] AS [c]
LEFT JOIN (
    SELECT [l].[ObjectId]
    FROM [Link] AS [l]
    WHERE [l].[Type] IN (3, 6, 4, 5, 12)
) AS [l0] ON [c].[Id] = [l0].[ObjectId]
WHERE [c].[Type] NOT IN (
    SELECT [d].[value]
    FROM OPENJSON(@__DisabledTypes_1) WITH ([value] int '$') AS [d]
) AND [c].[Language] = @__language_2
2025-10-29 16:26:21.050 +07:00 [INF] Executed DbCommand (10ms) [Parameters=[], CommandType='"Text"', CommandTimeout='30']
SELECT [p].[Id], [p].[Domain], [p].[Name]
FROM [Portal] AS [p]
2025-10-29 16:26:21.051 +07:00 [INF] Executing ViewResult, running view IndexAjax.
2025-10-29 16:26:21.056 +07:00 [INF] Executed ViewResult - view IndexAjax executed in 5.3542ms.
2025-10-29 16:26:21.056 +07:00 [INF] Executed action PT.BE.Areas.Manager.Controllers.BlogManagerController.IndexPost (PT.UI) in 245.6614ms
2025-10-29 16:26:21.056 +07:00 [INF] Request finished HTTP/2 POST https://localhost:44372/Admin/Manager/BlogManager - 200 null text/html; charset=utf-8 256.8628ms
2025-10-29 16:26:36.755 +07:00 [INF] Request starting HTTP/2 GET https://localhost:44372/Admin/Manager/BlogManager/SearchCategory?language=en - null null
2025-10-29 16:26:36.756 +07:00 [INF] Route matched with {area = "Manager", action = "SearchCategory", controller = "BlogManager"}. Executing controller action with signature System.Threading.Tasks.Task`1[System.Object] SearchCategory(System.String) on controller PT.BE.Areas.Manager.Controllers.BlogManagerController (PT.UI).
2025-10-29 16:26:36.756 +07:00 [INF] Request starting HTTP/2 GET https://localhost:44372/Admin/Manager/BlogManager/SearchTag?language=en&portalId= - null null
2025-10-29 16:26:36.757 +07:00 [INF] Route matched with {area = "Manager", action = "SearchTag", controller = "BlogManager"}. Executing controller action with signature System.Threading.Tasks.Task`1[System.Object] SearchTag(System.Nullable`1[System.Int32], System.String) on controller PT.BE.Areas.Manager.Controllers.BlogManagerController (PT.UI).
2025-10-29 16:26:36.766 +07:00 [INF] Request starting HTTP/2 POST https://localhost:44372/Admin/Manager/BlogManager - application/x-www-form-urlencoded; charset=UTF-8 102
2025-10-29 16:26:36.767 +07:00 [INF] Route matched with {area = "Manager", action = "Index", controller = "BlogManager"}. Executing controller action with signature System.Threading.Tasks.Task`1[Microsoft.AspNetCore.Mvc.IActionResult] IndexPost(System.Nullable`1[System.Int32], System.Nullable`1[System.Int32], System.String, System.Nullable`1[System.Int32], System.Nullable`1[System.Int32], System.Nullable`1[System.Boolean], System.Nullable`1[System.Int32], System.String, System.String, System.String) on controller PT.BE.Areas.Manager.Controllers.BlogManagerController (PT.UI).
2025-10-29 16:26:36.770 +07:00 [INF] Executed DbCommand (13ms) [Parameters=[@__language_0='?' (Size = 10)], CommandType='"Text"', CommandTimeout='30']
SELECT [t].[Id], [t].[Name], [t].[Language], [t].[Status]
FROM [Tag] AS [t]
WHERE [t].[Status] = CAST(1 AS bit) AND [t].[Language] = @__language_0
ORDER BY [t].[Name]
2025-10-29 16:26:36.771 +07:00 [INF] Executing ObjectResult, writing value of type 'System.Linq.Enumerable+ListSelectIterator`2[[PT.Domain.Model.Tag, PT.Domain, Version=1.0.0.0, Culture=neutral, PublicKeyToken=null],[Microsoft.AspNetCore.Mvc.Rendering.SelectListItem, Microsoft.AspNetCore.Mvc.ViewFeatures, Version=10.0.0.0, Culture=neutral, PublicKeyToken=adb9793829ddae60]]'.
2025-10-29 16:26:36.771 +07:00 [INF] Executed action PT.BE.Areas.Manager.Controllers.BlogManagerController.SearchTag (PT.UI) in 14.1768ms
2025-10-29 16:26:36.771 +07:00 [INF] Request finished HTTP/2 GET https://localhost:44372/Admin/Manager/BlogManager/SearchTag?language=en&portalId= - 200 null application/json; charset=utf-8 15.0315ms
2025-10-29 16:26:36.771 +07:00 [INF] Executed DbCommand (14ms) [Parameters=[@__types_1='?' (Size = 4000), @__language_0='?' (Size = 10)], CommandType='"Text"', CommandTimeout='30']
SELECT [l0].[Id], [l0].[Acction], [l0].[Area], [l0].[Changefreq], [l0].[Controller], [l0].[Delete], [l0].[Description], [l0].[FacebookBanner], [l0].[FacebookDescription], [l0].[FocusKeywords], [l0].[GooglePlusDescription], [l0].[IncludeSitemap], [l0].[IsStatic], [l0].[Keywords], [l0].[Language], [l0].[Lastmod], [l0].[MetaRobotsAdvance], [l0].[MetaRobotsFollow], [l0].[MetaRobotsIndex], [l0].[Name], [l0].[ObjectId], [l0].[Parrams], [l0].[PortalId], [l0].[Priority], [l0].[Redirect301], [l0].[Slug], [l0].[Status], [l0].[Title], [l0].[Type], [c].[Id], [c].[Banner], [c].[Content], [c].[Name], [c].[Language], [c].[Status], [c].[Order], [c].[ParentId], [c].[Type], [c].[Summary], [c].[Banner2], [c].[IsHome], [c].[PortalId]
FROM [Category] AS [c]
LEFT JOIN (
    SELECT [l].[Id], [l].[Acction], [l].[Area], [l].[Changefreq], [l].[Controller], [l].[Delete], [l].[Description], [l].[FacebookBanner], [l].[FacebookDescription], [l].[FocusKeywords], [l].[GooglePlusDescription], [l].[IncludeSitemap], [l].[IsStatic], [l].[Keywords], [l].[Language], [l].[Lastmod], [l].[MetaRobotsAdvance], [l].[MetaRobotsFollow], [l].[MetaRobotsIndex], [l].[Name], [l].[ObjectId], [l].[Parrams], [l].[PortalId], [l].[Priority], [l].[Redirect301], [l].[Slug], [l].[Status], [l].[Title], [l].[Type]
    FROM [Link] AS [l]
    WHERE [l].[Type] IN (
        SELECT [t].[value]
        FROM OPENJSON(@__types_1) WITH ([value] int '$') AS [t]
    ) AND [l].[Delete] = CAST(0 AS bit)
) AS [l0] ON [c].[Id] = [l0].[ObjectId]
WHERE [c].[Language] = @__language_0 AND [c].[Status] = CAST(1 AS bit) AND [c].[Type] = 1
2025-10-29 16:26:36.772 +07:00 [INF] Executing ObjectResult, writing value of type 'System.Collections.Generic.List`1[[Microsoft.AspNetCore.Mvc.Rendering.SelectListItem, Microsoft.AspNetCore.Mvc.ViewFeatures, Version=10.0.0.0, Culture=neutral, PublicKeyToken=adb9793829ddae60]]'.
2025-10-29 16:26:36.772 +07:00 [INF] Executed action PT.BE.Areas.Manager.Controllers.BlogManagerController.SearchCategory (PT.UI) in 15.6943ms
2025-10-29 16:26:36.772 +07:00 [INF] Request finished HTTP/2 GET https://localhost:44372/Admin/Manager/BlogManager/SearchCategory?language=en - 200 null application/json; charset=utf-8 16.5339ms
2025-10-29 16:26:36.828 +07:00 [INF] Executed DbCommand (11ms) [Parameters=[@__p_0='?' (DbType = Int32)], CommandType='"Text"', CommandTimeout='30']
SELECT TOP(1) [u].[Id], [u].[AccessFailedCount], [u].[Avatar], [u].[ConcurrencyStamp], [u].[CreatedDate], [u].[CreatedUserId], [u].[DisplayName], [u].[Email], [u].[EmailConfirmed], [u].[ExpirationResetPassword], [u].[ExpirationWrongPassword], [u].[IsLock], [u].[IsReLogin], [u].[IsSuperAdmin], [u].[LockoutEnabled], [u].[LockoutEnd], [u].[NormalizedEmail], [u].[NormalizedUserName], [u].[Note], [u].[NoteLock], [u].[NumberWrongPasswords], [u].[PasswordHash], [u].[PhoneNumber], [u].[PhoneNumberConfirmed], [u].[SecurityStamp], [u].[TwoFactorEnabled], [u].[UpdatedDate], [u].[UpdatedUserId], [u].[UserName]
FROM [adm].[User] AS [u]
WHERE [u].[Id] = @__p_0
2025-10-29 16:26:36.840 +07:00 [INF] Executed DbCommand (10ms) [Parameters=[@__DisabledTypes_1='?' (Size = 4000), @__language_2='?' (Size = 10), @__p_5='?' (DbType = Int32), @__p_6='?' (DbType = Int32)], CommandType='"Text"', CommandTimeout='30']
SELECT [l0].[Id], [l0].[Acction], [l0].[Area], [l0].[Changefreq], [l0].[Controller], [l0].[Delete], [l0].[Description], [l0].[FacebookBanner], [l0].[FacebookDescription], [l0].[FocusKeywords], [l0].[GooglePlusDescription], [l0].[IncludeSitemap], [l0].[IsStatic], [l0].[Keywords], [l0].[Language], [l0].[Lastmod], [l0].[MetaRobotsAdvance], [l0].[MetaRobotsFollow], [l0].[MetaRobotsIndex], [l0].[Name], [l0].[ObjectId], [l0].[Parrams], [l0].[PortalId], [l0].[Priority], [l0].[Redirect301], [l0].[Slug], [l0].[Status], [l0].[Title], [l0].[Type], [c].[Id], [c].[Author], [c].[Banner], [c].[CategoryId], [c].[Content], [c].[DatePosted], [c].[EndDate], [c].[IsHome], [c].[Language], [c].[Name], [c].[PortalId], [c].[Price], [c].[ServiceId], [c].[StartDate], [c].[Status], [c].[Summary], [c].[Type]
FROM [ContentPage] AS [c]
LEFT JOIN (
    SELECT [l].[Id], [l].[Acction], [l].[Area], [l].[Changefreq], [l].[Controller], [l].[Delete], [l].[Description], [l].[FacebookBanner], [l].[FacebookDescription], [l].[FocusKeywords], [l].[GooglePlusDescription], [l].[IncludeSitemap], [l].[IsStatic], [l].[Keywords], [l].[Language], [l].[Lastmod], [l].[MetaRobotsAdvance], [l].[MetaRobotsFollow], [l].[MetaRobotsIndex], [l].[Name], [l].[ObjectId], [l].[Parrams], [l].[PortalId], [l].[Priority], [l].[Redirect301], [l].[Slug], [l].[Status], [l].[Title], [l].[Type]
    FROM [Link] AS [l]
    WHERE [l].[Type] IN (3, 6, 4, 5, 12)
) AS [l0] ON [c].[Id] = [l0].[ObjectId]
WHERE [c].[Type] NOT IN (
    SELECT [d].[value]
    FROM OPENJSON(@__DisabledTypes_1) WITH ([value] int '$') AS [d]
) AND [c].[Language] = @__language_2
ORDER BY [c].[DatePosted]
OFFSET @__p_5 ROWS FETCH NEXT @__p_6 ROWS ONLY
2025-10-29 16:26:36.858 +07:00 [INF] Executed DbCommand (17ms) [Parameters=[@__blogIds_0='?' (Size = 4000)], CommandType='"Text"', CommandTimeout='30']
SELECT [c].[ContentPageId], CASE
    WHEN [c0].[Id] IS NULL THEN 0
    ELSE [c0].[Id]
END AS [CategoryId], [c0].[Id], [c0].[Banner], [c0].[Banner2], [c0].[Content], [c0].[IsHome], [c0].[Language], [c0].[LinkData], [c0].[Name], [c0].[Order], [c0].[ParentId], [c0].[PortalId], [c0].[Status], [c0].[Summary], [c0].[Type]
FROM [ContentPageCategory] AS [c]
LEFT JOIN [Category] AS [c0] ON [c].[CategoryId] = [c0].[Id]
WHERE [c].[ContentPageId] IN (
    SELECT [b].[value]
    FROM OPENJSON(@__blogIds_0) WITH ([value] int '$') AS [b]
)
2025-10-29 16:26:36.869 +07:00 [INF] Executed DbCommand (10ms) [Parameters=[@__blogIds_0='?' (Size = 4000)], CommandType='"Text"', CommandTimeout='30']
SELECT [c].[ContentPageId], CASE
    WHEN [t].[Id] IS NULL THEN 0
    ELSE [t].[Id]
END AS [TagId], [t].[Id], [t].[Banner], [t].[Content], [t].[Language], [t].[Name], [t].[PortalId], [t].[Status]
FROM [ContentPageTag] AS [c]
LEFT JOIN [Tag] AS [t] ON [c].[TagId] = [t].[Id]
WHERE [c].[ContentPageId] IN (
    SELECT [b].[value]
    FROM OPENJSON(@__blogIds_0) WITH ([value] int '$') AS [b]
)
2025-10-29 16:26:36.880 +07:00 [INF] Executed DbCommand (10ms) [Parameters=[@__listLink_0='?' (Size = 4000)], CommandType='"Text"', CommandTimeout='30']
SELECT [l].[Language], [l].[Id], [l].[LinkId2], [l].[LinkId1], [l1].[Id], [l1].[Acction], [l1].[Area], [l1].[Changefreq], [l1].[Controller], [l1].[Delete], [l1].[Description], [l1].[FacebookBanner], [l1].[FacebookDescription], [l1].[FocusKeywords], [l1].[GooglePlusDescription], [l1].[IncludeSitemap], [l1].[IsStatic], [l1].[Keywords], [l1].[Language], [l1].[Lastmod], [l1].[MetaRobotsAdvance], [l1].[MetaRobotsFollow], [l1].[MetaRobotsIndex], [l1].[Name], [l1].[ObjectId], [l1].[Parrams], [l1].[PortalId], [l1].[Priority], [l1].[Redirect301], [l1].[Slug], [l1].[Status], [l1].[Title], [l1].[Type]
FROM [LinkReference] AS [l]
LEFT JOIN [Link] AS [l1] ON [l].[LinkId2] = [l1].[Id]
WHERE [l].[LinkId1] IN (
    SELECT [l0].[value]
    FROM OPENJSON(@__listLink_0) WITH ([value] int '$') AS [l0]
)
2025-10-29 16:26:36.891 +07:00 [INF] Executed DbCommand (10ms) [Parameters=[@__DisabledTypes_1='?' (Size = 4000), @__language_2='?' (Size = 10)], CommandType='"Text"', CommandTimeout='30']
SELECT COUNT(*)
FROM [ContentPage] AS [c]
LEFT JOIN (
    SELECT [l].[ObjectId]
    FROM [Link] AS [l]
    WHERE [l].[Type] IN (3, 6, 4, 5, 12)
) AS [l0] ON [c].[Id] = [l0].[ObjectId]
WHERE [c].[Type] NOT IN (
    SELECT [d].[value]
    FROM OPENJSON(@__DisabledTypes_1) WITH ([value] int '$') AS [d]
) AND [c].[Language] = @__language_2
2025-10-29 16:26:36.909 +07:00 [INF] Executed DbCommand (18ms) [Parameters=[], CommandType='"Text"', CommandTimeout='30']
SELECT [p].[Id], [p].[Domain], [p].[Name]
FROM [Portal] AS [p]
2025-10-29 16:26:36.910 +07:00 [INF] Executing ViewResult, running view IndexAjax.
2025-10-29 16:26:36.910 +07:00 [INF] Executed ViewResult - view IndexAjax executed in 0.5731ms.
2025-10-29 16:26:36.910 +07:00 [INF] Executed action PT.BE.Areas.Manager.Controllers.BlogManagerController.IndexPost (PT.UI) in 142.7643ms
2025-10-29 16:26:36.910 +07:00 [INF] Request finished HTTP/2 POST https://localhost:44372/Admin/Manager/BlogManager - 200 null text/html; charset=utf-8 143.7161ms
2025-10-29 16:26:37.257 +07:00 [INF] Request starting HTTP/2 GET https://localhost:44372/Admin/Manager/BlogManager/SearchCategory?language=vi - null null
2025-10-29 16:26:37.257 +07:00 [INF] Route matched with {area = "Manager", action = "SearchCategory", controller = "BlogManager"}. Executing controller action with signature System.Threading.Tasks.Task`1[System.Object] SearchCategory(System.String) on controller PT.BE.Areas.Manager.Controllers.BlogManagerController (PT.UI).
2025-10-29 16:26:37.257 +07:00 [INF] Request starting HTTP/2 GET https://localhost:44372/Admin/Manager/BlogManager/SearchTag?language=vi&portalId= - null null
2025-10-29 16:26:37.258 +07:00 [INF] Route matched with {area = "Manager", action = "SearchTag", controller = "BlogManager"}. Executing controller action with signature System.Threading.Tasks.Task`1[System.Object] SearchTag(System.Nullable`1[System.Int32], System.String) on controller PT.BE.Areas.Manager.Controllers.BlogManagerController (PT.UI).
2025-10-29 16:26:37.266 +07:00 [INF] Request starting HTTP/2 POST https://localhost:44372/Admin/Manager/BlogManager - application/x-www-form-urlencoded; charset=UTF-8 102
2025-10-29 16:26:37.267 +07:00 [INF] Route matched with {area = "Manager", action = "Index", controller = "BlogManager"}. Executing controller action with signature System.Threading.Tasks.Task`1[Microsoft.AspNetCore.Mvc.IActionResult] IndexPost(System.Nullable`1[System.Int32], System.Nullable`1[System.Int32], System.String, System.Nullable`1[System.Int32], System.Nullable`1[System.Int32], System.Nullable`1[System.Boolean], System.Nullable`1[System.Int32], System.String, System.String, System.String) on controller PT.BE.Areas.Manager.Controllers.BlogManagerController (PT.UI).
2025-10-29 16:26:37.272 +07:00 [INF] Executed DbCommand (13ms) [Parameters=[@__language_0='?' (Size = 10)], CommandType='"Text"', CommandTimeout='30']
SELECT [t].[Id], [t].[Name], [t].[Language], [t].[Status]
FROM [Tag] AS [t]
WHERE [t].[Status] = CAST(1 AS bit) AND [t].[Language] = @__language_0
ORDER BY [t].[Name]
2025-10-29 16:26:37.272 +07:00 [INF] Executed DbCommand (13ms) [Parameters=[@__types_1='?' (Size = 4000), @__language_0='?' (Size = 10)], CommandType='"Text"', CommandTimeout='30']
SELECT [l0].[Id], [l0].[Acction], [l0].[Area], [l0].[Changefreq], [l0].[Controller], [l0].[Delete], [l0].[Description], [l0].[FacebookBanner], [l0].[FacebookDescription], [l0].[FocusKeywords], [l0].[GooglePlusDescription], [l0].[IncludeSitemap], [l0].[IsStatic], [l0].[Keywords], [l0].[Language], [l0].[Lastmod], [l0].[MetaRobotsAdvance], [l0].[MetaRobotsFollow], [l0].[MetaRobotsIndex], [l0].[Name], [l0].[ObjectId], [l0].[Parrams], [l0].[PortalId], [l0].[Priority], [l0].[Redirect301], [l0].[Slug], [l0].[Status], [l0].[Title], [l0].[Type], [c].[Id], [c].[Banner], [c].[Content], [c].[Name], [c].[Language], [c].[Status], [c].[Order], [c].[ParentId], [c].[Type], [c].[Summary], [c].[Banner2], [c].[IsHome], [c].[PortalId]
FROM [Category] AS [c]
LEFT JOIN (
    SELECT [l].[Id], [l].[Acction], [l].[Area], [l].[Changefreq], [l].[Controller], [l].[Delete], [l].[Description], [l].[FacebookBanner], [l].[FacebookDescription], [l].[FocusKeywords], [l].[GooglePlusDescription], [l].[IncludeSitemap], [l].[IsStatic], [l].[Keywords], [l].[Language], [l].[Lastmod], [l].[MetaRobotsAdvance], [l].[MetaRobotsFollow], [l].[MetaRobotsIndex], [l].[Name], [l].[ObjectId], [l].[Parrams], [l].[PortalId], [l].[Priority], [l].[Redirect301], [l].[Slug], [l].[Status], [l].[Title], [l].[Type]
    FROM [Link] AS [l]
    WHERE [l].[Type] IN (
        SELECT [t].[value]
        FROM OPENJSON(@__types_1) WITH ([value] int '$') AS [t]
    ) AND [l].[Delete] = CAST(0 AS bit)
) AS [l0] ON [c].[Id] = [l0].[ObjectId]
WHERE [c].[Language] = @__language_0 AND [c].[Status] = CAST(1 AS bit) AND [c].[Type] = 1
2025-10-29 16:26:37.272 +07:00 [INF] Executing ObjectResult, writing value of type 'System.Linq.Enumerable+ListSelectIterator`2[[PT.Domain.Model.Tag, PT.Domain, Version=1.0.0.0, Culture=neutral, PublicKeyToken=null],[Microsoft.AspNetCore.Mvc.Rendering.SelectListItem, Microsoft.AspNetCore.Mvc.ViewFeatures, Version=10.0.0.0, Culture=neutral, PublicKeyToken=adb9793829ddae60]]'.
2025-10-29 16:26:37.272 +07:00 [INF] Executing ObjectResult, writing value of type 'System.Collections.Generic.List`1[[Microsoft.AspNetCore.Mvc.Rendering.SelectListItem, Microsoft.AspNetCore.Mvc.ViewFeatures, Version=10.0.0.0, Culture=neutral, PublicKeyToken=adb9793829ddae60]]'.
2025-10-29 16:26:37.272 +07:00 [INF] Executed action PT.BE.Areas.Manager.Controllers.BlogManagerController.SearchTag (PT.UI) in 14.7497ms
2025-10-29 16:26:37.272 +07:00 [INF] Executed action PT.BE.Areas.Manager.Controllers.BlogManagerController.SearchCategory (PT.UI) in 15.2049ms
2025-10-29 16:26:37.273 +07:00 [INF] Request finished HTTP/2 GET https://localhost:44372/Admin/Manager/BlogManager/SearchTag?language=vi&portalId= - 200 null application/json; charset=utf-8 15.248ms
2025-10-29 16:26:37.273 +07:00 [INF] Request finished HTTP/2 GET https://localhost:44372/Admin/Manager/BlogManager/SearchCategory?language=vi - 200 null application/json; charset=utf-8 16.0304ms
2025-10-29 16:26:37.278 +07:00 [INF] Executed DbCommand (10ms) [Parameters=[@__p_0='?' (DbType = Int32)], CommandType='"Text"', CommandTimeout='30']
SELECT TOP(1) [u].[Id], [u].[AccessFailedCount], [u].[Avatar], [u].[ConcurrencyStamp], [u].[CreatedDate], [u].[CreatedUserId], [u].[DisplayName], [u].[Email], [u].[EmailConfirmed], [u].[ExpirationResetPassword], [u].[ExpirationWrongPassword], [u].[IsLock], [u].[IsReLogin], [u].[IsSuperAdmin], [u].[LockoutEnabled], [u].[LockoutEnd], [u].[NormalizedEmail], [u].[NormalizedUserName], [u].[Note], [u].[NoteLock], [u].[NumberWrongPasswords], [u].[PasswordHash], [u].[PhoneNumber], [u].[PhoneNumberConfirmed], [u].[SecurityStamp], [u].[TwoFactorEnabled], [u].[UpdatedDate], [u].[UpdatedUserId], [u].[UserName]
FROM [adm].[User] AS [u]
WHERE [u].[Id] = @__p_0
2025-10-29 16:26:37.294 +07:00 [INF] Executed DbCommand (14ms) [Parameters=[@__DisabledTypes_1='?' (Size = 4000), @__language_2='?' (Size = 10), @__p_5='?' (DbType = Int32), @__p_6='?' (DbType = Int32)], CommandType='"Text"', CommandTimeout='30']
SELECT [l0].[Id], [l0].[Acction], [l0].[Area], [l0].[Changefreq], [l0].[Controller], [l0].[Delete], [l0].[Description], [l0].[FacebookBanner], [l0].[FacebookDescription], [l0].[FocusKeywords], [l0].[GooglePlusDescription], [l0].[IncludeSitemap], [l0].[IsStatic], [l0].[Keywords], [l0].[Language], [l0].[Lastmod], [l0].[MetaRobotsAdvance], [l0].[MetaRobotsFollow], [l0].[MetaRobotsIndex], [l0].[Name], [l0].[ObjectId], [l0].[Parrams], [l0].[PortalId], [l0].[Priority], [l0].[Redirect301], [l0].[Slug], [l0].[Status], [l0].[Title], [l0].[Type], [c].[Id], [c].[Author], [c].[Banner], [c].[CategoryId], [c].[Content], [c].[DatePosted], [c].[EndDate], [c].[IsHome], [c].[Language], [c].[Name], [c].[PortalId], [c].[Price], [c].[ServiceId], [c].[StartDate], [c].[Status], [c].[Summary], [c].[Type]
FROM [ContentPage] AS [c]
LEFT JOIN (
    SELECT [l].[Id], [l].[Acction], [l].[Area], [l].[Changefreq], [l].[Controller], [l].[Delete], [l].[Description], [l].[FacebookBanner], [l].[FacebookDescription], [l].[FocusKeywords], [l].[GooglePlusDescription], [l].[IncludeSitemap], [l].[IsStatic], [l].[Keywords], [l].[Language], [l].[Lastmod], [l].[MetaRobotsAdvance], [l].[MetaRobotsFollow], [l].[MetaRobotsIndex], [l].[Name], [l].[ObjectId], [l].[Parrams], [l].[PortalId], [l].[Priority], [l].[Redirect301], [l].[Slug], [l].[Status], [l].[Title], [l].[Type]
    FROM [Link] AS [l]
    WHERE [l].[Type] IN (3, 6, 4, 5, 12)
) AS [l0] ON [c].[Id] = [l0].[ObjectId]
WHERE [c].[Type] NOT IN (
    SELECT [d].[value]
    FROM OPENJSON(@__DisabledTypes_1) WITH ([value] int '$') AS [d]
) AND [c].[Language] = @__language_2
ORDER BY [c].[DatePosted]
OFFSET @__p_5 ROWS FETCH NEXT @__p_6 ROWS ONLY
2025-10-29 16:26:37.305 +07:00 [INF] Executed DbCommand (10ms) [Parameters=[@__blogIds_0='?' (Size = 4000)], CommandType='"Text"', CommandTimeout='30']
SELECT [c].[ContentPageId], CASE
    WHEN [c0].[Id] IS NULL THEN 0
    ELSE [c0].[Id]
END AS [CategoryId], [c0].[Id], [c0].[Banner], [c0].[Banner2], [c0].[Content], [c0].[IsHome], [c0].[Language], [c0].[LinkData], [c0].[Name], [c0].[Order], [c0].[ParentId], [c0].[PortalId], [c0].[Status], [c0].[Summary], [c0].[Type]
FROM [ContentPageCategory] AS [c]
LEFT JOIN [Category] AS [c0] ON [c].[CategoryId] = [c0].[Id]
WHERE [c].[ContentPageId] IN (
    SELECT [b].[value]
    FROM OPENJSON(@__blogIds_0) WITH ([value] int '$') AS [b]
)
2025-10-29 16:26:37.315 +07:00 [INF] Executed DbCommand (10ms) [Parameters=[@__blogIds_0='?' (Size = 4000)], CommandType='"Text"', CommandTimeout='30']
SELECT [c].[ContentPageId], CASE
    WHEN [t].[Id] IS NULL THEN 0
    ELSE [t].[Id]
END AS [TagId], [t].[Id], [t].[Banner], [t].[Content], [t].[Language], [t].[Name], [t].[PortalId], [t].[Status]
FROM [ContentPageTag] AS [c]
LEFT JOIN [Tag] AS [t] ON [c].[TagId] = [t].[Id]
WHERE [c].[ContentPageId] IN (
    SELECT [b].[value]
    FROM OPENJSON(@__blogIds_0) WITH ([value] int '$') AS [b]
)
2025-10-29 16:26:37.325 +07:00 [INF] Executed DbCommand (10ms) [Parameters=[@__listLink_0='?' (Size = 4000)], CommandType='"Text"', CommandTimeout='30']
SELECT [l].[Language], [l].[Id], [l].[LinkId2], [l].[LinkId1], [l1].[Id], [l1].[Acction], [l1].[Area], [l1].[Changefreq], [l1].[Controller], [l1].[Delete], [l1].[Description], [l1].[FacebookBanner], [l1].[FacebookDescription], [l1].[FocusKeywords], [l1].[GooglePlusDescription], [l1].[IncludeSitemap], [l1].[IsStatic], [l1].[Keywords], [l1].[Language], [l1].[Lastmod], [l1].[MetaRobotsAdvance], [l1].[MetaRobotsFollow], [l1].[MetaRobotsIndex], [l1].[Name], [l1].[ObjectId], [l1].[Parrams], [l1].[PortalId], [l1].[Priority], [l1].[Redirect301], [l1].[Slug], [l1].[Status], [l1].[Title], [l1].[Type]
FROM [LinkReference] AS [l]
LEFT JOIN [Link] AS [l1] ON [l].[LinkId2] = [l1].[Id]
WHERE [l].[LinkId1] IN (
    SELECT [l0].[value]
    FROM OPENJSON(@__listLink_0) WITH ([value] int '$') AS [l0]
)
2025-10-29 16:26:37.338 +07:00 [INF] Executed DbCommand (12ms) [Parameters=[@__DisabledTypes_1='?' (Size = 4000), @__language_2='?' (Size = 10)], CommandType='"Text"', CommandTimeout='30']
SELECT COUNT(*)
FROM [ContentPage] AS [c]
LEFT JOIN (
    SELECT [l].[ObjectId]
    FROM [Link] AS [l]
    WHERE [l].[Type] IN (3, 6, 4, 5, 12)
) AS [l0] ON [c].[Id] = [l0].[ObjectId]
WHERE [c].[Type] NOT IN (
    SELECT [d].[value]
    FROM OPENJSON(@__DisabledTypes_1) WITH ([value] int '$') AS [d]
) AND [c].[Language] = @__language_2
2025-10-29 16:26:37.348 +07:00 [INF] Executed DbCommand (10ms) [Parameters=[], CommandType='"Text"', CommandTimeout='30']
SELECT [p].[Id], [p].[Domain], [p].[Name]
FROM [Portal] AS [p]
2025-10-29 16:26:37.348 +07:00 [INF] Executing ViewResult, running view IndexAjax.
2025-10-29 16:26:37.349 +07:00 [INF] Executed ViewResult - view IndexAjax executed in 0.782ms.
2025-10-29 16:26:37.349 +07:00 [INF] Executed action PT.BE.Areas.Manager.Controllers.BlogManagerController.IndexPost (PT.UI) in 81.8191ms
2025-10-29 16:26:37.349 +07:00 [INF] Request finished HTTP/2 POST https://localhost:44372/Admin/Manager/BlogManager - 200 null text/html; charset=utf-8 82.6895ms
2025-10-29 16:26:39.027 +07:00 [INF] Request starting HTTP/2 GET https://localhost:44372/Admin/Manager/BlogManager/SearchCategory?language=vi - null null
2025-10-29 16:26:39.027 +07:00 [INF] Route matched with {area = "Manager", action = "SearchCategory", controller = "BlogManager"}. Executing controller action with signature System.Threading.Tasks.Task`1[System.Object] SearchCategory(System.String) on controller PT.BE.Areas.Manager.Controllers.BlogManagerController (PT.UI).
2025-10-29 16:26:39.027 +07:00 [INF] Request starting HTTP/2 GET https://localhost:44372/Admin/Manager/BlogManager/SearchTag?language=vi&portalId= - null null
2025-10-29 16:26:39.028 +07:00 [INF] Route matched with {area = "Manager", action = "SearchTag", controller = "BlogManager"}. Executing controller action with signature System.Threading.Tasks.Task`1[System.Object] SearchTag(System.Nullable`1[System.Int32], System.String) on controller PT.BE.Areas.Manager.Controllers.BlogManagerController (PT.UI).
2025-10-29 16:26:39.036 +07:00 [INF] Request starting HTTP/2 POST https://localhost:44372/Admin/Manager/BlogManager - application/x-www-form-urlencoded; charset=UTF-8 102
2025-10-29 16:26:39.036 +07:00 [INF] Route matched with {area = "Manager", action = "Index", controller = "BlogManager"}. Executing controller action with signature System.Threading.Tasks.Task`1[Microsoft.AspNetCore.Mvc.IActionResult] IndexPost(System.Nullable`1[System.Int32], System.Nullable`1[System.Int32], System.String, System.Nullable`1[System.Int32], System.Nullable`1[System.Int32], System.Nullable`1[System.Boolean], System.Nullable`1[System.Int32], System.String, System.String, System.String) on controller PT.BE.Areas.Manager.Controllers.BlogManagerController (PT.UI).
2025-10-29 16:26:39.039 +07:00 [INF] Executed DbCommand (11ms) [Parameters=[@__language_0='?' (Size = 10)], CommandType='"Text"', CommandTimeout='30']
SELECT [t].[Id], [t].[Name], [t].[Language], [t].[Status]
FROM [Tag] AS [t]
WHERE [t].[Status] = CAST(1 AS bit) AND [t].[Language] = @__language_0
ORDER BY [t].[Name]
2025-10-29 16:26:39.040 +07:00 [INF] Executing ObjectResult, writing value of type 'System.Linq.Enumerable+ListSelectIterator`2[[PT.Domain.Model.Tag, PT.Domain, Version=1.0.0.0, Culture=neutral, PublicKeyToken=null],[Microsoft.AspNetCore.Mvc.Rendering.SelectListItem, Microsoft.AspNetCore.Mvc.ViewFeatures, Version=10.0.0.0, Culture=neutral, PublicKeyToken=adb9793829ddae60]]'.
2025-10-29 16:26:39.040 +07:00 [INF] Executed action PT.BE.Areas.Manager.Controllers.BlogManagerController.SearchTag (PT.UI) in 12.1313ms
2025-10-29 16:26:39.040 +07:00 [INF] Request finished HTTP/2 GET https://localhost:44372/Admin/Manager/BlogManager/SearchTag?language=vi&portalId= - 200 null application/json; charset=utf-8 12.8438ms
2025-10-29 16:26:39.041 +07:00 [INF] Executed DbCommand (12ms) [Parameters=[@__types_1='?' (Size = 4000), @__language_0='?' (Size = 10)], CommandType='"Text"', CommandTimeout='30']
SELECT [l0].[Id], [l0].[Acction], [l0].[Area], [l0].[Changefreq], [l0].[Controller], [l0].[Delete], [l0].[Description], [l0].[FacebookBanner], [l0].[FacebookDescription], [l0].[FocusKeywords], [l0].[GooglePlusDescription], [l0].[IncludeSitemap], [l0].[IsStatic], [l0].[Keywords], [l0].[Language], [l0].[Lastmod], [l0].[MetaRobotsAdvance], [l0].[MetaRobotsFollow], [l0].[MetaRobotsIndex], [l0].[Name], [l0].[ObjectId], [l0].[Parrams], [l0].[PortalId], [l0].[Priority], [l0].[Redirect301], [l0].[Slug], [l0].[Status], [l0].[Title], [l0].[Type], [c].[Id], [c].[Banner], [c].[Content], [c].[Name], [c].[Language], [c].[Status], [c].[Order], [c].[ParentId], [c].[Type], [c].[Summary], [c].[Banner2], [c].[IsHome], [c].[PortalId]
FROM [Category] AS [c]
LEFT JOIN (
    SELECT [l].[Id], [l].[Acction], [l].[Area], [l].[Changefreq], [l].[Controller], [l].[Delete], [l].[Description], [l].[FacebookBanner], [l].[FacebookDescription], [l].[FocusKeywords], [l].[GooglePlusDescription], [l].[IncludeSitemap], [l].[IsStatic], [l].[Keywords], [l].[Language], [l].[Lastmod], [l].[MetaRobotsAdvance], [l].[MetaRobotsFollow], [l].[MetaRobotsIndex], [l].[Name], [l].[ObjectId], [l].[Parrams], [l].[PortalId], [l].[Priority], [l].[Redirect301], [l].[Slug], [l].[Status], [l].[Title], [l].[Type]
    FROM [Link] AS [l]
    WHERE [l].[Type] IN (
        SELECT [t].[value]
        FROM OPENJSON(@__types_1) WITH ([value] int '$') AS [t]
    ) AND [l].[Delete] = CAST(0 AS bit)
) AS [l0] ON [c].[Id] = [l0].[ObjectId]
WHERE [c].[Language] = @__language_0 AND [c].[Status] = CAST(1 AS bit) AND [c].[Type] = 1
2025-10-29 16:26:39.041 +07:00 [INF] Executing ObjectResult, writing value of type 'System.Collections.Generic.List`1[[Microsoft.AspNetCore.Mvc.Rendering.SelectListItem, Microsoft.AspNetCore.Mvc.ViewFeatures, Version=10.0.0.0, Culture=neutral, PublicKeyToken=adb9793829ddae60]]'.
2025-10-29 16:26:39.042 +07:00 [INF] Executed action PT.BE.Areas.Manager.Controllers.BlogManagerController.SearchCategory (PT.UI) in 14.1592ms
2025-10-29 16:26:39.042 +07:00 [INF] Request finished HTTP/2 GET https://localhost:44372/Admin/Manager/BlogManager/SearchCategory?language=vi - 200 null application/json; charset=utf-8 15.083ms
2025-10-29 16:26:39.048 +07:00 [INF] Executed DbCommand (10ms) [Parameters=[@__p_0='?' (DbType = Int32)], CommandType='"Text"', CommandTimeout='30']
SELECT TOP(1) [u].[Id], [u].[AccessFailedCount], [u].[Avatar], [u].[ConcurrencyStamp], [u].[CreatedDate], [u].[CreatedUserId], [u].[DisplayName], [u].[Email], [u].[EmailConfirmed], [u].[ExpirationResetPassword], [u].[ExpirationWrongPassword], [u].[IsLock], [u].[IsReLogin], [u].[IsSuperAdmin], [u].[LockoutEnabled], [u].[LockoutEnd], [u].[NormalizedEmail], [u].[NormalizedUserName], [u].[Note], [u].[NoteLock], [u].[NumberWrongPasswords], [u].[PasswordHash], [u].[PhoneNumber], [u].[PhoneNumberConfirmed], [u].[SecurityStamp], [u].[TwoFactorEnabled], [u].[UpdatedDate], [u].[UpdatedUserId], [u].[UserName]
FROM [adm].[User] AS [u]
WHERE [u].[Id] = @__p_0
2025-10-29 16:26:39.065 +07:00 [INF] Executed DbCommand (16ms) [Parameters=[@__DisabledTypes_1='?' (Size = 4000), @__language_2='?' (Size = 10), @__p_5='?' (DbType = Int32), @__p_6='?' (DbType = Int32)], CommandType='"Text"', CommandTimeout='30']
SELECT [l0].[Id], [l0].[Acction], [l0].[Area], [l0].[Changefreq], [l0].[Controller], [l0].[Delete], [l0].[Description], [l0].[FacebookBanner], [l0].[FacebookDescription], [l0].[FocusKeywords], [l0].[GooglePlusDescription], [l0].[IncludeSitemap], [l0].[IsStatic], [l0].[Keywords], [l0].[Language], [l0].[Lastmod], [l0].[MetaRobotsAdvance], [l0].[MetaRobotsFollow], [l0].[MetaRobotsIndex], [l0].[Name], [l0].[ObjectId], [l0].[Parrams], [l0].[PortalId], [l0].[Priority], [l0].[Redirect301], [l0].[Slug], [l0].[Status], [l0].[Title], [l0].[Type], [c].[Id], [c].[Author], [c].[Banner], [c].[CategoryId], [c].[Content], [c].[DatePosted], [c].[EndDate], [c].[IsHome], [c].[Language], [c].[Name], [c].[PortalId], [c].[Price], [c].[ServiceId], [c].[StartDate], [c].[Status], [c].[Summary], [c].[Type]
FROM [ContentPage] AS [c]
LEFT JOIN (
    SELECT [l].[Id], [l].[Acction], [l].[Area], [l].[Changefreq], [l].[Controller], [l].[Delete], [l].[Description], [l].[FacebookBanner], [l].[FacebookDescription], [l].[FocusKeywords], [l].[GooglePlusDescription], [l].[IncludeSitemap], [l].[IsStatic], [l].[Keywords], [l].[Language], [l].[Lastmod], [l].[MetaRobotsAdvance], [l].[MetaRobotsFollow], [l].[MetaRobotsIndex], [l].[Name], [l].[ObjectId], [l].[Parrams], [l].[PortalId], [l].[Priority], [l].[Redirect301], [l].[Slug], [l].[Status], [l].[Title], [l].[Type]
    FROM [Link] AS [l]
    WHERE [l].[Type] IN (3, 6, 4, 5, 12)
) AS [l0] ON [c].[Id] = [l0].[ObjectId]
WHERE [c].[Type] NOT IN (
    SELECT [d].[value]
    FROM OPENJSON(@__DisabledTypes_1) WITH ([value] int '$') AS [d]
) AND [c].[Language] = @__language_2
ORDER BY [c].[DatePosted]
OFFSET @__p_5 ROWS FETCH NEXT @__p_6 ROWS ONLY
2025-10-29 16:26:39.076 +07:00 [INF] Executed DbCommand (10ms) [Parameters=[@__blogIds_0='?' (Size = 4000)], CommandType='"Text"', CommandTimeout='30']
SELECT [c].[ContentPageId], CASE
    WHEN [c0].[Id] IS NULL THEN 0
    ELSE [c0].[Id]
END AS [CategoryId], [c0].[Id], [c0].[Banner], [c0].[Banner2], [c0].[Content], [c0].[IsHome], [c0].[Language], [c0].[LinkData], [c0].[Name], [c0].[Order], [c0].[ParentId], [c0].[PortalId], [c0].[Status], [c0].[Summary], [c0].[Type]
FROM [ContentPageCategory] AS [c]
LEFT JOIN [Category] AS [c0] ON [c].[CategoryId] = [c0].[Id]
WHERE [c].[ContentPageId] IN (
    SELECT [b].[value]
    FROM OPENJSON(@__blogIds_0) WITH ([value] int '$') AS [b]
)
2025-10-29 16:26:39.087 +07:00 [INF] Executed DbCommand (10ms) [Parameters=[@__blogIds_0='?' (Size = 4000)], CommandType='"Text"', CommandTimeout='30']
SELECT [c].[ContentPageId], CASE
    WHEN [t].[Id] IS NULL THEN 0
    ELSE [t].[Id]
END AS [TagId], [t].[Id], [t].[Banner], [t].[Content], [t].[Language], [t].[Name], [t].[PortalId], [t].[Status]
FROM [ContentPageTag] AS [c]
LEFT JOIN [Tag] AS [t] ON [c].[TagId] = [t].[Id]
WHERE [c].[ContentPageId] IN (
    SELECT [b].[value]
    FROM OPENJSON(@__blogIds_0) WITH ([value] int '$') AS [b]
)
2025-10-29 16:26:39.097 +07:00 [INF] Executed DbCommand (10ms) [Parameters=[@__listLink_0='?' (Size = 4000)], CommandType='"Text"', CommandTimeout='30']
SELECT [l].[Language], [l].[Id], [l].[LinkId2], [l].[LinkId1], [l1].[Id], [l1].[Acction], [l1].[Area], [l1].[Changefreq], [l1].[Controller], [l1].[Delete], [l1].[Description], [l1].[FacebookBanner], [l1].[FacebookDescription], [l1].[FocusKeywords], [l1].[GooglePlusDescription], [l1].[IncludeSitemap], [l1].[IsStatic], [l1].[Keywords], [l1].[Language], [l1].[Lastmod], [l1].[MetaRobotsAdvance], [l1].[MetaRobotsFollow], [l1].[MetaRobotsIndex], [l1].[Name], [l1].[ObjectId], [l1].[Parrams], [l1].[PortalId], [l1].[Priority], [l1].[Redirect301], [l1].[Slug], [l1].[Status], [l1].[Title], [l1].[Type]
FROM [LinkReference] AS [l]
LEFT JOIN [Link] AS [l1] ON [l].[LinkId2] = [l1].[Id]
WHERE [l].[LinkId1] IN (
    SELECT [l0].[value]
    FROM OPENJSON(@__listLink_0) WITH ([value] int '$') AS [l0]
)
2025-10-29 16:26:39.108 +07:00 [INF] Executed DbCommand (10ms) [Parameters=[@__DisabledTypes_1='?' (Size = 4000), @__language_2='?' (Size = 10)], CommandType='"Text"', CommandTimeout='30']
SELECT COUNT(*)
FROM [ContentPage] AS [c]
LEFT JOIN (
    SELECT [l].[ObjectId]
    FROM [Link] AS [l]
    WHERE [l].[Type] IN (3, 6, 4, 5, 12)
) AS [l0] ON [c].[Id] = [l0].[ObjectId]
WHERE [c].[Type] NOT IN (
    SELECT [d].[value]
    FROM OPENJSON(@__DisabledTypes_1) WITH ([value] int '$') AS [d]
) AND [c].[Language] = @__language_2
2025-10-29 16:26:39.119 +07:00 [INF] Executed DbCommand (11ms) [Parameters=[], CommandType='"Text"', CommandTimeout='30']
SELECT [p].[Id], [p].[Domain], [p].[Name]
FROM [Portal] AS [p]
2025-10-29 16:26:39.119 +07:00 [INF] Executing ViewResult, running view IndexAjax.
2025-10-29 16:26:39.119 +07:00 [INF] Executed ViewResult - view IndexAjax executed in 0.2172ms.
2025-10-29 16:26:39.119 +07:00 [INF] Executed action PT.BE.Areas.Manager.Controllers.BlogManagerController.IndexPost (PT.UI) in 83.2916ms
2025-10-29 16:26:39.120 +07:00 [INF] Request finished HTTP/2 POST https://localhost:44372/Admin/Manager/BlogManager - 200 null text/html; charset=utf-8 83.9368ms
2025-10-29 16:26:41.676 +07:00 [INF] Request starting HTTP/2 GET https://localhost:44372/Admin/Manager/BlogManager/Create?portalId=1&language=vi - null null
2025-10-29 16:26:41.683 +07:00 [INF] Route matched with {area = "Manager", action = "Create", controller = "BlogManager"}. Executing controller action with signature System.Threading.Tasks.Task`1[Microsoft.AspNetCore.Mvc.IActionResult] Create(System.String, Int32) on controller PT.BE.Areas.Manager.Controllers.BlogManagerController (PT.UI).
2025-10-29 16:26:41.694 +07:00 [INF] Executed DbCommand (11ms) [Parameters=[@__p_0='?' (DbType = Int32)], CommandType='"Text"', CommandTimeout='30']
SELECT TOP(1) [u].[Id], [u].[AccessFailedCount], [u].[Avatar], [u].[ConcurrencyStamp], [u].[CreatedDate], [u].[CreatedUserId], [u].[DisplayName], [u].[Email], [u].[EmailConfirmed], [u].[ExpirationResetPassword], [u].[ExpirationWrongPassword], [u].[IsLock], [u].[IsReLogin], [u].[IsSuperAdmin], [u].[LockoutEnabled], [u].[LockoutEnd], [u].[NormalizedEmail], [u].[NormalizedUserName], [u].[Note], [u].[NoteLock], [u].[NumberWrongPasswords], [u].[PasswordHash], [u].[PhoneNumber], [u].[PhoneNumberConfirmed], [u].[SecurityStamp], [u].[TwoFactorEnabled], [u].[UpdatedDate], [u].[UpdatedUserId], [u].[UserName]
FROM [adm].[User] AS [u]
WHERE [u].[Id] = @__p_0
2025-10-29 16:26:41.707 +07:00 [INF] Executed DbCommand (10ms) [Parameters=[@__language_0='?' (Size = 10)], CommandType='"Text"', CommandTimeout='30']
SELECT [t].[Id], [t].[Name], [t].[Language], [t].[Status]
FROM [Tag] AS [t]
WHERE [t].[Status] = CAST(1 AS bit) AND [t].[Language] = @__language_0
ORDER BY [t].[Name]
2025-10-29 16:26:41.721 +07:00 [INF] Executed DbCommand (10ms) [Parameters=[@__portalId_0='?' (DbType = Int32)], CommandType='"Text"', CommandTimeout='30']
SELECT TOP(1) [p].[Id], [p].[Domain], [p].[Name]
FROM [Portal] AS [p]
WHERE [p].[Id] = @__portalId_0
2025-10-29 16:26:41.738 +07:00 [INF] Executed DbCommand (11ms) [Parameters=[@__types_3='?' (Size = 4000), @__allowCategorys_0='?' (Size = 4000), @__language_1='?' (Size = 10), @__portalId_2='?' (DbType = Int32)], CommandType='"Text"', CommandTimeout='30']
SELECT [l0].[Id], [l0].[Acction], [l0].[Area], [l0].[Changefreq], [l0].[Controller], [l0].[Delete], [l0].[Description], [l0].[FacebookBanner], [l0].[FacebookDescription], [l0].[FocusKeywords], [l0].[GooglePlusDescription], [l0].[IncludeSitemap], [l0].[IsStatic], [l0].[Keywords], [l0].[Language], [l0].[Lastmod], [l0].[MetaRobotsAdvance], [l0].[MetaRobotsFollow], [l0].[MetaRobotsIndex], [l0].[Name], [l0].[ObjectId], [l0].[Parrams], [l0].[PortalId], [l0].[Priority], [l0].[Redirect301], [l0].[Slug], [l0].[Status], [l0].[Title], [l0].[Type], [c].[Id], [c].[Banner], [c].[Content], [c].[Name], [c].[Language], [c].[Status], [c].[Order], [c].[ParentId], [c].[Type], [c].[Summary], [c].[Banner2], [c].[IsHome], [c].[PortalId]
FROM [Category] AS [c]
LEFT JOIN (
    SELECT [l].[Id], [l].[Acction], [l].[Area], [l].[Changefreq], [l].[Controller], [l].[Delete], [l].[Description], [l].[FacebookBanner], [l].[FacebookDescription], [l].[FocusKeywords], [l].[GooglePlusDescription], [l].[IncludeSitemap], [l].[IsStatic], [l].[Keywords], [l].[Language], [l].[Lastmod], [l].[MetaRobotsAdvance], [l].[MetaRobotsFollow], [l].[MetaRobotsIndex], [l].[Name], [l].[ObjectId], [l].[Parrams], [l].[PortalId], [l].[Priority], [l].[Redirect301], [l].[Slug], [l].[Status], [l].[Title], [l].[Type]
    FROM [Link] AS [l]
    WHERE [l].[Type] IN (
        SELECT [t].[value]
        FROM OPENJSON(@__types_3) WITH ([value] int '$') AS [t]
    ) AND [l].[Delete] = CAST(0 AS bit)
) AS [l0] ON [c].[Id] = [l0].[ObjectId]
WHERE [c].[Status] = CAST(1 AS bit) AND [c].[Type] IN (
    SELECT [a].[value]
    FROM OPENJSON(@__allowCategorys_0) WITH ([value] int '$') AS [a]
) AND [c].[Language] = @__language_1 AND [c].[PortalId] = @__portalId_2
2025-10-29 16:26:41.740 +07:00 [INF] Executing ViewResult, running view Create.
2025-10-29 16:26:41.789 +07:00 [INF] Executed DbCommand (10ms) [Parameters=[@__linkId_0='?' (DbType = Int32)], CommandType='"Text"', CommandTimeout='30']
SELECT [l].[Id], [l].[Acction], [l].[Area], [l].[Changefreq], [l].[Controller], [l].[Delete], [l].[Description], [l].[FacebookBanner], [l].[FacebookDescription], [l].[FocusKeywords], [l].[GooglePlusDescription], [l].[IncludeSitemap], [l].[IsStatic], [l].[Keywords], [l].[Language], [l].[Lastmod], [l].[MetaRobotsAdvance], [l].[MetaRobotsFollow], [l].[MetaRobotsIndex], [l].[Name], [l].[ObjectId], [l].[Parrams], [l].[PortalId], [l].[Priority], [l].[Redirect301], [l].[Slug], [l].[Status], [l].[Title], [l].[Type]
FROM [Link] AS [l]
WHERE EXISTS (
    SELECT 1
    FROM [LinkReference] AS [l0]
    WHERE [l0].[LinkId1] = @__linkId_0 AND [l0].[LinkId2] = [l].[Id]) AND [l].[Delete] = CAST(0 AS bit)
2025-10-29 16:26:41.846 +07:00 [INF] Executed ViewResult - view Create executed in 106.3768ms.
2025-10-29 16:26:41.846 +07:00 [INF] Executed action PT.BE.Areas.Manager.Controllers.BlogManagerController.Create (PT.UI) in 163.7756ms
2025-10-29 16:26:41.847 +07:00 [INF] Request finished HTTP/2 GET https://localhost:44372/Admin/Manager/BlogManager/Create?portalId=1&language=vi - 200 null text/html; charset=utf-8 171.2149ms
2025-10-29 16:26:41.891 +07:00 [INF] Request starting HTTP/2 POST https://localhost:44372/Admin/Manager/BlogManager/TreeCategory?language=vi&id=0&portalId=1 - null 0
2025-10-29 16:26:41.897 +07:00 [INF] Route matched with {area = "Manager", action = "TreeCategory", controller = "BlogManager"}. Executing controller action with signature System.Threading.Tasks.Task`1[System.Collections.Generic.List`1[PT.Domain.Model.TreeRoleModel]] TreeCategory(Int32, System.String, Int32) on controller PT.BE.Areas.Manager.Controllers.BlogManagerController (PT.UI).
2025-10-29 16:26:41.915 +07:00 [INF] Executed DbCommand (14ms) [Parameters=[@__id_0='?' (DbType = Int32)], CommandType='"Text"', CommandTimeout='30']
SELECT [c].[Id], [c].[CategoryId], [c].[ContentPageId]
FROM [ContentPageCategory] AS [c]
WHERE [c].[ContentPageId] = @__id_0
2025-10-29 16:26:41.928 +07:00 [INF] Executed DbCommand (11ms) [Parameters=[@__types_3='?' (Size = 4000), @__allowCategorys_0='?' (Size = 4000), @__language_1='?' (Size = 10), @__portalId_2='?' (DbType = Int32)], CommandType='"Text"', CommandTimeout='30']
SELECT [l0].[Id], [l0].[Acction], [l0].[Area], [l0].[Changefreq], [l0].[Controller], [l0].[Delete], [l0].[Description], [l0].[FacebookBanner], [l0].[FacebookDescription], [l0].[FocusKeywords], [l0].[GooglePlusDescription], [l0].[IncludeSitemap], [l0].[IsStatic], [l0].[Keywords], [l0].[Language], [l0].[Lastmod], [l0].[MetaRobotsAdvance], [l0].[MetaRobotsFollow], [l0].[MetaRobotsIndex], [l0].[Name], [l0].[ObjectId], [l0].[Parrams], [l0].[PortalId], [l0].[Priority], [l0].[Redirect301], [l0].[Slug], [l0].[Status], [l0].[Title], [l0].[Type], [c].[Id], [c].[Banner], [c].[Content], [c].[Name], [c].[Language], [c].[Status], [c].[Order], [c].[ParentId], [c].[Type], [c].[Summary], [c].[Banner2], [c].[IsHome], [c].[PortalId]
FROM [Category] AS [c]
LEFT JOIN (
    SELECT [l].[Id], [l].[Acction], [l].[Area], [l].[Changefreq], [l].[Controller], [l].[Delete], [l].[Description], [l].[FacebookBanner], [l].[FacebookDescription], [l].[FocusKeywords], [l].[GooglePlusDescription], [l].[IncludeSitemap], [l].[IsStatic], [l].[Keywords], [l].[Language], [l].[Lastmod], [l].[MetaRobotsAdvance], [l].[MetaRobotsFollow], [l].[MetaRobotsIndex], [l].[Name], [l].[ObjectId], [l].[Parrams], [l].[PortalId], [l].[Priority], [l].[Redirect301], [l].[Slug], [l].[Status], [l].[Title], [l].[Type]
    FROM [Link] AS [l]
    WHERE [l].[Type] IN (
        SELECT [t].[value]
        FROM OPENJSON(@__types_3) WITH ([value] int '$') AS [t]
    ) AND [l].[Delete] = CAST(0 AS bit)
) AS [l0] ON [c].[Id] = [l0].[ObjectId]
WHERE [c].[Status] = CAST(1 AS bit) AND [c].[Type] IN (
    SELECT [a].[value]
    FROM OPENJSON(@__allowCategorys_0) WITH ([value] int '$') AS [a]
) AND [c].[Language] = @__language_1 AND [c].[PortalId] = @__portalId_2
2025-10-29 16:26:41.929 +07:00 [INF] Executing ObjectResult, writing value of type 'System.Collections.Generic.List`1[[PT.Domain.Model.TreeRoleModel, PT.Domain, Version=1.0.0.0, Culture=neutral, PublicKeyToken=null]]'.
2025-10-29 16:26:41.931 +07:00 [INF] Executed action PT.BE.Areas.Manager.Controllers.BlogManagerController.TreeCategory (PT.UI) in 34.0829ms
2025-10-29 16:26:41.931 +07:00 [INF] Request finished HTTP/2 POST https://localhost:44372/Admin/Manager/BlogManager/TreeCategory?language=vi&id=0&portalId=1 - 200 null application/json; charset=utf-8 39.7796ms
2025-10-29 17:02:18.627 +07:00 [INF] Request starting HTTP/2 GET https://localhost:44372/Admin/Manager/BlogManager/SearchCategory?language=en - null null
2025-10-29 17:02:18.627 +07:00 [INF] Request starting HTTP/2 GET https://localhost:44372/Admin/Manager/BlogManager/SearchTag?language=en&portalId= - null null
2025-10-29 17:02:18.629 +07:00 [INF] Request starting HTTP/2 POST https://localhost:44372/Admin/Manager/BlogManager - application/x-www-form-urlencoded; charset=UTF-8 102
2025-10-29 17:02:18.702 +07:00 [INF] Executed DbCommand (10ms) [Parameters=[@__p_0='?' (DbType = Int32)], CommandType='"Text"', CommandTimeout='30']
SELECT TOP(1) [u].[Id], [u].[AccessFailedCount], [u].[Avatar], [u].[ConcurrencyStamp], [u].[CreatedDate], [u].[CreatedUserId], [u].[DisplayName], [u].[Email], [u].[EmailConfirmed], [u].[ExpirationResetPassword], [u].[ExpirationWrongPassword], [u].[IsLock], [u].[IsReLogin], [u].[IsSuperAdmin], [u].[LockoutEnabled], [u].[LockoutEnd], [u].[NormalizedEmail], [u].[NormalizedUserName], [u].[Note], [u].[NoteLock], [u].[NumberWrongPasswords], [u].[PasswordHash], [u].[PhoneNumber], [u].[PhoneNumberConfirmed], [u].[SecurityStamp], [u].[TwoFactorEnabled], [u].[UpdatedDate], [u].[UpdatedUserId], [u].[UserName]
FROM [adm].[User] AS [u]
WHERE [u].[Id] = @__p_0
2025-10-29 17:02:18.715 +07:00 [INF] Executed DbCommand (10ms) [Parameters=[@__user_Id_0='?' (DbType = Int32)], CommandType='"Text"', CommandTimeout='30']
SELECT [u].[Id], [u].[ClaimType], [u].[ClaimValue], [u].[UserId]
FROM [adm].[UserClaim] AS [u]
WHERE [u].[UserId] = @__user_Id_0
2025-10-29 17:02:18.725 +07:00 [INF] Executed DbCommand (10ms) [Parameters=[@__userId_0='?' (DbType = Int32)], CommandType='"Text"', CommandTimeout='30']
SELECT TOP(1) [r].[Id], [r].[ConcurrencyStamp], [r].[Description], [r].[Name], [r].[NormalizedName], [r].[Type]
FROM [adm].[Role] AS [r]
WHERE EXISTS (
    SELECT 1
    FROM [adm].[UserRole] AS [u]
    WHERE [u].[UserId] = @__userId_0 AND [u].[RoleId] = [r].[Id])
2025-10-29 17:02:18.727 +07:00 [INF] Route matched with {area = "Manager", action = "SearchTag", controller = "BlogManager"}. Executing controller action with signature System.Threading.Tasks.Task`1[System.Object] SearchTag(System.Nullable`1[System.Int32], System.String) on controller PT.BE.Areas.Manager.Controllers.BlogManagerController (PT.UI).
2025-10-29 17:02:18.738 +07:00 [INF] Executed DbCommand (10ms) [Parameters=[@__language_0='?' (Size = 10)], CommandType='"Text"', CommandTimeout='30']
SELECT [t].[Id], [t].[Name], [t].[Language], [t].[Status]
FROM [Tag] AS [t]
WHERE [t].[Status] = CAST(1 AS bit) AND [t].[Language] = @__language_0
ORDER BY [t].[Name]
2025-10-29 17:02:18.738 +07:00 [INF] Executing ObjectResult, writing value of type 'System.Linq.Enumerable+ListSelectIterator`2[[PT.Domain.Model.Tag, PT.Domain, Version=1.0.0.0, Culture=neutral, PublicKeyToken=null],[Microsoft.AspNetCore.Mvc.Rendering.SelectListItem, Microsoft.AspNetCore.Mvc.ViewFeatures, Version=10.0.0.0, Culture=neutral, PublicKeyToken=adb9793829ddae60]]'.
2025-10-29 17:02:18.739 +07:00 [INF] Executed action PT.BE.Areas.Manager.Controllers.BlogManagerController.SearchTag (PT.UI) in 11.1991ms
2025-10-29 17:02:18.739 +07:00 [INF] Request finished HTTP/2 GET https://localhost:44372/Admin/Manager/BlogManager/SearchTag?language=en&portalId= - 200 null application/json; charset=utf-8 111.2076ms
2025-10-29 17:02:18.744 +07:00 [INF] Executed DbCommand (11ms) [Parameters=[@__p_0='?' (DbType = Int32)], CommandType='"Text"', CommandTimeout='30']
SELECT TOP(1) [u].[Id], [u].[AccessFailedCount], [u].[Avatar], [u].[ConcurrencyStamp], [u].[CreatedDate], [u].[CreatedUserId], [u].[DisplayName], [u].[Email], [u].[EmailConfirmed], [u].[ExpirationResetPassword], [u].[ExpirationWrongPassword], [u].[IsLock], [u].[IsReLogin], [u].[IsSuperAdmin], [u].[LockoutEnabled], [u].[LockoutEnd], [u].[NormalizedEmail], [u].[NormalizedUserName], [u].[Note], [u].[NoteLock], [u].[NumberWrongPasswords], [u].[PasswordHash], [u].[PhoneNumber], [u].[PhoneNumberConfirmed], [u].[SecurityStamp], [u].[TwoFactorEnabled], [u].[UpdatedDate], [u].[UpdatedUserId], [u].[UserName]
FROM [adm].[User] AS [u]
WHERE [u].[Id] = @__p_0
2025-10-29 17:02:18.754 +07:00 [INF] Executed DbCommand (9ms) [Parameters=[@__user_Id_0='?' (DbType = Int32)], CommandType='"Text"', CommandTimeout='30']
SELECT [u].[Id], [u].[ClaimType], [u].[ClaimValue], [u].[UserId]
FROM [adm].[UserClaim] AS [u]
WHERE [u].[UserId] = @__user_Id_0
2025-10-29 17:02:18.764 +07:00 [INF] Executed DbCommand (10ms) [Parameters=[@__userId_0='?' (DbType = Int32)], CommandType='"Text"', CommandTimeout='30']
SELECT TOP(1) [r].[Id], [r].[ConcurrencyStamp], [r].[Description], [r].[Name], [r].[NormalizedName], [r].[Type]
FROM [adm].[Role] AS [r]
WHERE EXISTS (
    SELECT 1
    FROM [adm].[UserRole] AS [u]
    WHERE [u].[UserId] = @__userId_0 AND [u].[RoleId] = [r].[Id])
2025-10-29 17:02:18.765 +07:00 [INF] Route matched with {area = "Manager", action = "SearchCategory", controller = "BlogManager"}. Executing controller action with signature System.Threading.Tasks.Task`1[System.Object] SearchCategory(System.String) on controller PT.BE.Areas.Manager.Controllers.BlogManagerController (PT.UI).
2025-10-29 17:02:18.776 +07:00 [INF] Executed DbCommand (11ms) [Parameters=[@__types_1='?' (Size = 4000), @__language_0='?' (Size = 10)], CommandType='"Text"', CommandTimeout='30']
SELECT [l0].[Id], [l0].[Acction], [l0].[Area], [l0].[Changefreq], [l0].[Controller], [l0].[Delete], [l0].[Description], [l0].[FacebookBanner], [l0].[FacebookDescription], [l0].[FocusKeywords], [l0].[GooglePlusDescription], [l0].[IncludeSitemap], [l0].[IsStatic], [l0].[Keywords], [l0].[Language], [l0].[Lastmod], [l0].[MetaRobotsAdvance], [l0].[MetaRobotsFollow], [l0].[MetaRobotsIndex], [l0].[Name], [l0].[ObjectId], [l0].[Parrams], [l0].[PortalId], [l0].[Priority], [l0].[Redirect301], [l0].[Slug], [l0].[Status], [l0].[Title], [l0].[Type], [c].[Id], [c].[Banner], [c].[Content], [c].[Name], [c].[Language], [c].[Status], [c].[Order], [c].[ParentId], [c].[Type], [c].[Summary], [c].[Banner2], [c].[IsHome], [c].[PortalId]
FROM [Category] AS [c]
LEFT JOIN (
    SELECT [l].[Id], [l].[Acction], [l].[Area], [l].[Changefreq], [l].[Controller], [l].[Delete], [l].[Description], [l].[FacebookBanner], [l].[FacebookDescription], [l].[FocusKeywords], [l].[GooglePlusDescription], [l].[IncludeSitemap], [l].[IsStatic], [l].[Keywords], [l].[Language], [l].[Lastmod], [l].[MetaRobotsAdvance], [l].[MetaRobotsFollow], [l].[MetaRobotsIndex], [l].[Name], [l].[ObjectId], [l].[Parrams], [l].[PortalId], [l].[Priority], [l].[Redirect301], [l].[Slug], [l].[Status], [l].[Title], [l].[Type]
    FROM [Link] AS [l]
    WHERE [l].[Type] IN (
        SELECT [t].[value]
        FROM OPENJSON(@__types_1) WITH ([value] int '$') AS [t]
    ) AND [l].[Delete] = CAST(0 AS bit)
) AS [l0] ON [c].[Id] = [l0].[ObjectId]
WHERE [c].[Language] = @__language_0 AND [c].[Status] = CAST(1 AS bit) AND [c].[Type] = 1
2025-10-29 17:02:18.776 +07:00 [INF] Executing ObjectResult, writing value of type 'System.Collections.Generic.List`1[[Microsoft.AspNetCore.Mvc.Rendering.SelectListItem, Microsoft.AspNetCore.Mvc.ViewFeatures, Version=10.0.0.0, Culture=neutral, PublicKeyToken=adb9793829ddae60]]'.
2025-10-29 17:02:18.777 +07:00 [INF] Executed action PT.BE.Areas.Manager.Controllers.BlogManagerController.SearchCategory (PT.UI) in 11.9797ms
2025-10-29 17:02:18.777 +07:00 [INF] Request finished HTTP/2 GET https://localhost:44372/Admin/Manager/BlogManager/SearchCategory?language=en - 200 null application/json; charset=utf-8 150.1792ms
2025-10-29 17:02:18.784 +07:00 [INF] Executed DbCommand (10ms) [Parameters=[@__p_0='?' (DbType = Int32)], CommandType='"Text"', CommandTimeout='30']
SELECT TOP(1) [u].[Id], [u].[AccessFailedCount], [u].[Avatar], [u].[ConcurrencyStamp], [u].[CreatedDate], [u].[CreatedUserId], [u].[DisplayName], [u].[Email], [u].[EmailConfirmed], [u].[ExpirationResetPassword], [u].[ExpirationWrongPassword], [u].[IsLock], [u].[IsReLogin], [u].[IsSuperAdmin], [u].[LockoutEnabled], [u].[LockoutEnd], [u].[NormalizedEmail], [u].[NormalizedUserName], [u].[Note], [u].[NoteLock], [u].[NumberWrongPasswords], [u].[PasswordHash], [u].[PhoneNumber], [u].[PhoneNumberConfirmed], [u].[SecurityStamp], [u].[TwoFactorEnabled], [u].[UpdatedDate], [u].[UpdatedUserId], [u].[UserName]
FROM [adm].[User] AS [u]
WHERE [u].[Id] = @__p_0
2025-10-29 17:02:18.794 +07:00 [INF] Executed DbCommand (10ms) [Parameters=[@__user_Id_0='?' (DbType = Int32)], CommandType='"Text"', CommandTimeout='30']
SELECT [u].[Id], [u].[ClaimType], [u].[ClaimValue], [u].[UserId]
FROM [adm].[UserClaim] AS [u]
WHERE [u].[UserId] = @__user_Id_0
2025-10-29 17:02:18.804 +07:00 [INF] Executed DbCommand (10ms) [Parameters=[@__userId_0='?' (DbType = Int32)], CommandType='"Text"', CommandTimeout='30']
SELECT TOP(1) [r].[Id], [r].[ConcurrencyStamp], [r].[Description], [r].[Name], [r].[NormalizedName], [r].[Type]
FROM [adm].[Role] AS [r]
WHERE EXISTS (
    SELECT 1
    FROM [adm].[UserRole] AS [u]
    WHERE [u].[UserId] = @__userId_0 AND [u].[RoleId] = [r].[Id])
2025-10-29 17:02:18.804 +07:00 [INF] Route matched with {area = "Manager", action = "Index", controller = "BlogManager"}. Executing controller action with signature System.Threading.Tasks.Task`1[Microsoft.AspNetCore.Mvc.IActionResult] IndexPost(System.Nullable`1[System.Int32], System.Nullable`1[System.Int32], System.String, System.Nullable`1[System.Int32], System.Nullable`1[System.Int32], System.Nullable`1[System.Boolean], System.Nullable`1[System.Int32], System.String, System.String, System.String) on controller PT.BE.Areas.Manager.Controllers.BlogManagerController (PT.UI).
2025-10-29 17:02:18.816 +07:00 [INF] Executed DbCommand (10ms) [Parameters=[@__DisabledTypes_1='?' (Size = 4000), @__language_2='?' (Size = 10), @__p_5='?' (DbType = Int32), @__p_6='?' (DbType = Int32)], CommandType='"Text"', CommandTimeout='30']
SELECT [l0].[Id], [l0].[Acction], [l0].[Area], [l0].[Changefreq], [l0].[Controller], [l0].[Delete], [l0].[Description], [l0].[FacebookBanner], [l0].[FacebookDescription], [l0].[FocusKeywords], [l0].[GooglePlusDescription], [l0].[IncludeSitemap], [l0].[IsStatic], [l0].[Keywords], [l0].[Language], [l0].[Lastmod], [l0].[MetaRobotsAdvance], [l0].[MetaRobotsFollow], [l0].[MetaRobotsIndex], [l0].[Name], [l0].[ObjectId], [l0].[Parrams], [l0].[PortalId], [l0].[Priority], [l0].[Redirect301], [l0].[Slug], [l0].[Status], [l0].[Title], [l0].[Type], [c].[Id], [c].[Author], [c].[Banner], [c].[CategoryId], [c].[Content], [c].[DatePosted], [c].[EndDate], [c].[IsHome], [c].[Language], [c].[Name], [c].[PortalId], [c].[Price], [c].[ServiceId], [c].[StartDate], [c].[Status], [c].[Summary], [c].[Type]
FROM [ContentPage] AS [c]
LEFT JOIN (
    SELECT [l].[Id], [l].[Acction], [l].[Area], [l].[Changefreq], [l].[Controller], [l].[Delete], [l].[Description], [l].[FacebookBanner], [l].[FacebookDescription], [l].[FocusKeywords], [l].[GooglePlusDescription], [l].[IncludeSitemap], [l].[IsStatic], [l].[Keywords], [l].[Language], [l].[Lastmod], [l].[MetaRobotsAdvance], [l].[MetaRobotsFollow], [l].[MetaRobotsIndex], [l].[Name], [l].[ObjectId], [l].[Parrams], [l].[PortalId], [l].[Priority], [l].[Redirect301], [l].[Slug], [l].[Status], [l].[Title], [l].[Type]
    FROM [Link] AS [l]
    WHERE [l].[Type] IN (3, 6, 4, 5, 12)
) AS [l0] ON [c].[Id] = [l0].[ObjectId]
WHERE [c].[Type] NOT IN (
    SELECT [d].[value]
    FROM OPENJSON(@__DisabledTypes_1) WITH ([value] int '$') AS [d]
) AND [c].[Language] = @__language_2
ORDER BY [c].[DatePosted]
OFFSET @__p_5 ROWS FETCH NEXT @__p_6 ROWS ONLY
2025-10-29 17:02:18.827 +07:00 [INF] Executed DbCommand (10ms) [Parameters=[@__blogIds_0='?' (Size = 4000)], CommandType='"Text"', CommandTimeout='30']
SELECT [c].[ContentPageId], CASE
    WHEN [c0].[Id] IS NULL THEN 0
    ELSE [c0].[Id]
END AS [CategoryId], [c0].[Id], [c0].[Banner], [c0].[Banner2], [c0].[Content], [c0].[IsHome], [c0].[Language], [c0].[LinkData], [c0].[Name], [c0].[Order], [c0].[ParentId], [c0].[PortalId], [c0].[Status], [c0].[Summary], [c0].[Type]
FROM [ContentPageCategory] AS [c]
LEFT JOIN [Category] AS [c0] ON [c].[CategoryId] = [c0].[Id]
WHERE [c].[ContentPageId] IN (
    SELECT [b].[value]
    FROM OPENJSON(@__blogIds_0) WITH ([value] int '$') AS [b]
)
2025-10-29 17:02:18.837 +07:00 [INF] Executed DbCommand (10ms) [Parameters=[@__blogIds_0='?' (Size = 4000)], CommandType='"Text"', CommandTimeout='30']
SELECT [c].[ContentPageId], CASE
    WHEN [t].[Id] IS NULL THEN 0
    ELSE [t].[Id]
END AS [TagId], [t].[Id], [t].[Banner], [t].[Content], [t].[Language], [t].[Name], [t].[PortalId], [t].[Status]
FROM [ContentPageTag] AS [c]
LEFT JOIN [Tag] AS [t] ON [c].[TagId] = [t].[Id]
WHERE [c].[ContentPageId] IN (
    SELECT [b].[value]
    FROM OPENJSON(@__blogIds_0) WITH ([value] int '$') AS [b]
)
2025-10-29 17:02:18.848 +07:00 [INF] Executed DbCommand (11ms) [Parameters=[@__listLink_0='?' (Size = 4000)], CommandType='"Text"', CommandTimeout='30']
SELECT [l].[Language], [l].[Id], [l].[LinkId2], [l].[LinkId1], [l1].[Id], [l1].[Acction], [l1].[Area], [l1].[Changefreq], [l1].[Controller], [l1].[Delete], [l1].[Description], [l1].[FacebookBanner], [l1].[FacebookDescription], [l1].[FocusKeywords], [l1].[GooglePlusDescription], [l1].[IncludeSitemap], [l1].[IsStatic], [l1].[Keywords], [l1].[Language], [l1].[Lastmod], [l1].[MetaRobotsAdvance], [l1].[MetaRobotsFollow], [l1].[MetaRobotsIndex], [l1].[Name], [l1].[ObjectId], [l1].[Parrams], [l1].[PortalId], [l1].[Priority], [l1].[Redirect301], [l1].[Slug], [l1].[Status], [l1].[Title], [l1].[Type]
FROM [LinkReference] AS [l]
LEFT JOIN [Link] AS [l1] ON [l].[LinkId2] = [l1].[Id]
WHERE [l].[LinkId1] IN (
    SELECT [l0].[value]
    FROM OPENJSON(@__listLink_0) WITH ([value] int '$') AS [l0]
)
2025-10-29 17:02:18.857 +07:00 [INF] Executed DbCommand (9ms) [Parameters=[@__DisabledTypes_1='?' (Size = 4000), @__language_2='?' (Size = 10)], CommandType='"Text"', CommandTimeout='30']
SELECT COUNT(*)
FROM [ContentPage] AS [c]
LEFT JOIN (
    SELECT [l].[ObjectId]
    FROM [Link] AS [l]
    WHERE [l].[Type] IN (3, 6, 4, 5, 12)
) AS [l0] ON [c].[Id] = [l0].[ObjectId]
WHERE [c].[Type] NOT IN (
    SELECT [d].[value]
    FROM OPENJSON(@__DisabledTypes_1) WITH ([value] int '$') AS [d]
) AND [c].[Language] = @__language_2
2025-10-29 17:02:18.867 +07:00 [INF] Executed DbCommand (10ms) [Parameters=[], CommandType='"Text"', CommandTimeout='30']
SELECT [p].[Id], [p].[Domain], [p].[Name]
FROM [Portal] AS [p]
2025-10-29 17:02:18.868 +07:00 [INF] Executing ViewResult, running view IndexAjax.
2025-10-29 17:02:18.869 +07:00 [INF] Executed ViewResult - view IndexAjax executed in 1.1853ms.
2025-10-29 17:02:18.869 +07:00 [INF] Executed action PT.BE.Areas.Manager.Controllers.BlogManagerController.IndexPost (PT.UI) in 64.1203ms
2025-10-29 17:02:18.869 +07:00 [INF] Request finished HTTP/2 POST https://localhost:44372/Admin/Manager/BlogManager - 200 null text/html; charset=utf-8 239.6695ms
2025-10-29 17:02:19.024 +07:00 [INF] Request starting HTTP/2 GET https://localhost:44372/Admin/Manager/BlogManager/SearchCategory?language=vi - null null
2025-10-29 17:02:19.024 +07:00 [INF] Route matched with {area = "Manager", action = "SearchCategory", controller = "BlogManager"}. Executing controller action with signature System.Threading.Tasks.Task`1[System.Object] SearchCategory(System.String) on controller PT.BE.Areas.Manager.Controllers.BlogManagerController (PT.UI).
2025-10-29 17:02:19.024 +07:00 [INF] Request starting HTTP/2 GET https://localhost:44372/Admin/Manager/BlogManager/SearchTag?language=vi&portalId= - null null
2025-10-29 17:02:19.025 +07:00 [INF] Route matched with {area = "Manager", action = "SearchTag", controller = "BlogManager"}. Executing controller action with signature System.Threading.Tasks.Task`1[System.Object] SearchTag(System.Nullable`1[System.Int32], System.String) on controller PT.BE.Areas.Manager.Controllers.BlogManagerController (PT.UI).
2025-10-29 17:02:19.033 +07:00 [INF] Request starting HTTP/2 POST https://localhost:44372/Admin/Manager/BlogManager - application/x-www-form-urlencoded; charset=UTF-8 102
2025-10-29 17:02:19.034 +07:00 [INF] Route matched with {area = "Manager", action = "Index", controller = "BlogManager"}. Executing controller action with signature System.Threading.Tasks.Task`1[Microsoft.AspNetCore.Mvc.IActionResult] IndexPost(System.Nullable`1[System.Int32], System.Nullable`1[System.Int32], System.String, System.Nullable`1[System.Int32], System.Nullable`1[System.Int32], System.Nullable`1[System.Boolean], System.Nullable`1[System.Int32], System.String, System.String, System.String) on controller PT.BE.Areas.Manager.Controllers.BlogManagerController (PT.UI).
2025-10-29 17:02:19.035 +07:00 [INF] Executed DbCommand (10ms) [Parameters=[@__language_0='?' (Size = 10)], CommandType='"Text"', CommandTimeout='30']
SELECT [t].[Id], [t].[Name], [t].[Language], [t].[Status]
FROM [Tag] AS [t]
WHERE [t].[Status] = CAST(1 AS bit) AND [t].[Language] = @__language_0
ORDER BY [t].[Name]
2025-10-29 17:02:19.036 +07:00 [INF] Executing ObjectResult, writing value of type 'System.Linq.Enumerable+ListSelectIterator`2[[PT.Domain.Model.Tag, PT.Domain, Version=1.0.0.0, Culture=neutral, PublicKeyToken=null],[Microsoft.AspNetCore.Mvc.Rendering.SelectListItem, Microsoft.AspNetCore.Mvc.ViewFeatures, Version=10.0.0.0, Culture=neutral, PublicKeyToken=adb9793829ddae60]]'.
2025-10-29 17:02:19.036 +07:00 [INF] Executed DbCommand (10ms) [Parameters=[@__types_1='?' (Size = 4000), @__language_0='?' (Size = 10)], CommandType='"Text"', CommandTimeout='30']
SELECT [l0].[Id], [l0].[Acction], [l0].[Area], [l0].[Changefreq], [l0].[Controller], [l0].[Delete], [l0].[Description], [l0].[FacebookBanner], [l0].[FacebookDescription], [l0].[FocusKeywords], [l0].[GooglePlusDescription], [l0].[IncludeSitemap], [l0].[IsStatic], [l0].[Keywords], [l0].[Language], [l0].[Lastmod], [l0].[MetaRobotsAdvance], [l0].[MetaRobotsFollow], [l0].[MetaRobotsIndex], [l0].[Name], [l0].[ObjectId], [l0].[Parrams], [l0].[PortalId], [l0].[Priority], [l0].[Redirect301], [l0].[Slug], [l0].[Status], [l0].[Title], [l0].[Type], [c].[Id], [c].[Banner], [c].[Content], [c].[Name], [c].[Language], [c].[Status], [c].[Order], [c].[ParentId], [c].[Type], [c].[Summary], [c].[Banner2], [c].[IsHome], [c].[PortalId]
FROM [Category] AS [c]
LEFT JOIN (
    SELECT [l].[Id], [l].[Acction], [l].[Area], [l].[Changefreq], [l].[Controller], [l].[Delete], [l].[Description], [l].[FacebookBanner], [l].[FacebookDescription], [l].[FocusKeywords], [l].[GooglePlusDescription], [l].[IncludeSitemap], [l].[IsStatic], [l].[Keywords], [l].[Language], [l].[Lastmod], [l].[MetaRobotsAdvance], [l].[MetaRobotsFollow], [l].[MetaRobotsIndex], [l].[Name], [l].[ObjectId], [l].[Parrams], [l].[PortalId], [l].[Priority], [l].[Redirect301], [l].[Slug], [l].[Status], [l].[Title], [l].[Type]
    FROM [Link] AS [l]
    WHERE [l].[Type] IN (
        SELECT [t].[value]
        FROM OPENJSON(@__types_1) WITH ([value] int '$') AS [t]
    ) AND [l].[Delete] = CAST(0 AS bit)
) AS [l0] ON [c].[Id] = [l0].[ObjectId]
WHERE [c].[Language] = @__language_0 AND [c].[Status] = CAST(1 AS bit) AND [c].[Type] = 1
2025-10-29 17:02:19.036 +07:00 [INF] Executing ObjectResult, writing value of type 'System.Collections.Generic.List`1[[Microsoft.AspNetCore.Mvc.Rendering.SelectListItem, Microsoft.AspNetCore.Mvc.ViewFeatures, Version=10.0.0.0, Culture=neutral, PublicKeyToken=adb9793829ddae60]]'.
2025-10-29 17:02:19.036 +07:00 [INF] Executed action PT.BE.Areas.Manager.Controllers.BlogManagerController.SearchTag (PT.UI) in 11.0276ms
2025-10-29 17:02:19.036 +07:00 [INF] Executed action PT.BE.Areas.Manager.Controllers.BlogManagerController.SearchCategory (PT.UI) in 11.3744ms
2025-10-29 17:02:19.036 +07:00 [INF] Request finished HTTP/2 GET https://localhost:44372/Admin/Manager/BlogManager/SearchTag?language=vi&portalId= - 200 null application/json; charset=utf-8 11.3805ms
2025-10-29 17:02:19.036 +07:00 [INF] Request finished HTTP/2 GET https://localhost:44372/Admin/Manager/BlogManager/SearchCategory?language=vi - 200 null application/json; charset=utf-8 12.0111ms
2025-10-29 17:02:19.044 +07:00 [INF] Executed DbCommand (10ms) [Parameters=[@__p_0='?' (DbType = Int32)], CommandType='"Text"', CommandTimeout='30']
SELECT TOP(1) [u].[Id], [u].[AccessFailedCount], [u].[Avatar], [u].[ConcurrencyStamp], [u].[CreatedDate], [u].[CreatedUserId], [u].[DisplayName], [u].[Email], [u].[EmailConfirmed], [u].[ExpirationResetPassword], [u].[ExpirationWrongPassword], [u].[IsLock], [u].[IsReLogin], [u].[IsSuperAdmin], [u].[LockoutEnabled], [u].[LockoutEnd], [u].[NormalizedEmail], [u].[NormalizedUserName], [u].[Note], [u].[NoteLock], [u].[NumberWrongPasswords], [u].[PasswordHash], [u].[PhoneNumber], [u].[PhoneNumberConfirmed], [u].[SecurityStamp], [u].[TwoFactorEnabled], [u].[UpdatedDate], [u].[UpdatedUserId], [u].[UserName]
FROM [adm].[User] AS [u]
WHERE [u].[Id] = @__p_0
2025-10-29 17:02:19.054 +07:00 [INF] Executed DbCommand (9ms) [Parameters=[@__DisabledTypes_1='?' (Size = 4000), @__language_2='?' (Size = 10), @__p_5='?' (DbType = Int32), @__p_6='?' (DbType = Int32)], CommandType='"Text"', CommandTimeout='30']
SELECT [l0].[Id], [l0].[Acction], [l0].[Area], [l0].[Changefreq], [l0].[Controller], [l0].[Delete], [l0].[Description], [l0].[FacebookBanner], [l0].[FacebookDescription], [l0].[FocusKeywords], [l0].[GooglePlusDescription], [l0].[IncludeSitemap], [l0].[IsStatic], [l0].[Keywords], [l0].[Language], [l0].[Lastmod], [l0].[MetaRobotsAdvance], [l0].[MetaRobotsFollow], [l0].[MetaRobotsIndex], [l0].[Name], [l0].[ObjectId], [l0].[Parrams], [l0].[PortalId], [l0].[Priority], [l0].[Redirect301], [l0].[Slug], [l0].[Status], [l0].[Title], [l0].[Type], [c].[Id], [c].[Author], [c].[Banner], [c].[CategoryId], [c].[Content], [c].[DatePosted], [c].[EndDate], [c].[IsHome], [c].[Language], [c].[Name], [c].[PortalId], [c].[Price], [c].[ServiceId], [c].[StartDate], [c].[Status], [c].[Summary], [c].[Type]
FROM [ContentPage] AS [c]
LEFT JOIN (
    SELECT [l].[Id], [l].[Acction], [l].[Area], [l].[Changefreq], [l].[Controller], [l].[Delete], [l].[Description], [l].[FacebookBanner], [l].[FacebookDescription], [l].[FocusKeywords], [l].[GooglePlusDescription], [l].[IncludeSitemap], [l].[IsStatic], [l].[Keywords], [l].[Language], [l].[Lastmod], [l].[MetaRobotsAdvance], [l].[MetaRobotsFollow], [l].[MetaRobotsIndex], [l].[Name], [l].[ObjectId], [l].[Parrams], [l].[PortalId], [l].[Priority], [l].[Redirect301], [l].[Slug], [l].[Status], [l].[Title], [l].[Type]
    FROM [Link] AS [l]
    WHERE [l].[Type] IN (3, 6, 4, 5, 12)
) AS [l0] ON [c].[Id] = [l0].[ObjectId]
WHERE [c].[Type] NOT IN (
    SELECT [d].[value]
    FROM OPENJSON(@__DisabledTypes_1) WITH ([value] int '$') AS [d]
) AND [c].[Language] = @__language_2
ORDER BY [c].[DatePosted]
OFFSET @__p_5 ROWS FETCH NEXT @__p_6 ROWS ONLY
2025-10-29 17:02:19.065 +07:00 [INF] Executed DbCommand (10ms) [Parameters=[@__blogIds_0='?' (Size = 4000)], CommandType='"Text"', CommandTimeout='30']
SELECT [c].[ContentPageId], CASE
    WHEN [c0].[Id] IS NULL THEN 0
    ELSE [c0].[Id]
END AS [CategoryId], [c0].[Id], [c0].[Banner], [c0].[Banner2], [c0].[Content], [c0].[IsHome], [c0].[Language], [c0].[LinkData], [c0].[Name], [c0].[Order], [c0].[ParentId], [c0].[PortalId], [c0].[Status], [c0].[Summary], [c0].[Type]
FROM [ContentPageCategory] AS [c]
LEFT JOIN [Category] AS [c0] ON [c].[CategoryId] = [c0].[Id]
WHERE [c].[ContentPageId] IN (
    SELECT [b].[value]
    FROM OPENJSON(@__blogIds_0) WITH ([value] int '$') AS [b]
)
2025-10-29 17:02:19.075 +07:00 [INF] Executed DbCommand (10ms) [Parameters=[@__blogIds_0='?' (Size = 4000)], CommandType='"Text"', CommandTimeout='30']
SELECT [c].[ContentPageId], CASE
    WHEN [t].[Id] IS NULL THEN 0
    ELSE [t].[Id]
END AS [TagId], [t].[Id], [t].[Banner], [t].[Content], [t].[Language], [t].[Name], [t].[PortalId], [t].[Status]
FROM [ContentPageTag] AS [c]
LEFT JOIN [Tag] AS [t] ON [c].[TagId] = [t].[Id]
WHERE [c].[ContentPageId] IN (
    SELECT [b].[value]
    FROM OPENJSON(@__blogIds_0) WITH ([value] int '$') AS [b]
)
2025-10-29 17:02:19.086 +07:00 [INF] Executed DbCommand (10ms) [Parameters=[@__listLink_0='?' (Size = 4000)], CommandType='"Text"', CommandTimeout='30']
SELECT [l].[Language], [l].[Id], [l].[LinkId2], [l].[LinkId1], [l1].[Id], [l1].[Acction], [l1].[Area], [l1].[Changefreq], [l1].[Controller], [l1].[Delete], [l1].[Description], [l1].[FacebookBanner], [l1].[FacebookDescription], [l1].[FocusKeywords], [l1].[GooglePlusDescription], [l1].[IncludeSitemap], [l1].[IsStatic], [l1].[Keywords], [l1].[Language], [l1].[Lastmod], [l1].[MetaRobotsAdvance], [l1].[MetaRobotsFollow], [l1].[MetaRobotsIndex], [l1].[Name], [l1].[ObjectId], [l1].[Parrams], [l1].[PortalId], [l1].[Priority], [l1].[Redirect301], [l1].[Slug], [l1].[Status], [l1].[Title], [l1].[Type]
FROM [LinkReference] AS [l]
LEFT JOIN [Link] AS [l1] ON [l].[LinkId2] = [l1].[Id]
WHERE [l].[LinkId1] IN (
    SELECT [l0].[value]
    FROM OPENJSON(@__listLink_0) WITH ([value] int '$') AS [l0]
)
2025-10-29 17:02:19.097 +07:00 [INF] Executed DbCommand (10ms) [Parameters=[@__DisabledTypes_1='?' (Size = 4000), @__language_2='?' (Size = 10)], CommandType='"Text"', CommandTimeout='30']
SELECT COUNT(*)
FROM [ContentPage] AS [c]
LEFT JOIN (
    SELECT [l].[ObjectId]
    FROM [Link] AS [l]
    WHERE [l].[Type] IN (3, 6, 4, 5, 12)
) AS [l0] ON [c].[Id] = [l0].[ObjectId]
WHERE [c].[Type] NOT IN (
    SELECT [d].[value]
    FROM OPENJSON(@__DisabledTypes_1) WITH ([value] int '$') AS [d]
) AND [c].[Language] = @__language_2
2025-10-29 17:02:19.107 +07:00 [INF] Executed DbCommand (10ms) [Parameters=[], CommandType='"Text"', CommandTimeout='30']
SELECT [p].[Id], [p].[Domain], [p].[Name]
FROM [Portal] AS [p]
2025-10-29 17:02:19.107 +07:00 [INF] Executing ViewResult, running view IndexAjax.
2025-10-29 17:02:19.108 +07:00 [INF] Executed ViewResult - view IndexAjax executed in 0.2185ms.
2025-10-29 17:02:19.108 +07:00 [INF] Executed action PT.BE.Areas.Manager.Controllers.BlogManagerController.IndexPost (PT.UI) in 73.7559ms
2025-10-29 17:02:19.108 +07:00 [INF] Request finished HTTP/2 POST https://localhost:44372/Admin/Manager/BlogManager - 200 null text/html; charset=utf-8 74.3578ms
2025-10-29 17:02:20.955 +07:00 [INF] Request starting HTTP/2 GET https://localhost:44372/Admin/Manager/BlogManager/Create?portalId=1&language=en - null null
2025-10-29 17:02:20.955 +07:00 [INF] Route matched with {area = "Manager", action = "Create", controller = "BlogManager"}. Executing controller action with signature System.Threading.Tasks.Task`1[Microsoft.AspNetCore.Mvc.IActionResult] Create(System.String, Int32) on controller PT.BE.Areas.Manager.Controllers.BlogManagerController (PT.UI).
2025-10-29 17:02:20.966 +07:00 [INF] Executed DbCommand (10ms) [Parameters=[@__p_0='?' (DbType = Int32)], CommandType='"Text"', CommandTimeout='30']
SELECT TOP(1) [u].[Id], [u].[AccessFailedCount], [u].[Avatar], [u].[ConcurrencyStamp], [u].[CreatedDate], [u].[CreatedUserId], [u].[DisplayName], [u].[Email], [u].[EmailConfirmed], [u].[ExpirationResetPassword], [u].[ExpirationWrongPassword], [u].[IsLock], [u].[IsReLogin], [u].[IsSuperAdmin], [u].[LockoutEnabled], [u].[LockoutEnd], [u].[NormalizedEmail], [u].[NormalizedUserName], [u].[Note], [u].[NoteLock], [u].[NumberWrongPasswords], [u].[PasswordHash], [u].[PhoneNumber], [u].[PhoneNumberConfirmed], [u].[SecurityStamp], [u].[TwoFactorEnabled], [u].[UpdatedDate], [u].[UpdatedUserId], [u].[UserName]
FROM [adm].[User] AS [u]
WHERE [u].[Id] = @__p_0
2025-10-29 17:02:20.977 +07:00 [INF] Executed DbCommand (10ms) [Parameters=[@__language_0='?' (Size = 10)], CommandType='"Text"', CommandTimeout='30']
SELECT [t].[Id], [t].[Name], [t].[Language], [t].[Status]
FROM [Tag] AS [t]
WHERE [t].[Status] = CAST(1 AS bit) AND [t].[Language] = @__language_0
ORDER BY [t].[Name]
2025-10-29 17:02:20.986 +07:00 [INF] Executed DbCommand (9ms) [Parameters=[@__portalId_0='?' (DbType = Int32)], CommandType='"Text"', CommandTimeout='30']
SELECT TOP(1) [p].[Id], [p].[Domain], [p].[Name]
FROM [Portal] AS [p]
WHERE [p].[Id] = @__portalId_0
2025-10-29 17:02:20.997 +07:00 [INF] Executed DbCommand (10ms) [Parameters=[@__types_3='?' (Size = 4000), @__allowCategorys_0='?' (Size = 4000), @__language_1='?' (Size = 10), @__portalId_2='?' (DbType = Int32)], CommandType='"Text"', CommandTimeout='30']
SELECT [l0].[Id], [l0].[Acction], [l0].[Area], [l0].[Changefreq], [l0].[Controller], [l0].[Delete], [l0].[Description], [l0].[FacebookBanner], [l0].[FacebookDescription], [l0].[FocusKeywords], [l0].[GooglePlusDescription], [l0].[IncludeSitemap], [l0].[IsStatic], [l0].[Keywords], [l0].[Language], [l0].[Lastmod], [l0].[MetaRobotsAdvance], [l0].[MetaRobotsFollow], [l0].[MetaRobotsIndex], [l0].[Name], [l0].[ObjectId], [l0].[Parrams], [l0].[PortalId], [l0].[Priority], [l0].[Redirect301], [l0].[Slug], [l0].[Status], [l0].[Title], [l0].[Type], [c].[Id], [c].[Banner], [c].[Content], [c].[Name], [c].[Language], [c].[Status], [c].[Order], [c].[ParentId], [c].[Type], [c].[Summary], [c].[Banner2], [c].[IsHome], [c].[PortalId]
FROM [Category] AS [c]
LEFT JOIN (
    SELECT [l].[Id], [l].[Acction], [l].[Area], [l].[Changefreq], [l].[Controller], [l].[Delete], [l].[Description], [l].[FacebookBanner], [l].[FacebookDescription], [l].[FocusKeywords], [l].[GooglePlusDescription], [l].[IncludeSitemap], [l].[IsStatic], [l].[Keywords], [l].[Language], [l].[Lastmod], [l].[MetaRobotsAdvance], [l].[MetaRobotsFollow], [l].[MetaRobotsIndex], [l].[Name], [l].[ObjectId], [l].[Parrams], [l].[PortalId], [l].[Priority], [l].[Redirect301], [l].[Slug], [l].[Status], [l].[Title], [l].[Type]
    FROM [Link] AS [l]
    WHERE [l].[Type] IN (
        SELECT [t].[value]
        FROM OPENJSON(@__types_3) WITH ([value] int '$') AS [t]
    ) AND [l].[Delete] = CAST(0 AS bit)
) AS [l0] ON [c].[Id] = [l0].[ObjectId]
WHERE [c].[Status] = CAST(1 AS bit) AND [c].[Type] IN (
    SELECT [a].[value]
    FROM OPENJSON(@__allowCategorys_0) WITH ([value] int '$') AS [a]
) AND [c].[Language] = @__language_1 AND [c].[PortalId] = @__portalId_2
2025-10-29 17:02:20.998 +07:00 [INF] Executing ViewResult, running view Create.
2025-10-29 17:02:21.010 +07:00 [INF] Executed DbCommand (10ms) [Parameters=[@__linkId_0='?' (DbType = Int32)], CommandType='"Text"', CommandTimeout='30']
SELECT [l].[Id], [l].[Acction], [l].[Area], [l].[Changefreq], [l].[Controller], [l].[Delete], [l].[Description], [l].[FacebookBanner], [l].[FacebookDescription], [l].[FocusKeywords], [l].[GooglePlusDescription], [l].[IncludeSitemap], [l].[IsStatic], [l].[Keywords], [l].[Language], [l].[Lastmod], [l].[MetaRobotsAdvance], [l].[MetaRobotsFollow], [l].[MetaRobotsIndex], [l].[Name], [l].[ObjectId], [l].[Parrams], [l].[PortalId], [l].[Priority], [l].[Redirect301], [l].[Slug], [l].[Status], [l].[Title], [l].[Type]
FROM [Link] AS [l]
WHERE EXISTS (
    SELECT 1
    FROM [LinkReference] AS [l0]
    WHERE [l0].[LinkId1] = @__linkId_0 AND [l0].[LinkId2] = [l].[Id]) AND [l].[Delete] = CAST(0 AS bit)
2025-10-29 17:02:21.018 +07:00 [INF] Executed ViewResult - view Create executed in 21.0392ms.
2025-10-29 17:02:21.018 +07:00 [INF] Executed action PT.BE.Areas.Manager.Controllers.BlogManagerController.Create (PT.UI) in 62.9896ms
2025-10-29 17:02:21.019 +07:00 [INF] Request finished HTTP/2 GET https://localhost:44372/Admin/Manager/BlogManager/Create?portalId=1&language=en - 200 null text/html; charset=utf-8 64.1449ms
2025-10-29 17:02:21.051 +07:00 [INF] Request starting HTTP/2 POST https://localhost:44372/Admin/Manager/BlogManager/TreeCategory?language=en&id=0&portalId=1 - null 0
2025-10-29 17:02:21.052 +07:00 [INF] Route matched with {area = "Manager", action = "TreeCategory", controller = "BlogManager"}. Executing controller action with signature System.Threading.Tasks.Task`1[System.Collections.Generic.List`1[PT.Domain.Model.TreeRoleModel]] TreeCategory(Int32, System.String, Int32) on controller PT.BE.Areas.Manager.Controllers.BlogManagerController (PT.UI).
2025-10-29 17:02:21.062 +07:00 [INF] Executed DbCommand (10ms) [Parameters=[@__id_0='?' (DbType = Int32)], CommandType='"Text"', CommandTimeout='30']
SELECT [c].[Id], [c].[CategoryId], [c].[ContentPageId]
FROM [ContentPageCategory] AS [c]
WHERE [c].[ContentPageId] = @__id_0
2025-10-29 17:02:21.074 +07:00 [INF] Executed DbCommand (11ms) [Parameters=[@__types_3='?' (Size = 4000), @__allowCategorys_0='?' (Size = 4000), @__language_1='?' (Size = 10), @__portalId_2='?' (DbType = Int32)], CommandType='"Text"', CommandTimeout='30']
SELECT [l0].[Id], [l0].[Acction], [l0].[Area], [l0].[Changefreq], [l0].[Controller], [l0].[Delete], [l0].[Description], [l0].[FacebookBanner], [l0].[FacebookDescription], [l0].[FocusKeywords], [l0].[GooglePlusDescription], [l0].[IncludeSitemap], [l0].[IsStatic], [l0].[Keywords], [l0].[Language], [l0].[Lastmod], [l0].[MetaRobotsAdvance], [l0].[MetaRobotsFollow], [l0].[MetaRobotsIndex], [l0].[Name], [l0].[ObjectId], [l0].[Parrams], [l0].[PortalId], [l0].[Priority], [l0].[Redirect301], [l0].[Slug], [l0].[Status], [l0].[Title], [l0].[Type], [c].[Id], [c].[Banner], [c].[Content], [c].[Name], [c].[Language], [c].[Status], [c].[Order], [c].[ParentId], [c].[Type], [c].[Summary], [c].[Banner2], [c].[IsHome], [c].[PortalId]
FROM [Category] AS [c]
LEFT JOIN (
    SELECT [l].[Id], [l].[Acction], [l].[Area], [l].[Changefreq], [l].[Controller], [l].[Delete], [l].[Description], [l].[FacebookBanner], [l].[FacebookDescription], [l].[FocusKeywords], [l].[GooglePlusDescription], [l].[IncludeSitemap], [l].[IsStatic], [l].[Keywords], [l].[Language], [l].[Lastmod], [l].[MetaRobotsAdvance], [l].[MetaRobotsFollow], [l].[MetaRobotsIndex], [l].[Name], [l].[ObjectId], [l].[Parrams], [l].[PortalId], [l].[Priority], [l].[Redirect301], [l].[Slug], [l].[Status], [l].[Title], [l].[Type]
    FROM [Link] AS [l]
    WHERE [l].[Type] IN (
        SELECT [t].[value]
        FROM OPENJSON(@__types_3) WITH ([value] int '$') AS [t]
    ) AND [l].[Delete] = CAST(0 AS bit)
) AS [l0] ON [c].[Id] = [l0].[ObjectId]
WHERE [c].[Status] = CAST(1 AS bit) AND [c].[Type] IN (
    SELECT [a].[value]
    FROM OPENJSON(@__allowCategorys_0) WITH ([value] int '$') AS [a]
) AND [c].[Language] = @__language_1 AND [c].[PortalId] = @__portalId_2
2025-10-29 17:02:21.074 +07:00 [INF] Executing ObjectResult, writing value of type 'System.Collections.Generic.List`1[[PT.Domain.Model.TreeRoleModel, PT.Domain, Version=1.0.0.0, Culture=neutral, PublicKeyToken=null]]'.
2025-10-29 17:02:21.074 +07:00 [INF] Executed action PT.BE.Areas.Manager.Controllers.BlogManagerController.TreeCategory (PT.UI) in 22.2001ms
2025-10-29 17:02:21.074 +07:00 [INF] Request finished HTTP/2 POST https://localhost:44372/Admin/Manager/BlogManager/TreeCategory?language=en&id=0&portalId=1 - 200 null application/json; charset=utf-8 22.9999ms
2025-10-29 17:02:25.330 +07:00 [INF] Request starting HTTP/2 GET https://localhost:44372/Admin/Manager/BlogManager/Create?portalId=1&language=vi - null null
2025-10-29 17:02:25.331 +07:00 [INF] Route matched with {area = "Manager", action = "Create", controller = "BlogManager"}. Executing controller action with signature System.Threading.Tasks.Task`1[Microsoft.AspNetCore.Mvc.IActionResult] Create(System.String, Int32) on controller PT.BE.Areas.Manager.Controllers.BlogManagerController (PT.UI).
2025-10-29 17:02:25.341 +07:00 [INF] Executed DbCommand (10ms) [Parameters=[@__p_0='?' (DbType = Int32)], CommandType='"Text"', CommandTimeout='30']
SELECT TOP(1) [u].[Id], [u].[AccessFailedCount], [u].[Avatar], [u].[ConcurrencyStamp], [u].[CreatedDate], [u].[CreatedUserId], [u].[DisplayName], [u].[Email], [u].[EmailConfirmed], [u].[ExpirationResetPassword], [u].[ExpirationWrongPassword], [u].[IsLock], [u].[IsReLogin], [u].[IsSuperAdmin], [u].[LockoutEnabled], [u].[LockoutEnd], [u].[NormalizedEmail], [u].[NormalizedUserName], [u].[Note], [u].[NoteLock], [u].[NumberWrongPasswords], [u].[PasswordHash], [u].[PhoneNumber], [u].[PhoneNumberConfirmed], [u].[SecurityStamp], [u].[TwoFactorEnabled], [u].[UpdatedDate], [u].[UpdatedUserId], [u].[UserName]
FROM [adm].[User] AS [u]
WHERE [u].[Id] = @__p_0
2025-10-29 17:02:25.351 +07:00 [INF] Executed DbCommand (10ms) [Parameters=[@__language_0='?' (Size = 10)], CommandType='"Text"', CommandTimeout='30']
SELECT [t].[Id], [t].[Name], [t].[Language], [t].[Status]
FROM [Tag] AS [t]
WHERE [t].[Status] = CAST(1 AS bit) AND [t].[Language] = @__language_0
ORDER BY [t].[Name]
2025-10-29 17:02:25.361 +07:00 [INF] Executed DbCommand (10ms) [Parameters=[@__portalId_0='?' (DbType = Int32)], CommandType='"Text"', CommandTimeout='30']
SELECT TOP(1) [p].[Id], [p].[Domain], [p].[Name]
FROM [Portal] AS [p]
WHERE [p].[Id] = @__portalId_0
2025-10-29 17:02:25.373 +07:00 [INF] Executed DbCommand (10ms) [Parameters=[@__types_3='?' (Size = 4000), @__allowCategorys_0='?' (Size = 4000), @__language_1='?' (Size = 10), @__portalId_2='?' (DbType = Int32)], CommandType='"Text"', CommandTimeout='30']
SELECT [l0].[Id], [l0].[Acction], [l0].[Area], [l0].[Changefreq], [l0].[Controller], [l0].[Delete], [l0].[Description], [l0].[FacebookBanner], [l0].[FacebookDescription], [l0].[FocusKeywords], [l0].[GooglePlusDescription], [l0].[IncludeSitemap], [l0].[IsStatic], [l0].[Keywords], [l0].[Language], [l0].[Lastmod], [l0].[MetaRobotsAdvance], [l0].[MetaRobotsFollow], [l0].[MetaRobotsIndex], [l0].[Name], [l0].[ObjectId], [l0].[Parrams], [l0].[PortalId], [l0].[Priority], [l0].[Redirect301], [l0].[Slug], [l0].[Status], [l0].[Title], [l0].[Type], [c].[Id], [c].[Banner], [c].[Content], [c].[Name], [c].[Language], [c].[Status], [c].[Order], [c].[ParentId], [c].[Type], [c].[Summary], [c].[Banner2], [c].[IsHome], [c].[PortalId]
FROM [Category] AS [c]
LEFT JOIN (
    SELECT [l].[Id], [l].[Acction], [l].[Area], [l].[Changefreq], [l].[Controller], [l].[Delete], [l].[Description], [l].[FacebookBanner], [l].[FacebookDescription], [l].[FocusKeywords], [l].[GooglePlusDescription], [l].[IncludeSitemap], [l].[IsStatic], [l].[Keywords], [l].[Language], [l].[Lastmod], [l].[MetaRobotsAdvance], [l].[MetaRobotsFollow], [l].[MetaRobotsIndex], [l].[Name], [l].[ObjectId], [l].[Parrams], [l].[PortalId], [l].[Priority], [l].[Redirect301], [l].[Slug], [l].[Status], [l].[Title], [l].[Type]
    FROM [Link] AS [l]
    WHERE [l].[Type] IN (
        SELECT [t].[value]
        FROM OPENJSON(@__types_3) WITH ([value] int '$') AS [t]
    ) AND [l].[Delete] = CAST(0 AS bit)
) AS [l0] ON [c].[Id] = [l0].[ObjectId]
WHERE [c].[Status] = CAST(1 AS bit) AND [c].[Type] IN (
    SELECT [a].[value]
    FROM OPENJSON(@__allowCategorys_0) WITH ([value] int '$') AS [a]
) AND [c].[Language] = @__language_1 AND [c].[PortalId] = @__portalId_2
2025-10-29 17:02:25.373 +07:00 [INF] Executing ViewResult, running view Create.
2025-10-29 17:02:25.384 +07:00 [INF] Executed DbCommand (9ms) [Parameters=[@__linkId_0='?' (DbType = Int32)], CommandType='"Text"', CommandTimeout='30']
SELECT [l].[Id], [l].[Acction], [l].[Area], [l].[Changefreq], [l].[Controller], [l].[Delete], [l].[Description], [l].[FacebookBanner], [l].[FacebookDescription], [l].[FocusKeywords], [l].[GooglePlusDescription], [l].[IncludeSitemap], [l].[IsStatic], [l].[Keywords], [l].[Language], [l].[Lastmod], [l].[MetaRobotsAdvance], [l].[MetaRobotsFollow], [l].[MetaRobotsIndex], [l].[Name], [l].[ObjectId], [l].[Parrams], [l].[PortalId], [l].[Priority], [l].[Redirect301], [l].[Slug], [l].[Status], [l].[Title], [l].[Type]
FROM [Link] AS [l]
WHERE EXISTS (
    SELECT 1
    FROM [LinkReference] AS [l0]
    WHERE [l0].[LinkId1] = @__linkId_0 AND [l0].[LinkId2] = [l].[Id]) AND [l].[Delete] = CAST(0 AS bit)
2025-10-29 17:02:25.389 +07:00 [INF] Executed ViewResult - view Create executed in 15.8493ms.
2025-10-29 17:02:25.389 +07:00 [INF] Executed action PT.BE.Areas.Manager.Controllers.BlogManagerController.Create (PT.UI) in 58.0109ms
2025-10-29 17:02:25.389 +07:00 [INF] Request finished HTTP/2 GET https://localhost:44372/Admin/Manager/BlogManager/Create?portalId=1&language=vi - 200 null text/html; charset=utf-8 59.3296ms
2025-10-29 17:02:25.419 +07:00 [INF] Request starting HTTP/2 POST https://localhost:44372/Admin/Manager/BlogManager/TreeCategory?language=vi&id=0&portalId=1 - null 0
2025-10-29 17:02:25.419 +07:00 [INF] Route matched with {area = "Manager", action = "TreeCategory", controller = "BlogManager"}. Executing controller action with signature System.Threading.Tasks.Task`1[System.Collections.Generic.List`1[PT.Domain.Model.TreeRoleModel]] TreeCategory(Int32, System.String, Int32) on controller PT.BE.Areas.Manager.Controllers.BlogManagerController (PT.UI).
2025-10-29 17:02:25.429 +07:00 [INF] Executed DbCommand (10ms) [Parameters=[@__id_0='?' (DbType = Int32)], CommandType='"Text"', CommandTimeout='30']
SELECT [c].[Id], [c].[CategoryId], [c].[ContentPageId]
FROM [ContentPageCategory] AS [c]
WHERE [c].[ContentPageId] = @__id_0
2025-10-29 17:02:25.440 +07:00 [INF] Executed DbCommand (10ms) [Parameters=[@__types_3='?' (Size = 4000), @__allowCategorys_0='?' (Size = 4000), @__language_1='?' (Size = 10), @__portalId_2='?' (DbType = Int32)], CommandType='"Text"', CommandTimeout='30']
SELECT [l0].[Id], [l0].[Acction], [l0].[Area], [l0].[Changefreq], [l0].[Controller], [l0].[Delete], [l0].[Description], [l0].[FacebookBanner], [l0].[FacebookDescription], [l0].[FocusKeywords], [l0].[GooglePlusDescription], [l0].[IncludeSitemap], [l0].[IsStatic], [l0].[Keywords], [l0].[Language], [l0].[Lastmod], [l0].[MetaRobotsAdvance], [l0].[MetaRobotsFollow], [l0].[MetaRobotsIndex], [l0].[Name], [l0].[ObjectId], [l0].[Parrams], [l0].[PortalId], [l0].[Priority], [l0].[Redirect301], [l0].[Slug], [l0].[Status], [l0].[Title], [l0].[Type], [c].[Id], [c].[Banner], [c].[Content], [c].[Name], [c].[Language], [c].[Status], [c].[Order], [c].[ParentId], [c].[Type], [c].[Summary], [c].[Banner2], [c].[IsHome], [c].[PortalId]
FROM [Category] AS [c]
LEFT JOIN (
    SELECT [l].[Id], [l].[Acction], [l].[Area], [l].[Changefreq], [l].[Controller], [l].[Delete], [l].[Description], [l].[FacebookBanner], [l].[FacebookDescription], [l].[FocusKeywords], [l].[GooglePlusDescription], [l].[IncludeSitemap], [l].[IsStatic], [l].[Keywords], [l].[Language], [l].[Lastmod], [l].[MetaRobotsAdvance], [l].[MetaRobotsFollow], [l].[MetaRobotsIndex], [l].[Name], [l].[ObjectId], [l].[Parrams], [l].[PortalId], [l].[Priority], [l].[Redirect301], [l].[Slug], [l].[Status], [l].[Title], [l].[Type]
    FROM [Link] AS [l]
    WHERE [l].[Type] IN (
        SELECT [t].[value]
        FROM OPENJSON(@__types_3) WITH ([value] int '$') AS [t]
    ) AND [l].[Delete] = CAST(0 AS bit)
) AS [l0] ON [c].[Id] = [l0].[ObjectId]
WHERE [c].[Status] = CAST(1 AS bit) AND [c].[Type] IN (
    SELECT [a].[value]
    FROM OPENJSON(@__allowCategorys_0) WITH ([value] int '$') AS [a]
) AND [c].[Language] = @__language_1 AND [c].[PortalId] = @__portalId_2
2025-10-29 17:02:25.440 +07:00 [INF] Executing ObjectResult, writing value of type 'System.Collections.Generic.List`1[[PT.Domain.Model.TreeRoleModel, PT.Domain, Version=1.0.0.0, Culture=neutral, PublicKeyToken=null]]'.
2025-10-29 17:02:25.441 +07:00 [INF] Executed action PT.BE.Areas.Manager.Controllers.BlogManagerController.TreeCategory (PT.UI) in 21.3901ms
2025-10-29 17:02:25.441 +07:00 [INF] Request finished HTTP/2 POST https://localhost:44372/Admin/Manager/BlogManager/TreeCategory?language=vi&id=0&portalId=1 - 200 null application/json; charset=utf-8 22.0954ms
